<?xml version="1.0"?>
<VTKFile type="UnstructuredGrid" version="0.1" byte_order="LittleEndian" header_type="UInt32" compressor="vtkZLibDataCompressor">
  <UnstructuredGrid>
    <Piece NumberOfPoints="939" NumberOfCells="1876">
      <PointData>
        <DataArray type="Int64" IdType="1" Name="vtkOriginalPointIds" format="ascii" RangeMin="0" RangeMax="938">
          0 1 2 3 4 5
          6 7 8 9 10 11
          12 13 14 15 16 17
          18 19 20 21 22 23
          24 25 26 27 28 29
          30 31 32 33 34 35
          36 37 38 39 40 41
          42 43 44 45 46 47
          48 49 50 51 52 53
          54 55 56 57 58 59
          60 61 62 63 64 65
          66 67 68 69 70 71
          72 73 74 75 76 77
          78 79 80 81 82 83
          84 85 86 87 88 89
          90 91 92 93 94 95
          96 97 98 99 100 101
          102 103 104 105 106 107
          108 109 110 111 112 113
          114 115 116 117 118 119
          120 121 122 123 124 125
          126 127 128 129 130 131
          132 133 134 135 136 137
          138 139 140 141 142 143
          144 145 146 147 148 149
          150 151 152 153 154 155
          156 157 158 159 160 161
          162 163 164 165 166 167
          168 169 170 171 172 173
          174 175 176 177 178 179
          180 181 182 183 184 185
          186 187 188 189 190 191
          192 193 194 195 196 197
          198 199 200 201 202 203
          204 205 206 207 208 209
          210 211 212 213 214 215
          216 217 218 219 220 221
          222 223 224 225 226 227
          228 229 230 231 232 233
          234 235 236 237 238 239
          240 241 242 243 244 245
          246 247 248 249 250 251
          252 253 254 255 256 257
          258 259 260 261 262 263
          264 265 266 267 268 269
          270 271 272 273 274 275
          276 277 278 279 280 281
          282 283 284 285 286 287
          288 289 290 291 292 293
          294 295 296 297 298 299
          300 301 302 303 304 305
          306 307 308 309 310 311
          312 313 314 315 316 317
          318 319 320 321 322 323
          324 325 326 327 328 329
          330 331 332 333 334 335
          336 337 338 339 340 341
          342 343 344 345 346 347
          348 349 350 351 352 353
          354 355 356 357 358 359
          360 361 362 363 364 365
          366 367 368 369 370 371
          372 373 374 375 376 377
          378 379 380 381 382 383
          384 385 386 387 388 389
          390 391 392 393 394 395
          396 397 398 399 400 401
          402 403 404 405 406 407
          408 409 410 411 412 413
          414 415 416 417 418 419
          420 421 422 423 424 425
          426 427 428 429 430 431
          432 433 434 435 436 437
          438 439 440 441 442 443
          444 445 446 447 448 449
          450 451 452 453 454 455
          456 457 458 459 460 461
          462 463 464 465 466 467
          468 469 470 471 472 473
          474 475 476 477 478 479
          480 481 482 483 484 485
          486 487 488 489 490 491
          492 493 494 495 496 497
          498 499 500 501 502 503
          504 505 506 507 508 509
          510 511 512 513 514 515
          516 517 518 519 520 521
          522 523 524 525 526 527
          528 529 530 531 532 533
          534 535 536 537 538 539
          540 541 542 543 544 545
          546 547 548 549 550 551
          552 553 554 555 556 557
          558 559 560 561 562 563
          564 565 566 567 568 569
          570 571 572 573 574 575
          576 577 578 579 580 581
          582 583 584 585 586 587
          588 589 590 591 592 593
          594 595 596 597 598 599
          600 601 602 603 604 605
          606 607 608 609 610 611
          612 613 614 615 616 617
          618 619 620 621 622 623
          624 625 626 627 628 629
          630 631 632 633 634 635
          636 637 638 639 640 641
          642 643 644 645 646 647
          648 649 650 651 652 653
          654 655 656 657 658 659
          660 661 662 663 664 665
          666 667 668 669 670 671
          672 673 674 675 676 677
          678 679 680 681 682 683
          684 685 686 687 688 689
          690 691 692 693 694 695
          696 697 698 699 700 701
          702 703 704 705 706 707
          708 709 710 711 712 713
          714 715 716 717 718 719
          720 721 722 723 724 725
          726 727 728 729 730 731
          732 733 734 735 736 737
          738 739 740 741 742 743
          744 745 746 747 748 749
          750 751 752 753 754 755
          756 757 758 759 760 761
          762 763 764 765 766 767
          768 769 770 771 772 773
          774 775 776 777 778 779
          780 781 782 783 784 785
          786 787 788 789 790 791
          792 793 794 795 796 797
          798 799 800 801 802 803
          804 805 806 807 808 809
          810 811 812 813 814 815
          816 817 818 819 820 821
          822 823 824 825 826 827
          828 829 830 831 832 833
          834 835 836 837 838 839
          840 841 842 843 844 845
          846 847 848 849 850 851
          852 853 854 855 856 857
          858 859 860 861 862 863
          864 865 866 867 868 869
          870 871 872 873 874 875
          876 877 878 879 880 881
          882 883 884 885 886 887
          888 889 890 891 892 893
          894 895 896 897 898 899
          900 901 902 903 904 905
          906 907 908 909 910 911
          912 913 914 915 916 917
          918 919 920 921 922 923
          924 925 926 927 928 929
          930 931 932 933 934 935
          936 937 938
        </DataArray>
      </PointData>
      <CellData Scalars="permeability_py">
        <DataArray type="Int64" IdType="1" Name="vtkOriginalCellIds" format="ascii" RangeMin="5" RangeMax="1880">
          5 6 7 8 9 10
          11 12 13 14 15 16
          17 18 19 20 21 22
          23 24 25 26 27 28
          29 30 31 32 33 34
          35 36 37 38 39 40
          41 42 43 44 45 46
          47 48 49 50 51 52
          53 54 55 56 57 58
          59 60 61 62 63 64
          65 66 67 68 69 70
          71 72 73 74 75 76
          77 78 79 80 81 82
          83 84 85 86 87 88
          89 90 91 92 93 94
          95 96 97 98 99 100
          101 102 103 104 105 106
          107 108 109 110 111 112
          113 114 115 116 117 118
          119 120 121 122 123 124
          125 126 127 128 129 130
          131 132 133 134 135 136
          137 138 139 140 141 142
          143 144 145 146 147 148
          149 150 151 152 153 154
          155 156 157 158 159 160
          161 162 163 164 165 166
          167 168 169 170 171 172
          173 174 175 176 177 178
          179 180 181 182 183 184
          185 186 187 188 189 190
          191 192 193 194 195 196
          197 198 199 200 201 202
          203 204 205 206 207 208
          209 210 211 212 213 214
          215 216 217 218 219 220
          221 222 223 224 225 226
          227 228 229 230 231 232
          233 234 235 236 237 238
          239 240 241 242 243 244
          245 246 247 248 249 250
          251 252 253 254 255 256
          257 258 259 260 261 262
          263 264 265 266 267 268
          269 270 271 272 273 274
          275 276 277 278 279 280
          281 282 283 284 285 286
          287 288 289 290 291 292
          293 294 295 296 297 298
          299 300 301 302 303 304
          305 306 307 308 309 310
          311 312 313 314 315 316
          317 318 319 320 321 322
          323 324 325 326 327 328
          329 330 331 332 333 334
          335 336 337 338 339 340
          341 342 343 344 345 346
          347 348 349 350 351 352
          353 354 355 356 357 358
          359 360 361 362 363 364
          365 366 367 368 369 370
          371 372 373 374 375 376
          377 378 379 380 381 382
          383 384 385 386 387 388
          389 390 391 392 393 394
          395 396 397 398 399 400
          401 402 403 404 405 406
          407 408 409 410 411 412
          413 414 415 416 417 418
          419 420 421 422 423 424
          425 426 427 428 429 430
          431 432 433 434 435 436
          437 438 439 440 441 442
          443 444 445 446 447 448
          449 450 451 452 453 454
          455 456 457 458 459 460
          461 462 463 464 465 466
          467 468 469 470 471 472
          473 474 475 476 477 478
          479 480 481 482 483 484
          485 486 487 488 489 490
          491 492 493 494 495 496
          497 498 499 500 501 502
          503 504 505 506 507 508
          509 510 511 512 513 514
          515 516 517 518 519 520
          521 522 523 524 525 526
          527 528 529 530 531 532
          533 534 535 536 537 538
          539 540 541 542 543 544
          545 546 547 548 549 550
          551 552 553 554 555 556
          557 558 559 560 561 562
          563 564 565 566 567 568
          569 570 571 572 573 574
          575 576 577 578 579 580
          581 582 583 584 585 586
          587 588 589 590 591 592
          593 594 595 596 597 598
          599 600 601 602 603 604
          605 606 607 608 609 610
          611 612 613 614 615 616
          617 618 619 620 621 622
          623 624 625 626 627 628
          629 630 631 632 633 634
          635 636 637 638 639 640
          641 642 643 644 645 646
          647 648 649 650 651 652
          653 654 655 656 657 658
          659 660 661 662 663 664
          665 666 667 668 669 670
          671 672 673 674 675 676
          677 678 679 680 681 682
          683 684 685 686 687 688
          689 690 691 692 693 694
          695 696 697 698 699 700
          701 702 703 704 705 706
          707 708 709 710 711 712
          713 714 715 716 717 718
          719 720 721 722 723 724
          725 726 727 728 729 730
          731 732 733 734 735 736
          737 738 739 740 741 742
          743 744 745 746 747 748
          749 750 751 752 753 754
          755 756 757 758 759 760
          761 762 763 764 765 766
          767 768 769 770 771 772
          773 774 775 776 777 778
          779 780 781 782 783 784
          785 786 787 788 789 790
          791 792 793 794 795 796
          797 798 799 800 801 802
          803 804 805 806 807 808
          809 810 811 812 813 814
          815 816 817 818 819 820
          821 822 823 824 825 826
          827 828 829 830 831 832
          833 834 835 836 837 838
          839 840 841 842 843 844
          845 846 847 848 849 850
          851 852 853 854 855 856
          857 858 859 860 861 862
          863 864 865 866 867 868
          869 870 871 872 873 874
          875 876 877 878 879 880
          881 882 883 884 885 886
          887 888 889 890 891 892
          893 894 895 896 897 898
          899 900 901 902 903 904
          905 906 907 908 909 910
          911 912 913 914 915 916
          917 918 919 920 921 922
          923 924 925 926 927 928
          929 930 931 932 933 934
          935 936 937 938 939 940
          941 942 943 944 945 946
          947 948 949 950 951 952
          953 954 955 956 957 958
          959 960 961 962 963 964
          965 966 967 968 969 970
          971 972 973 974 975 976
          977 978 979 980 981 982
          983 984 985 986 987 988
          989 990 991 992 993 994
          995 996 997 998 999 1000
          1001 1002 1003 1004 1005 1006
          1007 1008 1009 1010 1011 1012
          1013 1014 1015 1016 1017 1018
          1019 1020 1021 1022 1023 1024
          1025 1026 1027 1028 1029 1030
          1031 1032 1033 1034 1035 1036
          1037 1038 1039 1040 1041 1042
          1043 1044 1045 1046 1047 1048
          1049 1050 1051 1052 1053 1054
          1055 1056 1057 1058 1059 1060
          1061 1062 1063 1064 1065 1066
          1067 1068 1069 1070 1071 1072
          1073 1074 1075 1076 1077 1078
          1079 1080 1081 1082 1083 1084
          1085 1086 1087 1088 1089 1090
          1091 1092 1093 1094 1095 1096
          1097 1098 1099 1100 1101 1102
          1103 1104 1105 1106 1107 1108
          1109 1110 1111 1112 1113 1114
          1115 1116 1117 1118 1119 1120
          1121 1122 1123 1124 1125 1126
          1127 1128 1129 1130 1131 1132
          1133 1134 1135 1136 1137 1138
          1139 1140 1141 1142 1143 1144
          1145 1146 1147 1148 1149 1150
          1151 1152 1153 1154 1155 1156
          1157 1158 1159 1160 1161 1162
          1163 1164 1165 1166 1167 1168
          1169 1170 1171 1172 1173 1174
          1175 1176 1177 1178 1179 1180
          1181 1182 1183 1184 1185 1186
          1187 1188 1189 1190 1191 1192
          1193 1194 1195 1196 1197 1198
          1199 1200 1201 1202 1203 1204
          1205 1206 1207 1208 1209 1210
          1211 1212 1213 1214 1215 1216
          1217 1218 1219 1220 1221 1222
          1223 1224 1225 1226 1227 1228
          1229 1230 1231 1232 1233 1234
          1235 1236 1237 1238 1239 1240
          1241 1242 1243 1244 1245 1246
          1247 1248 1249 1250 1251 1252
          1253 1254 1255 1256 1257 1258
          1259 1260 1261 1262 1263 1264
          1265 1266 1267 1268 1269 1270
          1271 1272 1273 1274 1275 1276
          1277 1278 1279 1280 1281 1282
          1283 1284 1285 1286 1287 1288
          1289 1290 1291 1292 1293 1294
          1295 1296 1297 1298 1299 1300
          1301 1302 1303 1304 1305 1306
          1307 1308 1309 1310 1311 1312
          1313 1314 1315 1316 1317 1318
          1319 1320 1321 1322 1323 1324
          1325 1326 1327 1328 1329 1330
          1331 1332 1333 1334 1335 1336
          1337 1338 1339 1340 1341 1342
          1343 1344 1345 1346 1347 1348
          1349 1350 1351 1352 1353 1354
          1355 1356 1357 1358 1359 1360
          1361 1362 1363 1364 1365 1366
          1367 1368 1369 1370 1371 1372
          1373 1374 1375 1376 1377 1378
          1379 1380 1381 1382 1383 1384
          1385 1386 1387 1388 1389 1390
          1391 1392 1393 1394 1395 1396
          1397 1398 1399 1400 1401 1402
          1403 1404 1405 1406 1407 1408
          1409 1410 1411 1412 1413 1414
          1415 1416 1417 1418 1419 1420
          1421 1422 1423 1424 1425 1426
          1427 1428 1429 1430 1431 1432
          1433 1434 1435 1436 1437 1438
          1439 1440 1441 1442 1443 1444
          1445 1446 1447 1448 1449 1450
          1451 1452 1453 1454 1455 1456
          1457 1458 1459 1460 1461 1462
          1463 1464 1465 1466 1467 1468
          1469 1470 1471 1472 1473 1474
          1475 1476 1477 1478 1479 1480
          1481 1482 1483 1484 1485 1486
          1487 1488 1489 1490 1491 1492
          1493 1494 1495 1496 1497 1498
          1499 1500 1501 1502 1503 1504
          1505 1506 1507 1508 1509 1510
          1511 1512 1513 1514 1515 1516
          1517 1518 1519 1520 1521 1522
          1523 1524 1525 1526 1527 1528
          1529 1530 1531 1532 1533 1534
          1535 1536 1537 1538 1539 1540
          1541 1542 1543 1544 1545 1546
          1547 1548 1549 1550 1551 1552
          1553 1554 1555 1556 1557 1558
          1559 1560 1561 1562 1563 1564
          1565 1566 1567 1568 1569 1570
          1571 1572 1573 1574 1575 1576
          1577 1578 1579 1580 1581 1582
          1583 1584 1585 1586 1587 1588
          1589 1590 1591 1592 1593 1594
          1595 1596 1597 1598 1599 1600
          1601 1602 1603 1604 1605 1606
          1607 1608 1609 1610 1611 1612
          1613 1614 1615 1616 1617 1618
          1619 1620 1621 1622 1623 1624
          1625 1626 1627 1628 1629 1630
          1631 1632 1633 1634 1635 1636
          1637 1638 1639 1640 1641 1642
          1643 1644 1645 1646 1647 1648
          1649 1650 1651 1652 1653 1654
          1655 1656 1657 1658 1659 1660
          1661 1662 1663 1664 1665 1666
          1667 1668 1669 1670 1671 1672
          1673 1674 1675 1676 1677 1678
          1679 1680 1681 1682 1683 1684
          1685 1686 1687 1688 1689 1690
          1691 1692 1693 1694 1695 1696
          1697 1698 1699 1700 1701 1702
          1703 1704 1705 1706 1707 1708
          1709 1710 1711 1712 1713 1714
          1715 1716 1717 1718 1719 1720
          1721 1722 1723 1724 1725 1726
          1727 1728 1729 1730 1731 1732
          1733 1734 1735 1736 1737 1738
          1739 1740 1741 1742 1743 1744
          1745 1746 1747 1748 1749 1750
          1751 1752 1753 1754 1755 1756
          1757 1758 1759 1760 1761 1762
          1763 1764 1765 1766 1767 1768
          1769 1770 1771 1772 1773 1774
          1775 1776 1777 1778 1779 1780
          1781 1782 1783 1784 1785 1786
          1787 1788 1789 1790 1791 1792
          1793 1794 1795 1796 1797 1798
          1799 1800 1801 1802 1803 1804
          1805 1806 1807 1808 1809 1810
          1811 1812 1813 1814 1815 1816
          1817 1818 1819 1820 1821 1822
          1823 1824 1825 1826 1827 1828
          1829 1830 1831 1832 1833 1834
          1835 1836 1837 1838 1839 1840
          1841 1842 1843 1844 1845 1846
          1847 1848 1849 1850 1851 1852
          1853 1854 1855 1856 1857 1858
          1859 1860 1861 1862 1863 1864
          1865 1866 1867 1868 1869 1870
          1871 1872 1873 1874 1875 1876
          1877 1878 1879 1880
        </DataArray>
        <DataArray type="Float64" Name="permeability_py" format="ascii" RangeMin="1e-14" RangeMax="1e-14">
          1e-14 1e-14 1e-14 1e-14 1e-14 1e-14
          1e-14 1e-14 1e-14 1e-14 1e-14 1e-14
          1e-14 1e-14 1e-14 1e-14 1e-14 1e-14
          1e-14 1e-14 1e-14 1e-14 1e-14 1e-14
          1e-14 1e-14 1e-14 1e-14 1e-14 1e-14
          1e-14 1e-14 1e-14 1e-14 1e-14 1e-14
          1e-14 1e-14 1e-14 1e-14 1e-14 1e-14
          1e-14 1e-14 1e-14 1e-14 1e-14 1e-14
          1e-14 1e-14 1e-14 1e-14 1e-14 1e-14
          1e-14 1e-14 1e-14 1e-14 1e-14 1e-14
          1e-14 1e-14 1e-14 1e-14 1e-14 1e-14
          1e-14 1e-14 1e-14 1e-14 1e-14 1e-14
          1e-14 1e-14 1e-14 1e-14 1e-14 1e-14
          1e-14 1e-14 1e-14 1e-14 1e-14 1e-14
          1e-14 1e-14 1e-14 1e-14 1e-14 1e-14
          1e-14 1e-14 1e-14 1e-14 1e-14 1e-14
          1e-14 1e-14 1e-14 1e-14 1e-14 1e-14
          1e-14 1e-14 1e-14 1e-14 1e-14 1e-14
          1e-14 1e-14 1e-14 1e-14 1e-14 1e-14
          1e-14 1e-14 1e-14 1e-14 1e-14 1e-14
          1e-14 1e-14 1e-14 1e-14 1e-14 1e-14
          1e-14 1e-14 1e-14 1e-14 1e-14 1e-14
          1e-14 1e-14 1e-14 1e-14 1e-14 1e-14
          1e-14 1e-14 1e-14 1e-14 1e-14 1e-14
          1e-14 1e-14 1e-14 1e-14 1e-14 1e-14
          1e-14 1e-14 1e-14 1e-14 1e-14 1e-14
          1e-14 1e-14 1e-14 1e-14 1e-14 1e-14
          1e-14 1e-14 1e-14 1e-14 1e-14 1e-14
          1e-14 1e-14 1e-14 1e-14 1e-14 1e-14
          1e-14 1e-14 1e-14 1e-14 1e-14 1e-14
          1e-14 1e-14 1e-14 1e-14 1e-14 1e-14
          1e-14 1e-14 1e-14 1e-14 1e-14 1e-14
          1e-14 1e-14 1e-14 1e-14 1e-14 1e-14
          1e-14 1e-14 1e-14 1e-14 1e-14 1e-14
          1e-14 1e-14 1e-14 1e-14 1e-14 1e-14
          1e-14 1e-14 1e-14 1e-14 1e-14 1e-14
          1e-14 1e-14 1e-14 1e-14 1e-14 1e-14
          1e-14 1e-14 1e-14 1e-14 1e-14 1e-14
          1e-14 1e-14 1e-14 1e-14 1e-14 1e-14
          1e-14 1e-14 1e-14 1e-14 1e-14 1e-14
          1e-14 1e-14 1e-14 1e-14 1e-14 1e-14
          1e-14 1e-14 1e-14 1e-14 1e-14 1e-14
          1e-14 1e-14 1e-14 1e-14 1e-14 1e-14
          1e-14 1e-14 1e-14 1e-14 1e-14 1e-14
          1e-14 1e-14 1e-14 1e-14 1e-14 1e-14
          1e-14 1e-14 1e-14 1e-14 1e-14 1e-14
          1e-14 1e-14 1e-14 1e-14 1e-14 1e-14
          1e-14 1e-14 1e-14 1e-14 1e-14 1e-14
          1e-14 1e-14 1e-14 1e-14 1e-14 1e-14
          1e-14 1e-14 1e-14 1e-14 1e-14 1e-14
          1e-14 1e-14 1e-14 1e-14 1e-14 1e-14
          1e-14 1e-14 1e-14 1e-14 1e-14 1e-14
          1e-14 1e-14 1e-14 1e-14 1e-14 1e-14
          1e-14 1e-14 1e-14 1e-14 1e-14 1e-14
          1e-14 1e-14 1e-14 1e-14 1e-14 1e-14
          1e-14 1e-14 1e-14 1e-14 1e-14 1e-14
          1e-14 1e-14 1e-14 1e-14 1e-14 1e-14
          1e-14 1e-14 1e-14 1e-14 1e-14 1e-14
          1e-14 1e-14 1e-14 1e-14 1e-14 1e-14
          1e-14 1e-14 1e-14 1e-14 1e-14 1e-14
          1e-14 1e-14 1e-14 1e-14 1e-14 1e-14
          1e-14 1e-14 1e-14 1e-14 1e-14 1e-14
          1e-14 1e-14 1e-14 1e-14 1e-14 1e-14
          1e-14 1e-14 1e-14 1e-14 1e-14 1e-14
          1e-14 1e-14 1e-14 1e-14 1e-14 1e-14
          1e-14 1e-14 1e-14 1e-14 1e-14 1e-14
          1e-14 1e-14 1e-14 1e-14 1e-14 1e-14
          1e-14 1e-14 1e-14 1e-14 1e-14 1e-14
          1e-14 1e-14 1e-14 1e-14 1e-14 1e-14
          1e-14 1e-14 1e-14 1e-14 1e-14 1e-14
          1e-14 1e-14 1e-14 1e-14 1e-14 1e-14
          1e-14 1e-14 1e-14 1e-14 1e-14 1e-14
          1e-14 1e-14 1e-14 1e-14 1e-14 1e-14
          1e-14 1e-14 1e-14 1e-14 1e-14 1e-14
          1e-14 1e-14 1e-14 1e-14 1e-14 1e-14
          1e-14 1e-14 1e-14 1e-14 1e-14 1e-14
          1e-14 1e-14 1e-14 1e-14 1e-14 1e-14
          1e-14 1e-14 1e-14 1e-14 1e-14 1e-14
          1e-14 1e-14 1e-14 1e-14 1e-14 1e-14
          1e-14 1e-14 1e-14 1e-14 1e-14 1e-14
          1e-14 1e-14 1e-14 1e-14 1e-14 1e-14
          1e-14 1e-14 1e-14 1e-14 1e-14 1e-14
          1e-14 1e-14 1e-14 1e-14 1e-14 1e-14
          1e-14 1e-14 1e-14 1e-14 1e-14 1e-14
          1e-14 1e-14 1e-14 1e-14 1e-14 1e-14
          1e-14 1e-14 1e-14 1e-14 1e-14 1e-14
          1e-14 1e-14 1e-14 1e-14 1e-14 1e-14
          1e-14 1e-14 1e-14 1e-14 1e-14 1e-14
          1e-14 1e-14 1e-14 1e-14 1e-14 1e-14
          1e-14 1e-14 1e-14 1e-14 1e-14 1e-14
          1e-14 1e-14 1e-14 1e-14 1e-14 1e-14
          1e-14 1e-14 1e-14 1e-14 1e-14 1e-14
          1e-14 1e-14 1e-14 1e-14 1e-14 1e-14
          1e-14 1e-14 1e-14 1e-14 1e-14 1e-14
          1e-14 1e-14 1e-14 1e-14 1e-14 1e-14
          1e-14 1e-14 1e-14 1e-14 1e-14 1e-14
          1e-14 1e-14 1e-14 1e-14 1e-14 1e-14
          1e-14 1e-14 1e-14 1e-14 1e-14 1e-14
          1e-14 1e-14 1e-14 1e-14 1e-14 1e-14
          1e-14 1e-14 1e-14 1e-14 1e-14 1e-14
          1e-14 1e-14 1e-14 1e-14 1e-14 1e-14
          1e-14 1e-14 1e-14 1e-14 1e-14 1e-14
          1e-14 1e-14 1e-14 1e-14 1e-14 1e-14
          1e-14 1e-14 1e-14 1e-14 1e-14 1e-14
          1e-14 1e-14 1e-14 1e-14 1e-14 1e-14
          1e-14 1e-14 1e-14 1e-14 1e-14 1e-14
          1e-14 1e-14 1e-14 1e-14 1e-14 1e-14
          1e-14 1e-14 1e-14 1e-14 1e-14 1e-14
          1e-14 1e-14 1e-14 1e-14 1e-14 1e-14
          1e-14 1e-14 1e-14 1e-14 1e-14 1e-14
          1e-14 1e-14 1e-14 1e-14 1e-14 1e-14
          1e-14 1e-14 1e-14 1e-14 1e-14 1e-14
          1e-14 1e-14 1e-14 1e-14 1e-14 1e-14
          1e-14 1e-14 1e-14 1e-14 1e-14 1e-14
          1e-14 1e-14 1e-14 1e-14 1e-14 1e-14
          1e-14 1e-14 1e-14 1e-14 1e-14 1e-14
          1e-14 1e-14 1e-14 1e-14 1e-14 1e-14
          1e-14 1e-14 1e-14 1e-14 1e-14 1e-14
          1e-14 1e-14 1e-14 1e-14 1e-14 1e-14
          1e-14 1e-14 1e-14 1e-14 1e-14 1e-14
          1e-14 1e-14 1e-14 1e-14 1e-14 1e-14
          1e-14 1e-14 1e-14 1e-14 1e-14 1e-14
          1e-14 1e-14 1e-14 1e-14 1e-14 1e-14
          1e-14 1e-14 1e-14 1e-14 1e-14 1e-14
          1e-14 1e-14 1e-14 1e-14 1e-14 1e-14
          1e-14 1e-14 1e-14 1e-14 1e-14 1e-14
          1e-14 1e-14 1e-14 1e-14 1e-14 1e-14
          1e-14 1e-14 1e-14 1e-14 1e-14 1e-14
          1e-14 1e-14 1e-14 1e-14 1e-14 1e-14
          1e-14 1e-14 1e-14 1e-14 1e-14 1e-14
          1e-14 1e-14 1e-14 1e-14 1e-14 1e-14
          1e-14 1e-14 1e-14 1e-14 1e-14 1e-14
          1e-14 1e-14 1e-14 1e-14 1e-14 1e-14
          1e-14 1e-14 1e-14 1e-14 1e-14 1e-14
          1e-14 1e-14 1e-14 1e-14 1e-14 1e-14
          1e-14 1e-14 1e-14 1e-14 1e-14 1e-14
          1e-14 1e-14 1e-14 1e-14 1e-14 1e-14
          1e-14 1e-14 1e-14 1e-14 1e-14 1e-14
          1e-14 1e-14 1e-14 1e-14 1e-14 1e-14
          1e-14 1e-14 1e-14 1e-14 1e-14 1e-14
          1e-14 1e-14 1e-14 1e-14 1e-14 1e-14
          1e-14 1e-14 1e-14 1e-14 1e-14 1e-14
          1e-14 1e-14 1e-14 1e-14 1e-14 1e-14
          1e-14 1e-14 1e-14 1e-14 1e-14 1e-14
          1e-14 1e-14 1e-14 1e-14 1e-14 1e-14
          1e-14 1e-14 1e-14 1e-14 1e-14 1e-14
          1e-14 1e-14 1e-14 1e-14 1e-14 1e-14
          1e-14 1e-14 1e-14 1e-14 1e-14 1e-14
          1e-14 1e-14 1e-14 1e-14 1e-14 1e-14
          1e-14 1e-14 1e-14 1e-14 1e-14 1e-14
          1e-14 1e-14 1e-14 1e-14 1e-14 1e-14
          1e-14 1e-14 1e-14 1e-14 1e-14 1e-14
          1e-14 1e-14 1e-14 1e-14 1e-14 1e-14
          1e-14 1e-14 1e-14 1e-14 1e-14 1e-14
          1e-14 1e-14 1e-14 1e-14 1e-14 1e-14
          1e-14 1e-14 1e-14 1e-14 1e-14 1e-14
          1e-14 1e-14 1e-14 1e-14 1e-14 1e-14
          1e-14 1e-14 1e-14 1e-14 1e-14 1e-14
          1e-14 1e-14 1e-14 1e-14 1e-14 1e-14
          1e-14 1e-14 1e-14 1e-14 1e-14 1e-14
          1e-14 1e-14 1e-14 1e-14 1e-14 1e-14
          1e-14 1e-14 1e-14 1e-14 1e-14 1e-14
          1e-14 1e-14 1e-14 1e-14 1e-14 1e-14
          1e-14 1e-14 1e-14 1e-14 1e-14 1e-14
          1e-14 1e-14 1e-14 1e-14 1e-14 1e-14
          1e-14 1e-14 1e-14 1e-14 1e-14 1e-14
          1e-14 1e-14 1e-14 1e-14 1e-14 1e-14
          1e-14 1e-14 1e-14 1e-14 1e-14 1e-14
          1e-14 1e-14 1e-14 1e-14 1e-14 1e-14
          1e-14 1e-14 1e-14 1e-14 1e-14 1e-14
          1e-14 1e-14 1e-14 1e-14 1e-14 1e-14
          1e-14 1e-14 1e-14 1e-14 1e-14 1e-14
          1e-14 1e-14 1e-14 1e-14 1e-14 1e-14
          1e-14 1e-14 1e-14 1e-14 1e-14 1e-14
          1e-14 1e-14 1e-14 1e-14 1e-14 1e-14
          1e-14 1e-14 1e-14 1e-14 1e-14 1e-14
          1e-14 1e-14 1e-14 1e-14 1e-14 1e-14
          1e-14 1e-14 1e-14 1e-14 1e-14 1e-14
          1e-14 1e-14 1e-14 1e-14 1e-14 1e-14
          1e-14 1e-14 1e-14 1e-14 1e-14 1e-14
          1e-14 1e-14 1e-14 1e-14 1e-14 1e-14
          1e-14 1e-14 1e-14 1e-14 1e-14 1e-14
          1e-14 1e-14 1e-14 1e-14 1e-14 1e-14
          1e-14 1e-14 1e-14 1e-14 1e-14 1e-14
          1e-14 1e-14 1e-14 1e-14 1e-14 1e-14
          1e-14 1e-14 1e-14 1e-14 1e-14 1e-14
          1e-14 1e-14 1e-14 1e-14 1e-14 1e-14
          1e-14 1e-14 1e-14 1e-14 1e-14 1e-14
          1e-14 1e-14 1e-14 1e-14 1e-14 1e-14
          1e-14 1e-14 1e-14 1e-14 1e-14 1e-14
          1e-14 1e-14 1e-14 1e-14 1e-14 1e-14
          1e-14 1e-14 1e-14 1e-14 1e-14 1e-14
          1e-14 1e-14 1e-14 1e-14 1e-14 1e-14
          1e-14 1e-14 1e-14 1e-14 1e-14 1e-14
          1e-14 1e-14 1e-14 1e-14 1e-14 1e-14
          1e-14 1e-14 1e-14 1e-14 1e-14 1e-14
          1e-14 1e-14 1e-14 1e-14 1e-14 1e-14
          1e-14 1e-14 1e-14 1e-14 1e-14 1e-14
          1e-14 1e-14 1e-14 1e-14 1e-14 1e-14
          1e-14 1e-14 1e-14 1e-14 1e-14 1e-14
          1e-14 1e-14 1e-14 1e-14 1e-14 1e-14
          1e-14 1e-14 1e-14 1e-14 1e-14 1e-14
          1e-14 1e-14 1e-14 1e-14 1e-14 1e-14
          1e-14 1e-14 1e-14 1e-14 1e-14 1e-14
          1e-14 1e-14 1e-14 1e-14 1e-14 1e-14
          1e-14 1e-14 1e-14 1e-14 1e-14 1e-14
          1e-14 1e-14 1e-14 1e-14 1e-14 1e-14
          1e-14 1e-14 1e-14 1e-14 1e-14 1e-14
          1e-14 1e-14 1e-14 1e-14 1e-14 1e-14
          1e-14 1e-14 1e-14 1e-14 1e-14 1e-14
          1e-14 1e-14 1e-14 1e-14 1e-14 1e-14
          1e-14 1e-14 1e-14 1e-14 1e-14 1e-14
          1e-14 1e-14 1e-14 1e-14 1e-14 1e-14
          1e-14 1e-14 1e-14 1e-14 1e-14 1e-14
          1e-14 1e-14 1e-14 1e-14 1e-14 1e-14
          1e-14 1e-14 1e-14 1e-14 1e-14 1e-14
          1e-14 1e-14 1e-14 1e-14 1e-14 1e-14
          1e-14 1e-14 1e-14 1e-14 1e-14 1e-14
          1e-14 1e-14 1e-14 1e-14 1e-14 1e-14
          1e-14 1e-14 1e-14 1e-14 1e-14 1e-14
          1e-14 1e-14 1e-14 1e-14 1e-14 1e-14
          1e-14 1e-14 1e-14 1e-14 1e-14 1e-14
          1e-14 1e-14 1e-14 1e-14 1e-14 1e-14
          1e-14 1e-14 1e-14 1e-14 1e-14 1e-14
          1e-14 1e-14 1e-14 1e-14 1e-14 1e-14
          1e-14 1e-14 1e-14 1e-14 1e-14 1e-14
          1e-14 1e-14 1e-14 1e-14 1e-14 1e-14
          1e-14 1e-14 1e-14 1e-14 1e-14 1e-14
          1e-14 1e-14 1e-14 1e-14 1e-14 1e-14
          1e-14 1e-14 1e-14 1e-14 1e-14 1e-14
          1e-14 1e-14 1e-14 1e-14 1e-14 1e-14
          1e-14 1e-14 1e-14 1e-14 1e-14 1e-14
          1e-14 1e-14 1e-14 1e-14 1e-14 1e-14
          1e-14 1e-14 1e-14 1e-14 1e-14 1e-14
          1e-14 1e-14 1e-14 1e-14 1e-14 1e-14
          1e-14 1e-14 1e-14 1e-14 1e-14 1e-14
          1e-14 1e-14 1e-14 1e-14 1e-14 1e-14
          1e-14 1e-14 1e-14 1e-14 1e-14 1e-14
          1e-14 1e-14 1e-14 1e-14 1e-14 1e-14
          1e-14 1e-14 1e-14 1e-14 1e-14 1e-14
          1e-14 1e-14 1e-14 1e-14 1e-14 1e-14
          1e-14 1e-14 1e-14 1e-14 1e-14 1e-14
          1e-14 1e-14 1e-14 1e-14 1e-14 1e-14
          1e-14 1e-14 1e-14 1e-14 1e-14 1e-14
          1e-14 1e-14 1e-14 1e-14 1e-14 1e-14
          1e-14 1e-14 1e-14 1e-14 1e-14 1e-14
          1e-14 1e-14 1e-14 1e-14 1e-14 1e-14
          1e-14 1e-14 1e-14 1e-14 1e-14 1e-14
          1e-14 1e-14 1e-14 1e-14 1e-14 1e-14
          1e-14 1e-14 1e-14 1e-14 1e-14 1e-14
          1e-14 1e-14 1e-14 1e-14 1e-14 1e-14
          1e-14 1e-14 1e-14 1e-14 1e-14 1e-14
          1e-14 1e-14 1e-14 1e-14 1e-14 1e-14
          1e-14 1e-14 1e-14 1e-14 1e-14 1e-14
          1e-14 1e-14 1e-14 1e-14 1e-14 1e-14
          1e-14 1e-14 1e-14 1e-14 1e-14 1e-14
          1e-14 1e-14 1e-14 1e-14 1e-14 1e-14
          1e-14 1e-14 1e-14 1e-14 1e-14 1e-14
          1e-14 1e-14 1e-14 1e-14 1e-14 1e-14
          1e-14 1e-14 1e-14 1e-14 1e-14 1e-14
          1e-14 1e-14 1e-14 1e-14 1e-14 1e-14
          1e-14 1e-14 1e-14 1e-14 1e-14 1e-14
          1e-14 1e-14 1e-14 1e-14 1e-14 1e-14
          1e-14 1e-14 1e-14 1e-14 1e-14 1e-14
          1e-14 1e-14 1e-14 1e-14 1e-14 1e-14
          1e-14 1e-14 1e-14 1e-14 1e-14 1e-14
          1e-14 1e-14 1e-14 1e-14 1e-14 1e-14
          1e-14 1e-14 1e-14 1e-14 1e-14 1e-14
          1e-14 1e-14 1e-14 1e-14 1e-14 1e-14
          1e-14 1e-14 1e-14 1e-14 1e-14 1e-14
          1e-14 1e-14 1e-14 1e-14 1e-14 1e-14
          1e-14 1e-14 1e-14 1e-14 1e-14 1e-14
          1e-14 1e-14 1e-14 1e-14 1e-14 1e-14
          1e-14 1e-14 1e-14 1e-14 1e-14 1e-14
          1e-14 1e-14 1e-14 1e-14 1e-14 1e-14
          1e-14 1e-14 1e-14 1e-14 1e-14 1e-14
          1e-14 1e-14 1e-14 1e-14 1e-14 1e-14
          1e-14 1e-14 1e-14 1e-14 1e-14 1e-14
          1e-14 1e-14 1e-14 1e-14 1e-14 1e-14
          1e-14 1e-14 1e-14 1e-14 1e-14 1e-14
          1e-14 1e-14 1e-14 1e-14 1e-14 1e-14
          1e-14 1e-14 1e-14 1e-14 1e-14 1e-14
          1e-14 1e-14 1e-14 1e-14 1e-14 1e-14
          1e-14 1e-14 1e-14 1e-14 1e-14 1e-14
          1e-14 1e-14 1e-14 1e-14 1e-14 1e-14
          1e-14 1e-14 1e-14 1e-14 1e-14 1e-14
          1e-14 1e-14 1e-14 1e-14 1e-14 1e-14
          1e-14 1e-14 1e-14 1e-14 1e-14 1e-14
          1e-14 1e-14 1e-14 1e-14 1e-14 1e-14
          1e-14 1e-14 1e-14 1e-14 1e-14 1e-14
          1e-14 1e-14 1e-14 1e-14 1e-14 1e-14
          1e-14 1e-14 1e-14 1e-14 1e-14 1e-14
          1e-14 1e-14 1e-14 1e-14 1e-14 1e-14
          1e-14 1e-14 1e-14 1e-14 1e-14 1e-14
          1e-14 1e-14 1e-14 1e-14 1e-14 1e-14
          1e-14 1e-14 1e-14 1e-14 1e-14 1e-14
          1e-14 1e-14 1e-14 1e-14 1e-14 1e-14
          1e-14 1e-14 1e-14 1e-14 1e-14 1e-14
          1e-14 1e-14 1e-14 1e-14 1e-14 1e-14
          1e-14 1e-14 1e-14 1e-14 1e-14 1e-14
          1e-14 1e-14 1e-14 1e-14 1e-14 1e-14
          1e-14 1e-14 1e-14 1e-14 1e-14 1e-14
          1e-14 1e-14 1e-14 1e-14 1e-14 1e-14
          1e-14 1e-14 1e-14 1e-14 1e-14 1e-14
          1e-14 1e-14 1e-14 1e-14 1e-14 1e-14
          1e-14 1e-14 1e-14 1e-14 1e-14 1e-14
          1e-14 1e-14 1e-14 1e-14 1e-14 1e-14
          1e-14 1e-14 1e-14 1e-14 1e-14 1e-14
          1e-14 1e-14 1e-14 1e-14 1e-14 1e-14
          1e-14 1e-14 1e-14 1e-14 1e-14 1e-14
          1e-14 1e-14 1e-14 1e-14 1e-14 1e-14
          1e-14 1e-14 1e-14 1e-14 1e-14 1e-14
          1e-14 1e-14 1e-14 1e-14
        </DataArray>
        <DataArray type="Float64" Name="storage_py" format="ascii" RangeMin="1e-11" RangeMax="1e-11">
          1e-11 1e-11 1e-11 1e-11 1e-11 1e-11
          1e-11 1e-11 1e-11 1e-11 1e-11 1e-11
          1e-11 1e-11 1e-11 1e-11 1e-11 1e-11
          1e-11 1e-11 1e-11 1e-11 1e-11 1e-11
          1e-11 1e-11 1e-11 1e-11 1e-11 1e-11
          1e-11 1e-11 1e-11 1e-11 1e-11 1e-11
          1e-11 1e-11 1e-11 1e-11 1e-11 1e-11
          1e-11 1e-11 1e-11 1e-11 1e-11 1e-11
          1e-11 1e-11 1e-11 1e-11 1e-11 1e-11
          1e-11 1e-11 1e-11 1e-11 1e-11 1e-11
          1e-11 1e-11 1e-11 1e-11 1e-11 1e-11
          1e-11 1e-11 1e-11 1e-11 1e-11 1e-11
          1e-11 1e-11 1e-11 1e-11 1e-11 1e-11
          1e-11 1e-11 1e-11 1e-11 1e-11 1e-11
          1e-11 1e-11 1e-11 1e-11 1e-11 1e-11
          1e-11 1e-11 1e-11 1e-11 1e-11 1e-11
          1e-11 1e-11 1e-11 1e-11 1e-11 1e-11
          1e-11 1e-11 1e-11 1e-11 1e-11 1e-11
          1e-11 1e-11 1e-11 1e-11 1e-11 1e-11
          1e-11 1e-11 1e-11 1e-11 1e-11 1e-11
          1e-11 1e-11 1e-11 1e-11 1e-11 1e-11
          1e-11 1e-11 1e-11 1e-11 1e-11 1e-11
          1e-11 1e-11 1e-11 1e-11 1e-11 1e-11
          1e-11 1e-11 1e-11 1e-11 1e-11 1e-11
          1e-11 1e-11 1e-11 1e-11 1e-11 1e-11
          1e-11 1e-11 1e-11 1e-11 1e-11 1e-11
          1e-11 1e-11 1e-11 1e-11 1e-11 1e-11
          1e-11 1e-11 1e-11 1e-11 1e-11 1e-11
          1e-11 1e-11 1e-11 1e-11 1e-11 1e-11
          1e-11 1e-11 1e-11 1e-11 1e-11 1e-11
          1e-11 1e-11 1e-11 1e-11 1e-11 1e-11
          1e-11 1e-11 1e-11 1e-11 1e-11 1e-11
          1e-11 1e-11 1e-11 1e-11 1e-11 1e-11
          1e-11 1e-11 1e-11 1e-11 1e-11 1e-11
          1e-11 1e-11 1e-11 1e-11 1e-11 1e-11
          1e-11 1e-11 1e-11 1e-11 1e-11 1e-11
          1e-11 1e-11 1e-11 1e-11 1e-11 1e-11
          1e-11 1e-11 1e-11 1e-11 1e-11 1e-11
          1e-11 1e-11 1e-11 1e-11 1e-11 1e-11
          1e-11 1e-11 1e-11 1e-11 1e-11 1e-11
          1e-11 1e-11 1e-11 1e-11 1e-11 1e-11
          1e-11 1e-11 1e-11 1e-11 1e-11 1e-11
          1e-11 1e-11 1e-11 1e-11 1e-11 1e-11
          1e-11 1e-11 1e-11 1e-11 1e-11 1e-11
          1e-11 1e-11 1e-11 1e-11 1e-11 1e-11
          1e-11 1e-11 1e-11 1e-11 1e-11 1e-11
          1e-11 1e-11 1e-11 1e-11 1e-11 1e-11
          1e-11 1e-11 1e-11 1e-11 1e-11 1e-11
          1e-11 1e-11 1e-11 1e-11 1e-11 1e-11
          1e-11 1e-11 1e-11 1e-11 1e-11 1e-11
          1e-11 1e-11 1e-11 1e-11 1e-11 1e-11
          1e-11 1e-11 1e-11 1e-11 1e-11 1e-11
          1e-11 1e-11 1e-11 1e-11 1e-11 1e-11
          1e-11 1e-11 1e-11 1e-11 1e-11 1e-11
          1e-11 1e-11 1e-11 1e-11 1e-11 1e-11
          1e-11 1e-11 1e-11 1e-11 1e-11 1e-11
          1e-11 1e-11 1e-11 1e-11 1e-11 1e-11
          1e-11 1e-11 1e-11 1e-11 1e-11 1e-11
          1e-11 1e-11 1e-11 1e-11 1e-11 1e-11
          1e-11 1e-11 1e-11 1e-11 1e-11 1e-11
          1e-11 1e-11 1e-11 1e-11 1e-11 1e-11
          1e-11 1e-11 1e-11 1e-11 1e-11 1e-11
          1e-11 1e-11 1e-11 1e-11 1e-11 1e-11
          1e-11 1e-11 1e-11 1e-11 1e-11 1e-11
          1e-11 1e-11 1e-11 1e-11 1e-11 1e-11
          1e-11 1e-11 1e-11 1e-11 1e-11 1e-11
          1e-11 1e-11 1e-11 1e-11 1e-11 1e-11
          1e-11 1e-11 1e-11 1e-11 1e-11 1e-11
          1e-11 1e-11 1e-11 1e-11 1e-11 1e-11
          1e-11 1e-11 1e-11 1e-11 1e-11 1e-11
          1e-11 1e-11 1e-11 1e-11 1e-11 1e-11
          1e-11 1e-11 1e-11 1e-11 1e-11 1e-11
          1e-11 1e-11 1e-11 1e-11 1e-11 1e-11
          1e-11 1e-11 1e-11 1e-11 1e-11 1e-11
          1e-11 1e-11 1e-11 1e-11 1e-11 1e-11
          1e-11 1e-11 1e-11 1e-11 1e-11 1e-11
          1e-11 1e-11 1e-11 1e-11 1e-11 1e-11
          1e-11 1e-11 1e-11 1e-11 1e-11 1e-11
          1e-11 1e-11 1e-11 1e-11 1e-11 1e-11
          1e-11 1e-11 1e-11 1e-11 1e-11 1e-11
          1e-11 1e-11 1e-11 1e-11 1e-11 1e-11
          1e-11 1e-11 1e-11 1e-11 1e-11 1e-11
          1e-11 1e-11 1e-11 1e-11 1e-11 1e-11
          1e-11 1e-11 1e-11 1e-11 1e-11 1e-11
          1e-11 1e-11 1e-11 1e-11 1e-11 1e-11
          1e-11 1e-11 1e-11 1e-11 1e-11 1e-11
          1e-11 1e-11 1e-11 1e-11 1e-11 1e-11
          1e-11 1e-11 1e-11 1e-11 1e-11 1e-11
          1e-11 1e-11 1e-11 1e-11 1e-11 1e-11
          1e-11 1e-11 1e-11 1e-11 1e-11 1e-11
          1e-11 1e-11 1e-11 1e-11 1e-11 1e-11
          1e-11 1e-11 1e-11 1e-11 1e-11 1e-11
          1e-11 1e-11 1e-11 1e-11 1e-11 1e-11
          1e-11 1e-11 1e-11 1e-11 1e-11 1e-11
          1e-11 1e-11 1e-11 1e-11 1e-11 1e-11
          1e-11 1e-11 1e-11 1e-11 1e-11 1e-11
          1e-11 1e-11 1e-11 1e-11 1e-11 1e-11
          1e-11 1e-11 1e-11 1e-11 1e-11 1e-11
          1e-11 1e-11 1e-11 1e-11 1e-11 1e-11
          1e-11 1e-11 1e-11 1e-11 1e-11 1e-11
          1e-11 1e-11 1e-11 1e-11 1e-11 1e-11
          1e-11 1e-11 1e-11 1e-11 1e-11 1e-11
          1e-11 1e-11 1e-11 1e-11 1e-11 1e-11
          1e-11 1e-11 1e-11 1e-11 1e-11 1e-11
          1e-11 1e-11 1e-11 1e-11 1e-11 1e-11
          1e-11 1e-11 1e-11 1e-11 1e-11 1e-11
          1e-11 1e-11 1e-11 1e-11 1e-11 1e-11
          1e-11 1e-11 1e-11 1e-11 1e-11 1e-11
          1e-11 1e-11 1e-11 1e-11 1e-11 1e-11
          1e-11 1e-11 1e-11 1e-11 1e-11 1e-11
          1e-11 1e-11 1e-11 1e-11 1e-11 1e-11
          1e-11 1e-11 1e-11 1e-11 1e-11 1e-11
          1e-11 1e-11 1e-11 1e-11 1e-11 1e-11
          1e-11 1e-11 1e-11 1e-11 1e-11 1e-11
          1e-11 1e-11 1e-11 1e-11 1e-11 1e-11
          1e-11 1e-11 1e-11 1e-11 1e-11 1e-11
          1e-11 1e-11 1e-11 1e-11 1e-11 1e-11
          1e-11 1e-11 1e-11 1e-11 1e-11 1e-11
          1e-11 1e-11 1e-11 1e-11 1e-11 1e-11
          1e-11 1e-11 1e-11 1e-11 1e-11 1e-11
          1e-11 1e-11 1e-11 1e-11 1e-11 1e-11
          1e-11 1e-11 1e-11 1e-11 1e-11 1e-11
          1e-11 1e-11 1e-11 1e-11 1e-11 1e-11
          1e-11 1e-11 1e-11 1e-11 1e-11 1e-11
          1e-11 1e-11 1e-11 1e-11 1e-11 1e-11
          1e-11 1e-11 1e-11 1e-11 1e-11 1e-11
          1e-11 1e-11 1e-11 1e-11 1e-11 1e-11
          1e-11 1e-11 1e-11 1e-11 1e-11 1e-11
          1e-11 1e-11 1e-11 1e-11 1e-11 1e-11
          1e-11 1e-11 1e-11 1e-11 1e-11 1e-11
          1e-11 1e-11 1e-11 1e-11 1e-11 1e-11
          1e-11 1e-11 1e-11 1e-11 1e-11 1e-11
          1e-11 1e-11 1e-11 1e-11 1e-11 1e-11
          1e-11 1e-11 1e-11 1e-11 1e-11 1e-11
          1e-11 1e-11 1e-11 1e-11 1e-11 1e-11
          1e-11 1e-11 1e-11 1e-11 1e-11 1e-11
          1e-11 1e-11 1e-11 1e-11 1e-11 1e-11
          1e-11 1e-11 1e-11 1e-11 1e-11 1e-11
          1e-11 1e-11 1e-11 1e-11 1e-11 1e-11
          1e-11 1e-11 1e-11 1e-11 1e-11 1e-11
          1e-11 1e-11 1e-11 1e-11 1e-11 1e-11
          1e-11 1e-11 1e-11 1e-11 1e-11 1e-11
          1e-11 1e-11 1e-11 1e-11 1e-11 1e-11
          1e-11 1e-11 1e-11 1e-11 1e-11 1e-11
          1e-11 1e-11 1e-11 1e-11 1e-11 1e-11
          1e-11 1e-11 1e-11 1e-11 1e-11 1e-11
          1e-11 1e-11 1e-11 1e-11 1e-11 1e-11
          1e-11 1e-11 1e-11 1e-11 1e-11 1e-11
          1e-11 1e-11 1e-11 1e-11 1e-11 1e-11
          1e-11 1e-11 1e-11 1e-11 1e-11 1e-11
          1e-11 1e-11 1e-11 1e-11 1e-11 1e-11
          1e-11 1e-11 1e-11 1e-11 1e-11 1e-11
          1e-11 1e-11 1e-11 1e-11 1e-11 1e-11
          1e-11 1e-11 1e-11 1e-11 1e-11 1e-11
          1e-11 1e-11 1e-11 1e-11 1e-11 1e-11
          1e-11 1e-11 1e-11 1e-11 1e-11 1e-11
          1e-11 1e-11 1e-11 1e-11 1e-11 1e-11
          1e-11 1e-11 1e-11 1e-11 1e-11 1e-11
          1e-11 1e-11 1e-11 1e-11 1e-11 1e-11
          1e-11 1e-11 1e-11 1e-11 1e-11 1e-11
          1e-11 1e-11 1e-11 1e-11 1e-11 1e-11
          1e-11 1e-11 1e-11 1e-11 1e-11 1e-11
          1e-11 1e-11 1e-11 1e-11 1e-11 1e-11
          1e-11 1e-11 1e-11 1e-11 1e-11 1e-11
          1e-11 1e-11 1e-11 1e-11 1e-11 1e-11
          1e-11 1e-11 1e-11 1e-11 1e-11 1e-11
          1e-11 1e-11 1e-11 1e-11 1e-11 1e-11
          1e-11 1e-11 1e-11 1e-11 1e-11 1e-11
          1e-11 1e-11 1e-11 1e-11 1e-11 1e-11
          1e-11 1e-11 1e-11 1e-11 1e-11 1e-11
          1e-11 1e-11 1e-11 1e-11 1e-11 1e-11
          1e-11 1e-11 1e-11 1e-11 1e-11 1e-11
          1e-11 1e-11 1e-11 1e-11 1e-11 1e-11
          1e-11 1e-11 1e-11 1e-11 1e-11 1e-11
          1e-11 1e-11 1e-11 1e-11 1e-11 1e-11
          1e-11 1e-11 1e-11 1e-11 1e-11 1e-11
          1e-11 1e-11 1e-11 1e-11 1e-11 1e-11
          1e-11 1e-11 1e-11 1e-11 1e-11 1e-11
          1e-11 1e-11 1e-11 1e-11 1e-11 1e-11
          1e-11 1e-11 1e-11 1e-11 1e-11 1e-11
          1e-11 1e-11 1e-11 1e-11 1e-11 1e-11
          1e-11 1e-11 1e-11 1e-11 1e-11 1e-11
          1e-11 1e-11 1e-11 1e-11 1e-11 1e-11
          1e-11 1e-11 1e-11 1e-11 1e-11 1e-11
          1e-11 1e-11 1e-11 1e-11 1e-11 1e-11
          1e-11 1e-11 1e-11 1e-11 1e-11 1e-11
          1e-11 1e-11 1e-11 1e-11 1e-11 1e-11
          1e-11 1e-11 1e-11 1e-11 1e-11 1e-11
          1e-11 1e-11 1e-11 1e-11 1e-11 1e-11
          1e-11 1e-11 1e-11 1e-11 1e-11 1e-11
          1e-11 1e-11 1e-11 1e-11 1e-11 1e-11
          1e-11 1e-11 1e-11 1e-11 1e-11 1e-11
          1e-11 1e-11 1e-11 1e-11 1e-11 1e-11
          1e-11 1e-11 1e-11 1e-11 1e-11 1e-11
          1e-11 1e-11 1e-11 1e-11 1e-11 1e-11
          1e-11 1e-11 1e-11 1e-11 1e-11 1e-11
          1e-11 1e-11 1e-11 1e-11 1e-11 1e-11
          1e-11 1e-11 1e-11 1e-11 1e-11 1e-11
          1e-11 1e-11 1e-11 1e-11 1e-11 1e-11
          1e-11 1e-11 1e-11 1e-11 1e-11 1e-11
          1e-11 1e-11 1e-11 1e-11 1e-11 1e-11
          1e-11 1e-11 1e-11 1e-11 1e-11 1e-11
          1e-11 1e-11 1e-11 1e-11 1e-11 1e-11
          1e-11 1e-11 1e-11 1e-11 1e-11 1e-11
          1e-11 1e-11 1e-11 1e-11 1e-11 1e-11
          1e-11 1e-11 1e-11 1e-11 1e-11 1e-11
          1e-11 1e-11 1e-11 1e-11 1e-11 1e-11
          1e-11 1e-11 1e-11 1e-11 1e-11 1e-11
          1e-11 1e-11 1e-11 1e-11 1e-11 1e-11
          1e-11 1e-11 1e-11 1e-11 1e-11 1e-11
          1e-11 1e-11 1e-11 1e-11 1e-11 1e-11
          1e-11 1e-11 1e-11 1e-11 1e-11 1e-11
          1e-11 1e-11 1e-11 1e-11 1e-11 1e-11
          1e-11 1e-11 1e-11 1e-11 1e-11 1e-11
          1e-11 1e-11 1e-11 1e-11 1e-11 1e-11
          1e-11 1e-11 1e-11 1e-11 1e-11 1e-11
          1e-11 1e-11 1e-11 1e-11 1e-11 1e-11
          1e-11 1e-11 1e-11 1e-11 1e-11 1e-11
          1e-11 1e-11 1e-11 1e-11 1e-11 1e-11
          1e-11 1e-11 1e-11 1e-11 1e-11 1e-11
          1e-11 1e-11 1e-11 1e-11 1e-11 1e-11
          1e-11 1e-11 1e-11 1e-11 1e-11 1e-11
          1e-11 1e-11 1e-11 1e-11 1e-11 1e-11
          1e-11 1e-11 1e-11 1e-11 1e-11 1e-11
          1e-11 1e-11 1e-11 1e-11 1e-11 1e-11
          1e-11 1e-11 1e-11 1e-11 1e-11 1e-11
          1e-11 1e-11 1e-11 1e-11 1e-11 1e-11
          1e-11 1e-11 1e-11 1e-11 1e-11 1e-11
          1e-11 1e-11 1e-11 1e-11 1e-11 1e-11
          1e-11 1e-11 1e-11 1e-11 1e-11 1e-11
          1e-11 1e-11 1e-11 1e-11 1e-11 1e-11
          1e-11 1e-11 1e-11 1e-11 1e-11 1e-11
          1e-11 1e-11 1e-11 1e-11 1e-11 1e-11
          1e-11 1e-11 1e-11 1e-11 1e-11 1e-11
          1e-11 1e-11 1e-11 1e-11 1e-11 1e-11
          1e-11 1e-11 1e-11 1e-11 1e-11 1e-11
          1e-11 1e-11 1e-11 1e-11 1e-11 1e-11
          1e-11 1e-11 1e-11 1e-11 1e-11 1e-11
          1e-11 1e-11 1e-11 1e-11 1e-11 1e-11
          1e-11 1e-11 1e-11 1e-11 1e-11 1e-11
          1e-11 1e-11 1e-11 1e-11 1e-11 1e-11
          1e-11 1e-11 1e-11 1e-11 1e-11 1e-11
          1e-11 1e-11 1e-11 1e-11 1e-11 1e-11
          1e-11 1e-11 1e-11 1e-11 1e-11 1e-11
          1e-11 1e-11 1e-11 1e-11 1e-11 1e-11
          1e-11 1e-11 1e-11 1e-11 1e-11 1e-11
          1e-11 1e-11 1e-11 1e-11 1e-11 1e-11
          1e-11 1e-11 1e-11 1e-11 1e-11 1e-11
          1e-11 1e-11 1e-11 1e-11 1e-11 1e-11
          1e-11 1e-11 1e-11 1e-11 1e-11 1e-11
          1e-11 1e-11 1e-11 1e-11 1e-11 1e-11
          1e-11 1e-11 1e-11 1e-11 1e-11 1e-11
          1e-11 1e-11 1e-11 1e-11 1e-11 1e-11
          1e-11 1e-11 1e-11 1e-11 1e-11 1e-11
          1e-11 1e-11 1e-11 1e-11 1e-11 1e-11
          1e-11 1e-11 1e-11 1e-11 1e-11 1e-11
          1e-11 1e-11 1e-11 1e-11 1e-11 1e-11
          1e-11 1e-11 1e-11 1e-11 1e-11 1e-11
          1e-11 1e-11 1e-11 1e-11 1e-11 1e-11
          1e-11 1e-11 1e-11 1e-11 1e-11 1e-11
          1e-11 1e-11 1e-11 1e-11 1e-11 1e-11
          1e-11 1e-11 1e-11 1e-11 1e-11 1e-11
          1e-11 1e-11 1e-11 1e-11 1e-11 1e-11
          1e-11 1e-11 1e-11 1e-11 1e-11 1e-11
          1e-11 1e-11 1e-11 1e-11 1e-11 1e-11
          1e-11 1e-11 1e-11 1e-11 1e-11 1e-11
          1e-11 1e-11 1e-11 1e-11 1e-11 1e-11
          1e-11 1e-11 1e-11 1e-11 1e-11 1e-11
          1e-11 1e-11 1e-11 1e-11 1e-11 1e-11
          1e-11 1e-11 1e-11 1e-11 1e-11 1e-11
          1e-11 1e-11 1e-11 1e-11 1e-11 1e-11
          1e-11 1e-11 1e-11 1e-11 1e-11 1e-11
          1e-11 1e-11 1e-11 1e-11 1e-11 1e-11
          1e-11 1e-11 1e-11 1e-11 1e-11 1e-11
          1e-11 1e-11 1e-11 1e-11 1e-11 1e-11
          1e-11 1e-11 1e-11 1e-11 1e-11 1e-11
          1e-11 1e-11 1e-11 1e-11 1e-11 1e-11
          1e-11 1e-11 1e-11 1e-11 1e-11 1e-11
          1e-11 1e-11 1e-11 1e-11 1e-11 1e-11
          1e-11 1e-11 1e-11 1e-11 1e-11 1e-11
          1e-11 1e-11 1e-11 1e-11 1e-11 1e-11
          1e-11 1e-11 1e-11 1e-11 1e-11 1e-11
          1e-11 1e-11 1e-11 1e-11 1e-11 1e-11
          1e-11 1e-11 1e-11 1e-11 1e-11 1e-11
          1e-11 1e-11 1e-11 1e-11 1e-11 1e-11
          1e-11 1e-11 1e-11 1e-11 1e-11 1e-11
          1e-11 1e-11 1e-11 1e-11 1e-11 1e-11
          1e-11 1e-11 1e-11 1e-11 1e-11 1e-11
          1e-11 1e-11 1e-11 1e-11 1e-11 1e-11
          1e-11 1e-11 1e-11 1e-11 1e-11 1e-11
          1e-11 1e-11 1e-11 1e-11 1e-11 1e-11
          1e-11 1e-11 1e-11 1e-11 1e-11 1e-11
          1e-11 1e-11 1e-11 1e-11 1e-11 1e-11
          1e-11 1e-11 1e-11 1e-11 1e-11 1e-11
          1e-11 1e-11 1e-11 1e-11 1e-11 1e-11
          1e-11 1e-11 1e-11 1e-11 1e-11 1e-11
          1e-11 1e-11 1e-11 1e-11 1e-11 1e-11
          1e-11 1e-11 1e-11 1e-11 1e-11 1e-11
          1e-11 1e-11 1e-11 1e-11 1e-11 1e-11
          1e-11 1e-11 1e-11 1e-11 1e-11 1e-11
          1e-11 1e-11 1e-11 1e-11 1e-11 1e-11
          1e-11 1e-11 1e-11 1e-11 1e-11 1e-11
          1e-11 1e-11 1e-11 1e-11 1e-11 1e-11
          1e-11 1e-11 1e-11 1e-11 1e-11 1e-11
          1e-11 1e-11 1e-11 1e-11 1e-11 1e-11
          1e-11 1e-11 1e-11 1e-11 1e-11 1e-11
          1e-11 1e-11 1e-11 1e-11 1e-11 1e-11
          1e-11 1e-11 1e-11 1e-11 1e-11 1e-11
          1e-11 1e-11 1e-11 1e-11 1e-11 1e-11
          1e-11 1e-11 1e-11 1e-11 1e-11 1e-11
          1e-11 1e-11 1e-11 1e-11 1e-11 1e-11
          1e-11 1e-11 1e-11 1e-11 1e-11 1e-11
          1e-11 1e-11 1e-11 1e-11
        </DataArray>
      </CellData>
      <Points>
        <DataArray type="Float64" Name="Points" NumberOfComponents="3" format="ascii" RangeMin="0" RangeMax="70.71067811865476">
          -50 -50 0 50 -50 0
          50 50 0 -50 50 0
          0 0 0 -45.00000000000846 -50 0
          -40.00000000001693 -50 0 -35.00000000004316 -50 0
          -30.00000000008132 -50 0 -25.00000000010755 -50 0
          -20.00000000013378 -50 0 -15.00000000014808 -50 0
          -10.00000000015654 -50 0 -5.000000000165002 -50 0
          -1.734719035084709e-10 -50 0 4.999999999818058 -50 0
          9.999999999809603 -50 0 14.99999999981057 -50 0
          19.99999999983764 -50 0 24.9999999998647 -50 0
          29.99999999989176 -50 0 34.99999999991881 -50 0
          39.99999999994589 -50 0 44.99999999997296 -50 0
          50 -45.00000000000846 0 50 -40.00000000001693 0
          50 -35.00000000004316 0 50 -30.00000000008132 0
          50 -25.00000000010755 0 50 -20.00000000013378 0
          50 -15.00000000014808 0 50 -10.00000000015654 0
          50 -5.000000000165002 0 50 -1.734719035084709e-10 0
          50 4.999999999818058 0 50 9.999999999809603 0
          50 14.99999999981057 0 50 19.99999999983764 0
          50 24.9999999998647 0 50 29.99999999989176 0
          50 34.99999999991881 0 50 39.99999999994589 0
          50 44.99999999997296 0 45.00000000000846 50 0
          40.00000000001693 50 0 35.00000000004316 50 0
          30.00000000008132 50 0 25.00000000010755 50 0
          20.00000000013378 50 0 15.00000000014808 50 0
          10.00000000015654 50 0 5.000000000165002 50 0
          1.734719035084709e-10 50 0 -4.999999999818058 50 0
          -9.999999999809603 50 0 -14.99999999981057 50 0
          -19.99999999983764 50 0 -24.9999999998647 50 0
          -29.99999999989176 50 0 -34.99999999991881 50 0
          -39.99999999994589 50 0 -44.99999999997296 50 0
          -50 45.00000000000846 0 -50 40.00000000001693 0
          -50 35.00000000004316 0 -50 30.00000000008132 0
          -50 25.00000000010755 0 -50 20.00000000013378 0
          -50 15.00000000014808 0 -50 10.00000000015654 0
          -50 5.000000000165002 0 -50 1.734719035084709e-10 0
          -50 -4.999999999818058 0 -50 -9.999999999809603 0
          -50 -14.99999999981057 0 -50 -19.99999999983764 0
          -50 -24.9999999998647 0 -50 -29.99999999989176 0
          -50 -34.99999999991881 0 -50 -39.99999999994589 0
          -50 -44.99999999997296 0 -17.50000000014093 -45.66987298109535 0
          46.33402041119359 -17.48251423889086 0 18.00047544454696 46.34591634038892 0
          -45.85301498023956 17.11506628757544 0 17.39921195891086 -45.81105347276208 0
          -45.84752791717381 -17.71946003526217 0 45.97222743049625 17.01686305612283 0
          -17.49999999982411 45.66987298106567 0 -2.500000000169235 -45.66987298108514 0
          45.11592437760768 -2.551639666650648 0 2.456284653879572 45.48726119919145 0
          -46.25673040389609 2.67426135630775 0 32.25235793810484 -45.08402533183614 0
          -32.5883719813634 44.77080554218726 0 -45.89046993487236 -32.44918502021036 0
          45.82718724345836 32.2477010009617 0 -32.66702930901035 -45.97616355356448 0
          45.56590955146532 -32.76291112388793 0 32.50000000006224 45.66987298111086 0
          -45.25533586182584 32.07689234608563 0 -45.46474605022618 -7.656315895539614 0
          7.918986959215323 -44.96714526397075 0 46.08223680739892 7.78302077552665 0
          -7.701045451226763 45.7011543976804 0 42.50396568359702 -45.85737483157718 0
          -42.62098481295462 46.00071693577411 0 -45.26063145103205 -42.49212091630795 0
          45.91138234186535 42.59899847112221 0 12.83912570137904 -45.82288555515389 0
          15.21791270475534 -41.84003838037351 0 19.58675737838569 -41.75468611505335 0
          17.45847134924619 -38.0320284546717 0 21.55621444648122 -37.76668812478754 0
          19.2943675911869 -34.24799772513182 0 15.44489660549639 -34.35053835811252 0
          17.17920757102895 -30.83573309571848 0 13.47124221235147 -30.8578087452966 0
          15.13613260272705 -27.73457233967372 0 11.85260017415123 -27.70648705260228 0
          13.29979079507029 -24.87984386384633 0 10.2865917449544 -24.74613432422736 0
          11.60676060271491 -22.14415651577038 0 8.662020825295297 -22.13141574593242 0
          10.05928635091218 -19.68420473498453 0 7.233002362593181 -19.72843574872104 0
          12.89266040067724 -19.63141510144018 0 11.36819353922897 -17.21101506020637 0
          14.13549045395983 -17.13272963034269 0 12.72291776538965 -14.78075272520071 0
          15.43353256288361 -14.70821909445574 0 14.00878554414939 -12.37041789525779 0
          5.806043032545617 -22.14025919069639 0 4.417498044958238 -19.70864766226458 0
          3.02856220777726 -22.15713253804929 0 1.623973392272124 -19.69219498269099 0
          0.208938080897957 -22.08088172962279 0 -1.166856860973926 -19.61808084521479 0
          16.61831842960898 -12.23464266098228 0 15.27838046481061 -9.943888746376974 0
          -2.621245627175004 -22.05399060560206 0 -4.025745450748708 -19.51783072331067 0
          11.41321226458878 -12.41549124288547 0 -5.540073621783783 -22.0325928125406 0
          -6.853583892694822 -19.50556407050086 0 18.20814903590716 -9.871074129360693 0
          16.59250484074774 -7.538348611831754 0 -8.551528793815226 -22.01676207876784 0
          -10.07548159790112 -19.29238285323343 0 -11.76139878071265 -22.02220136308962 0
          -13.34152054677529 -19.16026746586679 0 -11.5950006167878 -16.37123174714574 0
          -14.80870648087435 -16.29481612517596 0 -13.13609275036204 -13.59701721605584 0
          -16.19202643667247 -13.49592758992113 0 -14.63981472801427 -10.86946037098863 0
          -17.60498985395824 -10.80517722229587 0 -16.05231897398756 -8.292013104332401 0
          18.33643174108957 -14.76226186073895 0 0.2999810805164773 -17.54912679621177 0
          19.2886332483289 -7.44391437521476 0 17.83017714983977 -5.095364336617243 0
          -16.62629816792243 -18.9385107232574 0 -19.01530709300905 -8.200497464094763 0
          -17.41034200438411 -5.617833244822536 0 20.66928242075848 -4.963363583215726 0
          19.12556003888962 -2.564964727157094 0 16.52898866893497 -2.906923490269665 0
          17.19227367775106 -0.1747209069755261 0 20.41988185525405 0.02827672048574377 0
          18.75571733797715 2.471898707904468 0 15.76444305246987 2.507604063957912 0
          17.11713090208335 4.892863159647281 0 14.25181018964198 4.791050759400226 0
          15.4895578207525 7.236634843405189 0 12.30552444367718 6.803045725931916 0
          13.81021416068235 9.465620922430327 0 11.10148766405557 9.255828989564185 0
          12.28405722543908 11.75306592667569 0 9.5810386626173 11.51134488126013 0
          10.73383734707889 13.93310420026882 0 8.048102444988945 13.71228699507985 0
          13.52792727352714 14.2976411690764 0 18.38134594770609 7.514776787085146 0
          9.379741685833274 16.57741724586321 0 6.38287713473766 16.09250809616174 0
          7.491793769603949 18.76785761794281 0 4.548437348168296 18.50038142693939 0
          3.259245558891176 15.39818903169575 0 1.581019580746061 18.1237428177937 0
          0.3932359601141844 15.5147802454477 0 -1.327142099729778 17.87282277982363 0
          -2.544959569940304 15.38986649974567 0 -4.283196931381887 17.62723608074505 0
          -5.550868944862991 15.06380341419332 0 -7.331405448229909 17.35192029048349 0
          -8.561271225557343 14.45475386597316 0 -10.47115301817076 17.01968086451427 0
          -11.73565229349875 14.08643174821758 0 -13.75935434574773 16.75560777438476 0
          -15.04381707755723 13.68577034340884 0 -17.13545757241613 16.39243137472575 0
          -18.52061362288378 13.20801739778707 0 -20.39712022659783 -5.595458310494211 0
          -11.70846467330686 -10.92355537812504 0 -20.19036104394098 -10.5587201158349 0
          22.2187695135201 -7.30173831307726 0 -9.591624282778794 11.20133726550019 0
          -0.2867901258126334 20.47098066144139 0 1.653532783878648 -24.80524465742839 0
          -12.4569059184429 20.33456677632844 0 21.06754291238312 -30.70330329336708 0
          -20.6143206152868 16.02947581320448 0 -22.06409952634969 12.75099100253641 0
          8.451138198685655 9.157432341115111 0 -10.15011254152011 -24.8818187600621 0
          -1.426530228750846 13.42368383618268 0 -24.23954669098325 15.70873955704733 0
          -22.49186512550473 19.02360105263846 0 -25.72181874651508 12.30495221245196 0
          -18.81691343213055 -3.115602767498498 0 -15.89482294526488 -3.073936105045898 0
          -21.84427700430432 -2.939849367590724 0 -26.48640166682462 18.76519957404953 0
          -24.62774958630638 22.29604802352107 0 9.399470712097681 -30.09551893989351 0
          11.5813867906197 4.11023423144471 0 -28.86402664171245 21.96296184719208 0
          -27.15777015701274 25.6797179047358 0 -22.7666047118699 25.9172786992179 0
          -17.27932788056057 -0.6880127965052625 0 -14.4897645351384 -0.71477516957587 0
          13.99082008634389 -7.750783632720793 0 5.768906696293858 21.32170970725869 0
          8.912304787030468 21.57269826646542 0 7.10195323446084 24.27332122174319 0
          10.51391147857675 24.44690689526937 0 8.52138916845975 27.41714297931271 0
          12.04695106193452 27.69868186580093 0 14.06314193380225 24.60300954870472 0
          15.67374851327462 27.96344436040701 0 17.73010059656075 24.75998268009757 0
          19.41755581231372 28.22226310526806 0 21.54685494324501 24.90766587866015 0
          23.30663610543719 28.5021264924597 0 25.45833831870676 25.19116104716792 0
          27.36018896393977 28.81089620652859 0 23.60489498696058 21.65753614538634 0
          27.57753880272337 21.82671323467303 0 10.0587242855414 30.74331093197096 0
          6.344363571547303 30.40298732940315 0 21.84248662656539 2.735304342488528 0
          -13.52549858876986 -24.88866726227242 0 -11.74904236946854 -27.96746205287772 0
          -15.46279828628091 -27.90431160712815 0 -30.50774207591454 18.28817910864201 0
          23.57006703087506 0.1654204314414508 0 25.04710703819422 3.083532469596855 0
          26.90628201028909 0.287534391272593 0 28.46746091787978 3.298712625436743 0
          26.50116423029078 6.222164637223295 0 30.07789618186288 6.471258573992316 0
          -25.39782857580783 29.43036537907297 0 -21.17775119166934 29.73347239118236 0
          16.52195286493729 -24.75285962762399 0 30.37688821471406 0.3438818240219508 0
          -15.78876962777312 1.647198540271999 0 -13.09587195888301 1.554836818818306 0
          -11.88811032912211 -0.6513626099685772 0 -10.61307307831806 1.354341721792109 0
          -9.53272916698343 -0.6089977507629925 0 -8.378154977618482 1.133934995132201 0
          -7.4411003816299 -0.6718165364371349 0 -6.398444085283458 0.987757373060243 0
          -8.470084153773389 -2.37342337958037 0 -6.476181794285424 -2.384598827626045 0
          -7.219364292260792 2.738881154126921 0 -5.019652713973965 2.464713802130728 0
          -7.439195568196782 -4.040659703363374 0 -5.549507668352864 -4.025167539302776 0
          -6.467309568518116 -5.685312886540141 0 -4.570331959592886 -5.668945660311358 0
          -5.467540655189238 -7.34957459822737 0 -3.536033639801966 -7.352253285983309 0
          -2.65908585791936 -5.669351231983545 0 -1.652205193850916 -7.27041690548832 0
          -0.7597752759722392 -5.672290683724826 0 0.1955837599276745 -7.250119702438377 0
          0.9707429267514068 -5.713069508876217 0 2.039663077139685 -7.197666988493955 0
          2.713139582506175 -5.348997029771724 0 -4.642167268792992 -8.957409208447901 0
          3.93890034514828 -7.169355938123436 0 4.832428410821903 -5.447227522646793 0
          3.280204678455935 -8.835650002257175 0 -18.48840634382271 1.712388061463232 0
          -5.645454816788115 20.08356310850593 0 3.815793231072001 -3.783897826415031 0
          5.776175128700165 -3.757300476705868 0 4.75883564801136 -2.082847727230203 0
          6.691616512365014 -2.02425516995779 0 5.640737572016574 -0.4020300978019734 0
          -6.087640279630772 4.300300528661591 0 -4.104906600978124 4.170854113472481 0
          -5.033652451833992 5.935940656306085 0 -3.091616171223823 5.770735378741301 0
          -4.225971112395844 -24.59934341288539 0 -23.50663271378743 -5.63989477827952 0
          -25.10404283675877 -2.722449007564872 0 -26.8525724226312 -5.68583295254674 0
          -28.5582755401939 -2.531099963690453 0 -30.40320703805126 -5.590616397032184 0
          -28.61961647019298 -8.743619605786924 0 -0.6927528733575432 -8.927005107814056 0
          -13.61074116545593 -31.12897779940976 0 -17.39814378058793 -31.1463679542525 0
          -9.890726571386221 -31.09011446536066 0 -19.28050596354736 -27.76616831938524 0
          -21.27631474827453 -31.11567915666257 0 -23.22935244652361 -27.80347706833575 0
          -25.33923133842394 -31.12063569887563 0 -27.34210969039217 -27.67964722297948 0
          -29.53408731027699 -31.09853804487467 0 -31.57361258962148 -27.36522420201921 0
          25.05562238054992 32.2536314922072 0 -8.136461509103441 4.495289645328265 0
          -29.21616218843086 -24.01150075087264 0 -32.3652580047239 -8.695094307439325 0
          -29.6412094403474 28.99489281558535 0 -32.99325273201217 21.588987973831 0
          -4.765853559737294 -2.417758930194191 0 -32.19707207368383 -2.362002545577769 0
          5.871293761674908 -7.098492101793915 0 29.27253514394328 32.58122513350144 0
          31.63469476259813 28.99284259466751 0 5.767499174562303 -17.33145597022403 0
          -23.65968869582395 33.26822617466064 0 17.24428309301085 31.41000231230417 0
          -14.3545610733909 3.966725837597294 0 -30.21197417415732 0.7996130240929485 0
          -19.44147904375477 33.59823875238078 0 -9.574587933176964 -4.140317220829795 0
          -16.98171169093161 30.07476040636648 0 -15.24589378283785 33.88686163851668 0
          -12.90117688017381 30.42620460039062 0 -11.74000930896163 -34.44549969915195 0
          -7.766617042276321 -34.38426501558278 0 28.02663854309214 9.356289887644394 0
          31.75793334778544 9.71055653963884 0 7.950046944415161 33.89878438348021 0
          4.199463676761942 33.44182421422303 0 -2.254968595053065 4.067244533657195 0
          -1.236206202696335 5.541440676302884 0 7.832414732040118 -3.737792992825652 0
          8.815572870350334 -1.925420532402921 0 -11.12915615099963 34.14525351107021 0
          -8.897028221281927 30.76168628502029 0 -0.4997520553178816 3.913254001334951 0
          0.570132637453231 5.346002160980254 0 1.281184757044711 3.757775505678787 0
          2.425948261804949 5.19010422890902 0 -7.067699211757246 34.41849047147593 0
          1.641473488111578 6.973394696459847 0 33.86585313655146 6.610239091028568 0
          -33.36108588689692 -23.4116467681234 0 -23.38694895477819 -34.54858254042043 0
          3.097409005666938 29.80024823318502 0 28.6994998018544 -2.534487511222605 0
          32.33332504955606 -2.690618899978085 0 30.15635521051956 -5.961571472545014 0
          34.30215987380969 -5.832729836956291 0 32.47935097939258 -9.23749881847424 0
          36.42940155404756 -9.070173582595567 0 34.57613806385558 -12.49550311768796 0
          30.70508611484983 -12.63813037532458 0 32.71248440300341 -15.89907120276624 0
          28.88834652551544 -15.98112357978775 0 30.87854326000945 -19.30911742668164 0
          27.02982828266096 -19.37626117161946 0 28.98959226343879 -22.71062938161284 0
          33.00685148668656 -22.69103797227975 0 31.02154567478367 -26.26484233054766 0
          -5.331765403080877 -16.96201416981527 0 -30.43750879076908 -12.06334553844479 0
          -34.3906747846447 -11.96339183654648 0 -34.00961072128872 1.008154233882906 0
          35.6045658461226 10.0857553214694 0 -0.01316628748142747 -4.221050212547048 0
          -3.912135771823213 7.658513325163188 0 33.6531205113654 32.89159803377659 0
          -31.99651568485883 4.262558833335794 0 -34.71890529929395 17.92014381018314 0
          -9.768548474914986 -37.8316832885793 0 33.36991211387066 13.37145247705811 0
          -35.89666333269624 4.510147776977836 0 -23.46143708852743 9.398006778160507 0
          35.20650552916631 -26.21610336429652 0 33.13860907230178 -29.95667840694734 0
          -33.8914660939071 -31.03192193474086 0 3.772916985553571 -0.4752757160488719 0
          26.85162143119908 36.1774814802749 0 4.616088940658639 1.100534441574337 0
          6.489521716643106 1.337783730838782 0 -36.15767018499459 -1.934476443633911 0
          36.25124962035191 29.248755149917 0 36.11922345666009 -2.602758539588778 0
          25.11946698470591 -22.74851955929798 0 3.562821296370491 6.770524333714629 0
          2.718715393204267 8.69721179925072 0 25.59339501909292 18.43784523579289 0
          21.90094185030188 18.16142215478406 0 -7.267805148784415 -7.34664708548882 0
          -37.25194842078413 21.20539393700297 0 10.00769691288975 -3.704714428344864 0
          11.06073863599696 -1.726024243719498 0 -33.75217723451308 7.886965435541575 0
          -37.82686046149365 8.170292132830033 0 -4.558984155657535 0.5691244919170917 0
          16.1063335113339 21.3603110589414 0 -31.73091626397476 -34.89012785634301 0
          -36.38341675244232 -34.91223738731877 0 -21.87096806579976 37.20441836170168 0
          -26.24604792056779 36.83311439344831 0 -1.522285195715067 2.546006538949564 0
          37.23396764014574 -22.49801498183467 0 -16.37887787270638 10.1809611869178 0
          5.630210405295502 37.12139689092831 0 9.718584265726063 37.5025638420865 0
          1.181669127921349 36.56572097597643 0 -5.755771031781549 -37.81711520372832 0
          -3.761265480326872 -34.28356774630101 0 -1.693499042308276 -37.67598341673313 0
          0.1239999236268875 -34.11664043317651 0 2.310789206728904 -37.47164696949743 0
          26.58528441524586 -12.50164098365858 0 -13.79501287758459 -37.89014379631919 0
          -6.083655139428342 7.90472646585491 0 -13.32570620343685 37.67920534673338 0
          5.108885633575184 3.007564507154486 0 34.05696238777782 25.12353056686705 0
          38.44025283863919 25.35495509195121 0 37.44165842644058 13.73320993164318 0
          -10.60350537633777 27.22469251060065 0 -6.775798124494873 27.50387972388853 0
          23.25647324293075 -19.521928565713 0 23.91385678254592 -41.44098458471723 0
          25.62837316805197 -37.49842852878875 0 38.83656470888369 -12.41446304494593 0
          15.90527852687058 -19.57361457011636 0 7.34293917369303 3.191140869272877 0
          -32.40810949098963 -15.4221636497594 0 -28.45379717514984 -15.43589653261362 0
          -36.4499432171305 -15.4518439044224 0 -21.447093410354 -24.29042936104588 0
          24.44982174313709 9.036908475355057 0 22.58338974684847 35.81722975883179 0
          24.35284828820355 39.81535844748787 0 -4.931320349952185 9.698505024902076 0
          28.9751614542004 -29.84925271271162 0 0.7811110776717891 8.820578402161166 0
          3.967652112400648 23.85972665536008 0 -38.48407335480545 -11.80116222973829 0
          -35.47555654595513 25.00523514661516 0 -39.89408256128835 24.7059370647826 0
          -38.34388693047617 28.47423040740205 0 -24.34540216686939 40.96816386895308 0
          39.56937127316233 -26.1202070503845 0 37.82048651868581 6.732151356926027 0
          -28.01333408581611 4.200524783376566 0 34.9794694363619 17.15823548826057 0
          -1.805722831669851 -30.94068719080668 0 1.822225969315625 -30.75584267717748 0
          40.50147623568482 -8.772806834909797 0 -11.75833395115822 -41.48868317935606 0
          -23.21134950181327 0.2874962582974074 0 9.09301923519743 -5.983594324905543 0
          8.524750156919588 1.532593240542923 0 2.867688723364358 0.9103760592556636 0
          12.21291392226826 -3.628451791213727 0 -38.25997918959645 -30.91808891817722 0
          38.1976660616124 33.26715556645865 0 35.61384719086147 37.02676825321792 0
          2.022417427073329 -0.4631101062732139 0 23.68244753853 -4.888409532604234 0
          25.21001044462279 -7.402194997752354 0 23.87378774870503 15.08841669085177 0
          20.23204766644597 14.98590512057152 0 7.320478404208886 40.89941966490543 0
          11.5682981828349 41.28375514301451 0 13.57919127555598 37.83837351441899 0
          -32.43717026881612 14.40204483419948 0 6.223663657959744 4.923499260242044 0
          30.98212049888236 -33.71643945746639 0 35.43385037548401 -33.77421520147839 0
          33.25463465535359 -37.64447043293087 0 37.82780245227518 -37.68887163928883 0
          -38.96764051805515 17.19718915883578 0 1.948921044643994 10.85915388006551 0
          4.347549663884783 10.57149392848959 0 8.285752260056036 5.102957037848641 0
          40.15733644603156 37.35059182653179 0 27.52964251837961 15.59406833726031 0
          19.91447529462571 39.45757240369782 0 21.3479308974885 -22.42410512842171 0
          38.94862055379031 17.76174167099619 0 37.68423721230657 41.33614152558829 0
          -33.74023335263072 -38.70450340467017 0 -29.14544252751948 -38.70145304713253 0
          -38.51005368820099 -38.88136472819178 0 -2.522168916732112 9.433390145143889 0
          23.19921556317372 -25.55722830758305 0 29.04525768737044 41.34846656443269 0
          35.93949078297902 3.392781542894058 0 40.09471348285989 3.313882919693225 0
          -27.0454610035274 8.684316529293618 0 41.52265597549658 -22.42139532280735 0
          39.20054398131187 -18.99413012178242 0 42.63717359791221 -11.63699052590214 0
          -8.383727924599544 24.22567082142471 0 -4.728741725448739 24.64655425483405 0
          -3.353686989162806 27.86466503864444 0 2.969321578935218 -2.050022108434417 0
          1.393079741007406 -1.879669954084237 0 -29.08886129325201 40.61243740562252 0
          -30.81946640184529 36.30489171817396 0 -33.55886971653913 40.07436306541517 0
          -35.52814780143081 36.02701121957647 0 -38.27128688333182 39.51492125878624 0
          -39.82406949693507 4.680115217681528 0 -41.95649696331989 8.262112740876242 0
          41.85612349983707 14.16425435098649 0 -3.144629334840924 2.666124973444927 0
          -2.334375563282359 1.328510530478776 0 -1.293476447244603 25.32667836166026 0
          2.112675223099437 -3.39821898090729 0 13.26244464828052 -1.457692051916703 0
          11.98146137181978 0.2752304219674788 0 -0.9912140618016162 1.168049535762264 0
          -1.783017472039971 0.01152866994438306 0 0.2269015585371967 2.251957608866716 0
          44.25598151469551 -25.71925366401127 0 1.34334695481544 1.045113465241215 0
          18.25127114605201 18.04129091201644 0 23.49627795520955 -10.07876406758022 0
          -3.302082873762896 11.49245613811986 0 28.39056224584492 -41.29666832548654 0
          25.27556331495143 44.71823446558452 0 0.2668751708525986 -41.37195718257877 0
          -40.99737045874159 35.37705561594481 0 -43.08015114871935 39.16537676649514 0
          4.74451926037732 -41.0985464724884 0 6.303328965244131 -37.22566796518888 0
          9.196863756757562 -40.19947474123328 0 9.650268628483262 -36.58956490208337 0
          19.58417684411928 -19.66718498026947 0 -30.22446218483821 -19.64431923073727 0
          -26.43546566524768 -18.78352794397695 0 -24.70678191201919 -15.48227921258214 0
          -22.96993806276014 -18.58802029465768 0 -21.26462452736467 -15.7399589665899 0
          -13.06858910129856 -2.730043302025493 0 -14.02179033203182 -5.42701456898497 0
          -13.01609746950535 -8.35149937281856 0 -10.36939818275243 -8.769429629958276 0
          -9.034316952885035 -10.94882650884802 0 -10.82937097597577 -6.252668499240806 0
          -10.2846665524461 -13.35650078131805 0 -7.614347749734275 -12.92351980090414 0
          -41.53090959875224 -15.61617091094361 0 -38.49473645661028 -18.68499160455776 0
          2.571730231653432 -45.51792031668717 0 -1.718569550696516 -4.161971797717813 0
          -0.8654559975998835 -2.817974394358751 0 -2.350588696323096 -2.734090900364781 0
          -3.582830584837854 -3.87726838955133 0 21.24421448883755 -16.63125105601493 0
          25.10932970908672 -16.02895134629157 0 45.2139139786523 -8.113703659122123 0
          40.10292289404502 -33.66371274813439 0 42.55391054809695 -37.73783874344488 0
          -39.62190860989147 12.59615495615873 0 -43.92147553449406 12.14921148322725 0
          12.65240533897378 -10.1262772655634 0 10.10360539234283 -10.25317351556728 0
          8.918576426824721 -12.40781470815581 0 7.743309278805381 -10.39569557770249 0
          6.499135339287832 -12.36532443029187 0 7.605160677267079 -14.0238321689733 0
          5.434456411572713 -14.61762646773951 0 4.134238660205198 -12.43707560120021 0
          2.909354267226185 -14.19961400043745 0 1.701417315727682 -12.39768440670523 0
          0.5128209535887547 -14.2043909063873 0 -0.6437532881103968 -12.33609783556363 0
          -1.843365233405436 -14.19493992895382 0 -2.821234041842623 -12.32985201329461 0
          11.31258911521161 -7.707144523778766 0 -8.852287146781936 -15.33739424387599 0
          19.84228793952195 21.37521699628598 0 14.39011034771815 17.66318492861891 0
          -27.20378919729921 45.27855721519101 0 -12.02773496821828 23.92481610349283 0
          -6.109374712507433 12.18378937864868 0 -5.575430421649314 -0.8029819789426168 0
          -4.029497678583513 -1.092046859298454 0 7.273704323208662 6.926027035458105 0
          -5.726840815348997 -30.44240856777196 0 -4.007783476107397 -14.61681287014636 0
          2.958385278800785 -17.65601316861492 0 12.16705014340072 21.03564843634528 0
          28.9842390558434 -9.538204038546997 0 -42.42824960464156 -11.31187582854107 0
          -40.74593880174515 -7.907503279941007 0 -42.19103602837829 -3.680953964247351 0
          3.207319614015089 12.72669695260283 0 -11.46281977482594 3.822301069249556 0
          -12.89052577477115 6.268473138949101 0 -15.65482983040019 6.500768418854829 0
          -10.13445866016321 6.124151313757507 0 -11.39294032153859 8.650839720254163 0
          -8.706739820633974 8.391844962128385 0 -1.486512793531298 -1.502593610839025 0
          -0.1002806151504083 -1.486227085589938 0 7.015312838205086 11.19823836883335 0
          8.632592588308064 -17.48444499473542 0 -26.76067171567113 -12.17203313842824 0
          -12.57652074695243 45.79961028186936 0 -10.57282255746271 41.71740345723447 0
          -5.834681994925367 41.5250064887647 0 -2.841105335626963 45.65073073327191 0
          -0.967189221844639 41.19096231399495 0 -3.977287335418314 36.94668907985432 0
          -1.615759163084473 34.10811476173319 0 45.41579754301085 2.818521011667205 0
          3.105344877861354 3.559412883262015 0 -6.287423414817345 -10.52979418430228 0
          -19.76135145426912 41.41610069989536 0 0.0875084990824742 -27.73141146417952 0
          3.389162854384923 -27.65830329356974 0 5.433591611066513 -30.48256545759302 0
          6.523406590384658 -27.43662095007415 0 -24.36508787178476 -21.89656555626865 0
          7.3540835355484 45.75411789120831 0 9.569837500580286 7.092479872108955 0
          -2.396193507716872 -16.87683903039026 0 15.24833989023778 -5.30177924945773 0
          22.92512724009068 -13.30182612672207 0 -8.354556189338776 -27.597908681428 0
          18.44023981482157 -27.79428062880498 0 -14.46901154568675 26.80010619946419 0
          -15.8630629091184 23.15711412812499 0 -18.48098976116962 26.3348347727389 0
          -19.6277965177417 22.32627681207753 0 23.27570438955603 -33.84019733704828 0
          -42.6185353715382 28.11831538601265 0 -44.5293078766467 24.53457434423235 0
          -22.39762751722723 -45.71386062733397 0 -19.93835708077697 -41.74251917539117 0
          -24.96747977138052 -41.48332442839875 0 -27.30699585407482 -45.67569284449372 0
          45.31043818230665 22.11554393694118 0 45.85606262887434 27.40976911420254 0
          -45.91423970178232 -22.45567686952219 0 -45.96383165837737 -27.42596501644319 0
          -42.07804898714723 -25.01372586930179 0 -7.622485359355709 -45.28254420306592 0
          -25.16828337505937 -8.795936071745821 0 36.55043493992497 21.22762939671194 0
          31.84235530134061 20.88531451795979 0 16.66430110372107 14.82143795315018 0
          18.29739017134793 12.20702265855799 0 21.90189894791623 11.67637546795504 0
          -20.00890784620868 9.919471041678973 0 -21.33762044504474 6.655433535020963 0
          -24.60547418875864 5.872330451421037 0 -5.43714743465658 30.83407322097537 0
          -13.05273420845949 11.07844115223291 0 5.185053441995068 -10.31399586759763 0
          3.899357639497689 -33.90361110781569 0 12.78910005734746 45.83678497693307 0
          -17.29895034859629 -24.63024007316007 0 37.56296997703968 -45.70906547885963 0
          45.0961485126232 37.45265594716193 0 -37.88761053896544 45.90862210174203 0
          -45.67113465440185 -37.5021852822728 0 -37.71777473869324 -46.08899290294215 0
          23.17302874943832 5.832214551313122 0 9.696348971315226 -14.93211319867692 0
          -15.16625198945455 41.69672622749825 0 -22.27271216667783 45.48815979805057 0
          22.21105155628698 -45.8366974427285 0 -22.53085573977125 3.600741237343419 0
          18.46471785245936 35.40036224040131 0 26.98347004397712 -26.0613711501533 0
          41.273184110796 29.50088978971854 0 -35.68086462293216 -27.28030083231301 0
          29.65501308951441 25.13840969464398 0 40.6787331679332 21.72364071420401 0
          -1.937231485478497 7.402635120728498 0 -35.53824860340237 11.68057892584267 0
          20.74737527970679 -11.25831880224514 0 11.70386750964446 34.16636846116485 0
          16.24041191740931 41.7431165756643 0 46.16245038497289 12.34414207394019 0
          -34.39227989688113 -18.88820627846057 0 -12.93575962031202 -45.84654699655991 0
          6.14869412588681 8.757140285497584 0 -41.57060223161089 -35.00212673644267 0
          8.862715970854763 -8.309799755680162 0 11.16941434317743 -5.369538865829836 0
          -36.51302101019891 -8.396095372642764 0 -17.64558375134922 37.45128749118383 0
          -15.85372199861456 19.65382130599305 0 27.22515548655083 -45.78218628027655 0
          -3.793159969881783 -41.60950438900736 0 -32.47046504220454 32.53573022259904 0
          7.702424147819415 -33.67006469819117 0 -3.364264382970041 -27.85767272381964 0
          -42.19870705454299 20.2087096993328 0 -31.25419468394776 25.26740804399953 0
          31.28251112871931 36.80597558534724 0 -19.42065309915148 -34.5563289153809 0
          21.42800547401247 43.33761325311669 0 -28.0391176794328 32.89453678392338 0
          3.161249971618667 40.60756894488873 0 -27.92291783980536 15.31720059642345 0
          37.55312250427436 -29.91413103112618 0 4.522373036389896 -24.82315402001854 0
          5.164028698205907 27.05212868165667 0 39.60462102998213 10.36095861044715 0
          -26.73511191480043 0.4935638392050883 0 24.55420294906119 -29.62969903284019 0
          -15.56903147820291 -34.48894280573837 0 2.778503825203169 20.88358722626875 0
          -15.10434010094332 -21.97194295937852 0 -42.390189365731 -46.28533997756398 0
          14.54031275095467 -22.13986773782352 0 21.01203416510325 31.9342692335787 0
          34.73340131728366 -19.21093285714815 0 -27.42495004222427 -34.59817274087735 0
          16.71246773653752 9.685144899872107 0 31.98171571841008 3.471216067434739 0
          -37.93069341020456 1.308727850127385 0 -8.726995077739218 19.9286988361308 0
          40.31408079882191 -41.85303701435067 0 -10.60537185489782 -2.446087322839629 0
          37.13395731598496 45.81125454979171 0 41.97913467387341 45.32373886218036 0
          -29.30813924115123 11.48482158837195 0 45.63479828858596 -42.17484227211223 0
          7.637110389414932 -0.2748414456873753 0 -2.867650476812572 19.75689667406499 0
          -8.651225575666686 37.73867472585549 0 15.21605961187585 12.03832225496045 0
          35.43904244633882 -41.62507139292083 0 20.12222012374236 5.132502272839526 0
          -21.93034623288476 -8.080755035499994 0 13.67147007167504 31.00793398660399 0
          -1.376916959780301 -24.8547574322563 0 38.3240477782526 -5.648483785495378 0
          40.25824502951799 -2.338410602201947 0 9.374125309315488 3.49493689092885 0
          22.12684082004388 -2.423027619111425 0 -15.88033210420437 -41.4455992779551 0
          -13.87398160157516 8.53589672344176 0 -18.81482951121773 -21.5776904785623 0
          -20.08849563578305 -0.5954997761674181 0 11.52944391438677 18.16854377626681 0
          21.32596973389274 8.519448770081022 0 16.84837777835198 -17.02035215453608 0
          -34.4483470500421 -5.246960199204911 0 1.348585662325612 -8.921479304905784 0
          17.76827282715575 -22.11835381403746 0 -7.067730898979015 -24.62849523805821 0
          33.2586848075762 40.81031404687994 0 5.563434047095488 13.18976951447155 0
          -8.349180979575923 -5.686163835782773 0 -17.89833961285511 -16.0801261498494 0
          45.83546613604535 -21.64114408673315 0 25.9023448914559 12.18770957082016 0
          -17.07702679553545 4.253226034376818 0 -7.721701051681601 -41.20873347781935 0
          13.06694214068593 2.329970594370273 0 37.03692703637524 -15.84333504119519 0
          1.956474354862493 26.29557814037607 0 4.2867666646228 4.979541511512718 0
          31.2765639321781 16.59641837781365 0 1.880748515565276 2.276671664290415 0
          6.853109971140104 -5.498654013202406 0 -2.598746177290447 -8.927013394369016 0
          -45.7727429457616 42.27983456739295 0 -42.13106675640304 0.9816954034801662 0
          -19.14463236591278 18.68512127172785 0 -9.295726390744692 2.917694775202074 0
          42.25372325406551 -29.51246526286234 0 -46.15885930869334 7.924341144957777 0
          -37.8093437053866 -23.21763072253025 0 -22.7260528788006 -12.01191035400448 0
          25.29380603595609 -2.315125023618692 0 -0.1952405062207888 7.09690557714536 0
          27.09990570421524 -33.45460775903576 0 -7.363767976798954 6.192042262006123 0
          34.04202792602199 0.393743697166743 0 -17.67522967181237 -38.034732368384 0
          42.01366165900712 6.851541489274206 0 -3.16869585409505 0.1327122019535612 0
          11.52852733052722 -33.72345981657254 0 -0.6194722742072586 10.90872112018657 0
          7.515468916429456 -24.74249851814277 0 -7.063916599531661 9.832552621247164 0
          42.15323978363729 -5.437442844923403 0 -34.12058247075175 28.8114879248931 0
          0.5139792379112587 -10.65759280856476 0 -41.94580106114207 -20.45127600201963 0
          -18.42239432009579 7.402621449503178 0 14.31404607875829 0.5725962257231341 0
          -46.18553060438548 -1.606854796955923 0 -5.11392898360632 -12.37266682060126 0
          0.6334758216818712 -3.04347182809198 0 0.8862952011329155 -0.8195339058530807 0
          9.768759185575838 -0.1307156872953481 0 -19.06130134466412 -13.25368993735038 0
          29.63649244843646 12.53037591006657 0 -0.8132943531077115 -0.6565007821985339 0
          -21.80432588376904 -38.03032483387101 0 -30.32507858680952 7.539154827240107 0
          -19.8142796836494 -18.6613509608112 0 -1.624134121376644 -10.60922896766689 0
          -38.52023381766455 -4.68695242838924 0 -42.38431078559995 -29.85589478226314 0
          -6.392506203617889 -14.88483172999328 0 -19.8036831699146 4.199440942956568 0
          26.66339847652598 -4.87350067122573 0 -46.16416109372263 -13.36198718566146 0
          -46.48063582200215 27.9459564153039 0 2.874017723427347 -10.73607731288185 0
          -25.39062484268391 -37.6409054236637 0 42.40671461276408 0.5090062203986615 0
          10.71623749248938 1.935374948659814 0 42.34735671042097 25.18662379951619 0
          0.7211158848431044 23.26107196415258 0 46.75092367762965 -37.53511842790103 0
          42.16564783734002 40.81242532651692 0 46.84019963708495 -12.50000000015231 0
          42.0920715640015 -15.82588517082429 0 -2.714031549302649 -1.274680527598195 0
          -11.61994203947619 -4.199226182784139 0 12.88723439907475 -38.17415617702964 0
          -42.19353691955658 15.79199284337382 0 -46.21887962069997 36.54909260656313 0
          0.1354244601006366 1.002463177142606 0 38.04294403700337 0.4137099565764879 0
          -7.950816042881966 -9.152145086255192 0 5.001908292193185 -8.43877369052133 0
          -0.09086817049660208 28.77367860190147 0 28.89905893630374 18.818762407457 0
          6.731799599489268 -8.67994821601691 0 5.332053970227123 6.780241312228199 0
          -42.36805989746379 -39.66024733935474 0 42.05261102052578 33.87929432601435 0
          -30.32755630424566 -42.40135508800073 0 7.653212760109872 -7.005672903043642 0
          15.28294643001118 34.52156709934845 0 14.31415552501318 -3.314589812187317 0
          19.67329407287289 -25.01217128190094 0 -25.1027880187266 2.901321778725912 0
          -37.21924995869042 32.28090640273131 0 -35.49760523921283 -42.47392662689554 0
          1.63905355727561 -15.84853275559174 0 29.54838531082276 -37.44068141094699 0
          1.184839767375335 13.45438442020365 0 -0.8291558773609611 0.2318066572375201 0
          -25.31811794024967 -24.82090137111483 0 -6.323150506093191 -8.667114032544314 0
          -36.37536406294566 14.83191569159327 0 -46.33974596213929 -46.33974596212978 0
          46.33974596213929 46.33974596212978 0 4.421966889914695 8.315322331836146 0
          13.1741323139316 -5.742640447467022 0 -46.37347385009757 46.37347385010733 0
          46.36520367722647 -46.36520367723616 0 -32.45572382079606 10.86683098044364 0
          -3.847939001287728 -10.62099409811366 0 43.14381867623963 10.30078346003494 0
          22.10057774771337 46.9656851755466 0 20.40938969106229 -13.56044758999813 0
          -7.561829155461318 -17.27696589105722 0 -8.9533142659941 -7.441410827345173 0
          -40.94479971549713 31.39381836572509 0 11.71370041825735 -42.48398858616061 0
          -40.83592242686282 42.36144768019961 0 -40.02298404249603 -42.79118008400398 0
          -46.5052380861953 21.17612335277494 0 3.907351362967613 -15.85150263326878 0
          -0.5242076896723504 -15.70748522827703 0 -5.747872679806536 -27.02516572479264 0
          -39.30199648948899 -27.36196012571996 0 46.47503178675056 -28.8945759596298 0
          42.50369694299658 18.64471567946551 0 11.91691286278937 16.06950206595119 0
          31.9347155925885 -41.03347396197364 0 -2.92789442315846 22.30642751254891 0
          28.64164905039621 46.42008415709963 0 -3.47745007293374 -2.369499021279006 0
          3.613970644793066 2.151611851279249 0 0.9990254360082989 32.4055553849983 0
          -3.595637082238708 1.480096235696668 0 26.25331096548421 -9.640379437490745 0
          5.059192438471933 43.34253813399464 0 -21.61535977646104 -21.13780296002986 0
          9.292378269006873 -27.17740687790778 0 -39.38614003952901 -1.60239191653259 0
          21.27842057592275 -27.94193266998223 0 27.6962702898955 -7.230552638974922 0
          15.1634971988302 -1.347795519303975 0 19.30189914129357 9.813109265346457 0
          18.86393283547496 -12.33734900866504 0 -27.3043349902714 -21.55729269135429 0
          -20.89373552981118 1.709315954698557 0 -2.304947497035986 31.27655815392415 0
          0.888121591147652 0.07145573922132613 0 -0.9762082977680673 8.753930746095874 0
          10.15992321883514 5.317547137676375 0 -36.16390322040806 42.42649153104053 0
          -43.26544458584949 4.904505172660693 0 -10.06278800995795 22.18321441376951 0
          16.99022988980162 38.40021274849116 0 -9.627830179328114 -17.17439812711039 0
          -9.757366583709322 4.339859200884351 0 7.366233842603434 -15.82747939735886 0
          -6.48580594750055 22.50287467897324 0 19.0998236484824 -17.4305241718743 0
          42.99695161360978 -19.27301378820761 0 1.274002866216104 -4.457690341064619 0
          -3.808466636126238 13.61510328262592 0 -47.61766626437953 12.50000000015231 0
          -4.265994461419022 33.63252972617837 0 9.717089680346145 19.38010232495106 0
          20.75641062835906 -9.040340185327798 0
          <InformationKey name="L2_NORM_RANGE" location="vtkDataArray" length="2">
            <Value index="0">
              0
            </Value>
            <Value index="1">
              70.710678119
            </Value>
          </InformationKey>
        </DataArray>
      </Points>
      <Cells>
        <DataArray type="Int64" Name="connectivity" format="ascii" RangeMin="0" RangeMax="938">
          0 5 5 6 6 7
          7 8 8 9 9 10
          10 11 11 12 12 13
          13 14 14 15 15 16
          16 17 17 18 18 19
          19 20 20 21 21 22
          22 23 23 1 1 24
          24 25 25 26 26 27
          27 28 28 29 29 30
          30 31 31 32 32 33
          33 34 34 35 35 36
          36 37 37 38 38 39
          39 40 40 41 41 42
          42 2 2 43 43 44
          44 45 45 46 46 47
          47 48 48 49 49 50
          50 51 51 52 52 53
          53 54 54 55 55 56
          56 57 57 58 58 59
          59 60 60 61 61 3
          3 62 62 63 63 64
          64 65 65 66 66 67
          67 68 68 69 69 70
          70 71 71 72 72 73
          73 74 74 75 75 76
          76 77 77 78 78 79
          79 80 80 0 631 628
          752 620 618 801 229 224
          652 668 439 696 32 90
          577 541 539 850 364 326
          555 596 475 708 205 756
          797 639 225 640 248 668
          696 618 325 801 361 631
          752 599 182 669 511 99
          902 341 565 776 642 488
          679 505 746 774 756 666
          797 210 601 650 746 99
          774 562 204 563 702 502
          722 475 596 709 224 218
          652 434 543 646 513 633
          804 487 488 642 364 555
          704 155 204 562 99 511
          774 83 702 722 594 607
          644 164 157 561 523 94
          525 561 157 562 447 783
          844 665 473 705 284 571
          574 860 506 867 561 565
          846 542 418 599 210 650
          712 94 523 600 399 482
          521 538 805 845 291 635
          882 544 509 807 607 382
          644 571 573 574 115 806
          847 651 229 652 621 538
          845 91 629 630 514 468
          674 86 568 833 417 603
          604 640 225 910 521 482
          522 303 277 531 428 630
          631 31 32 577 97 860
          867 531 277 906 216 544
          807 796 569 813 473 665
          781 98 578 579 546 511
          902 776 565 887 806 553
          847 404 440 694 553 552
          847 560 561 846 617 425
          814 611 101 833 425 617
          764 448 554 769 100 548
          849 364 704 796 428 631
          632 101 73 833 457 544
          602 205 797 821 58 94
          600 577 90 810 57 58
          600 214 605 643 664 796
          813 14 15 570 771 812
          835 568 611 833 91 630
          724 207 619 620 188 614
          775 89 14 570 807 497
          870 561 562 565 550 102
          552 423 537 539 797 559
          821 783 516 844 185 188
          775 579 744 749 687 587
          929 769 554 931 72 101
          816 795 581 935 445 690
          713 91 52 629 746 505
          747 747 505 842 4 622
          819 542 599 669 635 817
          882 575 444 576 704 569
          796 418 542 598 576 434
          646 622 4 823 677 294
          835 843 517 844 153 151
          566 539 541 787 239 236
          609 602 544 934 436 620
          801 571 387 572 417 273
          603 207 620 809 847 552
          889 87 530 703 468 514
          825 101 613 816 263 229
          651 633 513 837 710 770
          828 290 297 534 605 499
          643 82 843 844 547 89
          570 624 687 929 633 103
          804 551 553 716 93 545
          713 182 599 899 157 155
          562 521 522 534 811 715
          866 437 627 688 236 234
          609 294 677 853 142 582
          583 399 477 482 281 284
          574 15 102 570 498 623
          775 101 611 612 716 553
          806 717 637 758 243 241
          598 529 581 795 417 604
          805 566 151 597 782 226
          838 102 550 570 57 600
          689 101 612 613 603 330
          604 142 131 582 241 418
          598 211 653 731 286 387
          571 226 175 922 296 751
          901 342 263 651 464 811
          866 423 532 537 667 439
          668 357 351 423 545 445
          713 665 89 714 650 652
          712 444 378 576 226 761
          838 575 576 646 297 299
          521 209 637 638 175 643
          922 297 521 534 548 100
          888 221 164 561 225 639
          716 294 771 835 540 28
          778 47 546 902 290 534
          933 273 272 603 562 563
          565 731 653 800 98 579
          841 546 47 884 545 93
          900 299 399 521 548 549
          849 271 270 272 269 268
          270 480 404 694 628 627
          752 216 807 870 688 636
          711 534 522 818 275 330
          603 568 86 813 596 232
          878 624 127 687 670 669
          753 709 596 878 168 815
          914 52 53 629 28 540
          897 306 717 758 770 403
          828 36 87 703 12 665
          705 90 760 810 503 554
          772 200 425 676 168 171
          815 50 642 679 420 479
          707 665 714 781 619 207
          676 605 706 857 760 90
          837 712 652 792 790 63
          849 482 477 541 602 207
          809 133 335 608 89 547
          714 4 850 871 552 102
          889 296 901 930 267 269
          615 437 688 711 267 231
          268 563 204 564 623 498
          706 271 272 273 621 572
          622 418 239 609 433 551
          678 104 626 627 269 270
          271 286 288 387 316 606
          647 299 301 399 554 448
          772 335 125 624 537 532
          538 137 159 644 351 303
          531 455 692 737 857 706
          877 316 346 606 679 488
          702 634 438 785 357 423
          539 173 175 226 658 507
          860 555 326 917 56 57
          689 267 268 269 371 369
          610 565 341 846 275 279
          330 247 243 598 606 717
          895 88 636 688 692 337
          737 155 153 204 104 54
          626 102 16 109 90 33
          633 284 286 571 277 417
          906 630 428 724 277 273
          417 335 588 893 81 705
          763 69 795 935 582 232
          596 588 335 929 97 8
          659 177 179 214 599 418
          609 305 303 351 705 473
          763 579 749 841 231 221
          560 196 207 602 312 383
          625 123 122 124 119 118
          120 121 120 122 208 840
          901 272 275 603 215 253
          647 117 116 118 671 454
          779 694 440 839 718 84
          848 544 216 934 627 437
          752 744 105 749 423 531
          532 601 442 649 232 146
          645 647 606 895 469 504
          667 109 85 110 125 124
          624 83 679 702 129 131
          142 312 625 666 573 572
          621 13 89 665 549 790
          849 581 84 935 614 188
          870 539 537 850 503 444
          554 423 351 531 656 81
          657 194 602 934 115 114
          116 637 209 758 627 626
          688 102 109 889 131 139
          582 605 214 706 571 572
          573 522 622 818 117 118
          119 119 120 121 121 122
          123 123 124 125 161 167
          645 442 344 649 190 192
          216 560 221 561 425 202
          672 543 434 907 10 81
          656 281 283 284 115 116
          117 116 211 648 485 410
          486 578 98 794 508 420
          707 406 378 444 268 231
          560 253 316 647 554 444
          575 110 111 112 175 177
          643 330 279 574 430 432
          470 376 374 434 307 309
          666 636 88 689 614 498
          775 533 784 854 137 135
          159 382 141 644 503 772
          864 196 198 207 812 591
          835 378 376 576 142 584
          687 443 442 518 346 430
          606 230 221 231 443 518
          519 557 558 559 678 551
          716 470 432 471 39 96
          661 77 95 663 88 56
          689 272 274 275 152 151
          153 780 814 831 601 649
          650 112 113 114 615 269
          793 112 114 115 470 471
          637 194 196 602 159 135
          608 583 582 596 613 791
          816 142 583 584 507 506
          860 53 104 629 135 133
          608 104 627 628 676 425
          764 451 556 557 8 9
          659 690 19 713 530 87
          898 376 434 576 409 247
          410 356 442 443 383 451
          625 352 351 357 374 371
          610 154 153 155 124 127
          624 250 366 728 655 66
          892 393 786 822 171 172
          173 204 153 566 268 560
          745 139 146 232 406 444
          503 666 625 797 177 214
          643 580 496 848 55 88
          626 17 85 109 34 103
          633 369 367 832 220 164
          221 272 270 274 356 344
          442 496 580 874 133 125
          335 637 471 638 451 557
          625 514 748 825 669 182
          753 139 232 582 124 126
          127 557 559 797 589 586
          677 111 85 690 146 161
          645 214 179 623 284 285
          286 279 281 574 309 312
          666 707 479 829 469 667
          668 486 410 542 425 672
          814 173 174 175 517 447
          844 110 85 111 564 567
          635 667 504 697 630 628
          631 409 410 485 652 218
          792 156 155 157 171 173
          782 649 342 651 359 357
          539 290 293 297 141 137
          644 251 257 686 399 401
          477 524 715 723 445 111
          690 266 231 267 786 501
          822 434 374 610 158 575
          885 817 567 830 430 470
          606 586 585 677 127 129
          687 51 91 642 276 273
          277 36 37 87 55 56
          88 17 18 85 74 75
          86 10 11 81 29 30
          82 48 49 83 67 68
          84 13 14 89 32 33
          90 51 52 91 70 71
          92 15 16 102 34 35
          103 53 54 104 72 73
          101 344 342 649 584 583
          585 520 533 854 161 166
          167 168 170 171 150 148
          151 638 640 727 584 587
          687 87 37 660 557 556
          558 86 75 662 662 663
          664 254 252 680 500 682
          842 454 671 768 12 13
          665 485 671 779 297 298
          299 715 328 723 175 176
          177 574 573 903 144 141
          382 183 755 768 465 636
          689 616 615 618 672 395
          673 338 267 615 343 342
          344 825 748 881 668 248
          855 525 94 923 424 516
          738 124 122 126 275 278
          279 286 287 288 622 572
          818 520 519 533 606 470
          717 355 344 356 185 187
          188 708 475 861 188 189
          190 112 111 113 780 617
          814 594 644 894 430 431
          432 588 586 589 163 157
          164 255 490 725 120 118
          264 127 128 129 458 381
          693 116 114 211 9 10
          656 638 639 640 200 202
          425 590 589 591 213 395
          672 518 442 601 661 96
          694 84 581 848 538 621
          823 84 718 892 486 542
          669 177 178 179 16 17
          109 54 55 626 33 34
          633 132 125 133 340 263
          342 656 657 658 241 239
          418 257 260 686 622 522
          819 179 181 623 600 465
          689 660 38 661 209 638
          727 317 254 680 662 76
          663 113 446 653 346 429
          430 373 371 374 129 130
          131 734 162 765 202 213
          672 38 39 661 76 77
          663 302 277 303 131 138
          139 410 247 598 629 628
          630 925 743 930 626 88
          688 486 669 670 390 339
          468 375 374 376 215 647
          773 260 347 454 551 552
          553 439 334 696 319 317
          453 453 317 680 485 486
          671 132 134 727 431 429
          714 250 350 366 349 249
          701 139 145 146 248 247
          409 129 142 687 682 500
          859 50 51 642 260 454
          686 619 618 620 522 482
          819 377 376 378 433 550
          551 584 585 586 379 378
          406 245 243 247 305 351
          352 740 670 753 134 133
          135 150 151 152 213 219
          395 323 321 326 9 656
          659 384 327 710 369 832
          913 432 433 678 438 491
          785 37 38 660 589 677
          835 75 76 662 152 153
          154 507 658 836 664 663
          829 592 591 593 7 97
          685 399 301 401 284 283
          285 496 718 848 451 555
          556 404 334 439 440 439
          667 646 543 700 468 339
          730 443 519 520 659 658
          860 383 450 451 83 49
          679 840 533 901 340 342
          343 93 21 681 96 40
          682 94 59 683 95 78
          684 220 221 230 6 7
          685 585 583 708 255 391
          490 343 344 355 424 515
          516 607 817 830 588 589
          590 181 185 775 755 686
          768 457 602 809 154 155
          156 325 618 928 188 187
          189 20 21 93 39 40
          96 58 59 94 77 78
          95 7 8 97 26 27
          98 45 46 99 64 65
          100 171 170 172 534 818
          933 497 614 870 136 135
          137 104 628 629 279 280
          281 22 105 681 41 108
          682 60 106 683 79 107
          684 49 50 679 21 22
          681 40 41 682 59 60
          683 78 79 684 207 198
          676 167 166 168 85 18
          690 397 381 458 118 116
          648 225 716 806 569 568
          813 356 443 675 22 23
          105 41 42 108 60 61
          106 79 80 107 359 539
          787 673 674 691 395 514
          674 324 455 737 419 507
          739 850 537 871 427 349
          701 117 119 225 547 431
          714 123 125 132 274 270
          745 443 520 675 216 192
          934 83 722 884 361 356
          675 743 296 930 188 190
          870 355 356 361 120 264
          736 563 564 852 583 596
          708 271 273 276 199 210
          712 173 172 174 594 593
          595 430 429 431 784 533
          840 564 566 567 488 427
          489 230 231 266 18 19
          690 66 655 834 20 93
          713 190 191 192 175 174
          176 201 199 712 323 326
          364 228 224 229 245 247
          248 324 400 455 673 395
          674 299 300 301 127 126
          128 413 475 709 638 471
          639 409 485 501 198 200
          676 82 30 843 419 506
          507 156 157 163 660 697
          898 146 160 161 650 651
          652 107 735 891 35 36
          703 114 113 653 11 12
          705 262 229 263 179 180
          181 680 734 765 275 274
          278 455 456 502 358 357
          359 190 189 191 395 219
          514 432 431 433 461 384
          710 368 367 369 590 591
          592 126 122 736 404 439
          440 31 577 843 512 363
          741 524 525 526 134 209
          727 112 115 847 458 731
          800 551 550 552 542 410
          598 373 374 375 455 502
          692 308 474 730 858 107
          891 611 461 612 203 164
          220 177 176 178 612 710
          828 297 293 298 214 623
          706 422 523 524 338 615
          616 728 366 784 416 415
          699 526 527 548 650 649
          651 850 4 920 265 258
          367 451 450 555 113 445
          446 575 158 931 238 236
          239 467 363 512 465 421
          636 406 503 510 336 263
          340 486 670 671 558 556
          641 587 586 588 563 852
          887 84 68 935 662 664
          813 132 133 134 103 35
          703 564 204 566 286 285
          287 548 527 549 370 369
          371 163 164 203 428 632
          905 414 535 536 631 361
          936 375 376 377 129 128
          130 526 525 527 422 524
          723 309 311 312 131 130
          138 656 658 659 377 378
          379 580 416 699 81 11
          705 489 427 701 657 81
          763 45 99 746 95 684
          707 281 282 283 139 138
          145 529 416 580 493 495
          578 340 343 711 140 137
          141 288 287 289 270 268
          745 608 335 893 134 135
          136 93 681 754 90 633
          837 228 229 262 253 314
          316 685 97 867 266 267
          338 304 303 305 397 458
          492 43 44 747 196 197
          198 48 83 884 5 6
          735 488 489 702 181 184
          185 578 495 579 482 541
          920 333 246 334 420 398
          479 524 523 525 146 145
          160 682 108 842 192 193
          194 315 254 317 481 500
          505 352 357 358 654 100
          834 198 199 200 391 412
          496 194 195 196 279 278
          280 394 390 415 725 490
          748 171 782 815 223 227
          255 255 329 391 288 290
          933 240 239 241 463 654
          655 200 201 202 343 437
          711 455 400 456 453 641
          872 389 334 404 413 353
          475 341 274 745 318 317
          319 91 724 908 478 413
          709 233 460 733 122 120
          736 322 321 323 458 693
          731 343 355 437 616 618
          619 636 421 711 262 263
          336 336 340 421 113 111
          445 320 319 321 372 371
          373 276 277 302 288 289
          290 185 186 187 393 441
          469 584 586 587 242 241
          243 331 310 339 179 178
          180 121 808 910 348 386
          393 471 432 678 385 339
          390 745 560 846 653 446
          800 136 137 140 323 364
          695 257 259 260 612 461
          710 658 657 824 592 593
          594 481 480 500 727 640
          808 244 243 245 460 784
          840 428 426 724 233 235
          460 202 212 213 463 462
          464 360 359 634 245 248
          696 316 345 346 452 568
          569 336 421 422 506 420
          508 412 329 462 310 308
          730 380 396 424 312 327
          383 250 349 350 381 379
          693 69 70 795 493 494
          495 307 666 756 237 249
          250 440 667 697 635 567
          817 529 580 581 389 480
          481 260 261 347 601 210
          925 424 466 515 213 217
          219 379 406 693 322 398
          419 438 634 904 484 206
          543 394 415 416 493 578
          726 308 222 474 510 503
          864 251 686 755 474 222
          766 565 563 887 227 224
          228 391 329 412 422 465
          523 383 384 450 390 468
          825 161 165 166 168 169
          170 228 262 328 143 141
          144 805 604 845 620 436
          809 463 464 654 419 420
          506 504 441 530 19 20
          713 255 227 329 491 499
          605 29 82 778 265 367
          368 149 148 150 147 144
          148 389 404 480 217 212
          218 71 72 816 322 323
          398 422 421 465 350 426
          428 448 126 736 238 239
          240 412 462 463 467 512
          513 524 526 715 446 445
          545 192 191 193 335 624
          929 333 334 389 523 465
          600 95 707 829 368 369
          370 324 333 400 346 392
          429 479 398 695 635 291
          873 680 252 734 610 369
          913 572 387 818 456 400
          511 326 321 872 470 637
          717 456 511 546 334 246
          696 202 201 212 198 197
          199 493 492 494 394 416
          528 244 246 324 320 321
          322 609 234 937 594 595
          607 604 330 903 223 218
          224 599 609 767 426 349
          427 469 441 504 200 199
          201 487 427 488 380 379
          381 419 398 420 396 381
          397 511 720 774 315 317
          318 196 195 197 738 516
          783 244 245 246 213 212
          217 223 224 227 433 547
          550 318 319 320 240 241
          242 854 905 919 392 345
          435 452 384 461 199 197
          210 240 242 337 818 387
          933 312 311 327 194 193
          195 316 314 345 150 152
          162 393 386 441 697 660
          839 863 478 878 438 449
          491 242 243 244 348 261
          363 73 74 833 398 323
          695 426 487 724 6 685
          735 367 258 798 421 340
          711 621 622 823 502 456
          722 324 246 333 515 466
          540 424 396 466 211 114
          653 397 492 493 568 461
          611 370 371 372 96 682
          859 237 236 238 385 390
          394 575 646 885 318 320
          365 347 261 348 147 149
          215 457 388 509 681 105
          744 246 245 696 450 384
          452 401 402 438 305 352
          698 161 160 165 331 339
          385 173 226 782 377 379
          380 217 218 223 251 169
          256 253 254 314 567 566
          597 528 416 529 380 381
          396 290 292 293 191 189
          208 720 481 774 299 298
          300 372 373 447 463 655
          718 791 92 816 386 363
          467 87 660 898 314 254
          315 331 385 403 452 461
          568 348 363 386 350 349
          426 383 327 384 281 280
          282 215 252 253 235 234
          236 250 249 349 469 668
          786 555 450 704 181 180
          184 264 118 648 185 184
          186 293 292 332 260 259
          261 699 490 874 187 186
          233 315 318 721 326 872
          917 253 252 254 426 427
          487 140 141 143 195 193
          296 170 169 251 309 310
          311 372 447 472 147 148
          149 233 186 234 693 510
          731 414 413 478 433 431
          547 414 478 535 149 150
          734 168 166 169 237 238
          249 143 144 147 28 29
          778 496 412 718 223 255
          725 362 408 459 311 310
          331 664 829 896 156 163
          205 768 671 915 257 256
          258 346 345 392 235 236
          237 358 359 360 454 347
          779 292 289 294 203 220
          222 354 413 414 26 98
          841 368 370 405 259 258
          265 382 607 830 406 510
          693 491 449 499 174 172
          183 66 67 892 115 117
          806 215 149 252 172 170
          755 392 435 473 257 258
          259 452 569 704 251 256
          257 302 303 304 474 691
          865 165 160 206 339 310
          730 256 762 798 225 119
          910 309 308 310 283 282
          291 24 25 749 644 159
          894 472 447 517 319 453
          872 579 495 744 414 536
          820 138 130 158 639 471
          678 354 353 413 462 329
          719 508 707 858 233 234
          235 237 250 728 497 408
          498 44 45 746 438 402
          449 300 353 354 536 782
          838 472 517 577 290 289
          292 211 731 912 228 328
          719 449 402 476 593 591
          812 808 640 910 511 400
          720 450 452 704 227 228
          719 437 355 752 619 676
          764 307 308 309 550 547
          570 380 424 738 456 546
          722 389 481 720 336 422
          723 623 181 775 400 333
          720 134 136 209 183 172
          755 63 64 849 412 463
          718 219 217 725 165 206
          483 128 126 448 355 361
          752 203 222 307 27 28
          897 460 235 728 262 336
          723 329 227 719 46 47
          902 464 462 811 701 249
          757 744 495 754 256 169
          762 475 353 788 180 178
          182 495 494 754 514 219
          748 681 744 754 230 266
          295 333 389 720 150 162
          734 121 123 808 100 65
          834 252 149 734 537 538
          871 504 530 898 328 262
          723 509 388 698 362 360
          407 140 143 306 322 419
          739 271 276 793 530 441
          729 397 493 726 393 469
          786 285 283 789 762 483
          798 318 365 721 625 557
          797 396 397 726 489 862
          926 148 144 886 483 206
          484 453 680 765 217 223
          725 435 345 732 278 274
          341 632 631 936 459 408
          497 791 613 911 732 721
          803 435 732 803 497 498
          614 457 509 544 710 327
          770 189 187 733 736 264
          772 80 0 875 42 2
          876 0 5 875 2 43
          876 490 391 874 238 240
          757 307 222 308 106 790
          890 375 377 738 338 616
          617 707 684 858 176 174
          740 599 767 899 466 396
          726 587 588 929 282 280
          411 358 360 362 441 386
          729 187 233 733 671 670
          915 244 324 737 639 678
          716 401 301 402 862 692
          926 304 305 388 510 864
          912 362 407 408 447 373
          783 386 467 729 70 92
          795 219 725 748 240 337
          757 300 298 353 249 238
          757 760 759 810 807 509
          921 394 528 742 686 454
          768 314 315 732 320 322
          739 402 301 750 315 721
          732 718 655 892 210 197
          743 23 1 880 1 24
          880 301 300 750 44 746
          747 852 411 887 345 314
          732 61 3 879 3 62
          879 501 485 779 648 211
          912 388 305 698 337 242
          737 559 558 826 331 403
          770 348 393 822 287 285
          313 417 805 906 235 237
          728 730 474 865 365 320
          739 242 244 737 661 694
          839 613 612 828 481 505
          774 377 380 738 837 513
          851 100 654 888 363 261
          741 854 366 905 170 251
          755 327 311 770 515 540
          778 512 741 802 169 166
          762 634 359 787 409 501
          855 269 271 793 726 578
          794 208 189 733 473 435
          763 541 477 787 162 152
          777 311 331 770 166 165
          762 62 63 790 403 385
          742 197 195 743 385 394
          742 663 95 829 350 428
          905 218 212 792 373 375
          783 259 265 741 460 728
          784 97 659 860 261 259
          741 405 759 760 476 402
          750 152 154 777 543 206
          938 779 347 822 715 526
          866 407 360 785 790 549
          890 178 176 753 760 837
          851 360 634 785 501 786
          855 174 183 740 304 388
          436 759 472 810 195 296
          743 147 215 773 151 148
          927 556 555 917 313 285
          789 672 673 814 298 293
          788 193 191 751 695 364
          796 436 388 457 749 25
          841 130 128 769 372 472
          759 581 580 848 353 298
          788 330 574 903 163 203
          756 86 662 813 296 193
          751 595 593 827 276 302
          325 714 429 781 499 449
          761 191 208 751 222 220
          766 165 483 762 220 230
          766 772 264 864 92 71
          816 731 510 912 370 372
          759 387 288 933 136 140
          758 293 332 788 616 619
          764 660 661 839 405 370
          759 677 585 856 449 476
          761 429 392 781 362 459
          799 300 354 750 466 726
          794 802 405 851 276 325
          793 375 738 783 448 736
          772 368 405 802 538 532
          805 158 130 769 182 178
          753 392 473 781 205 163
          756 706 498 877 232 645
          878 289 287 771 190 216
          870 739 507 836 492 458
          800 143 147 773 577 517
          843 782 536 815 283 291
          789 540 466 794 203 307
          756 700 543 938 751 208
          901 722 546 884 674 468
          865 93 754 900 658 824
          836 280 278 776 742 528
          791 729 467 804 230 295
          766 145 700 938 266 338
          780 683 106 890 176 740
          753 585 708 856 476 750
          820 554 575 931 156 205
          821 501 779 822 201 712
          792 128 448 769 294 289
          771 94 683 923 117 225
          806 618 615 928 110 112
          847 645 863 878 800 446
          869 467 513 804 209 136
          758 580 699 874 212 201
          792 140 306 758 74 86
          833 617 616 764 148 886
          927 258 256 798 306 143
          773 110 847 889 741 265
          802 814 673 831 591 589
          835 295 266 780 265 368
          802 487 642 908 643 499
          922 459 497 807 750 354
          820 446 545 869 498 408
          877 415 390 825 411 280
          776 564 635 852 536 535
          815 278 341 776 721 365
          824 512 802 851 673 691
          831 184 767 937 338 617
          780 328 715 811 292 294
          853 641 453 909 777 154
          821 468 730 865 186 184
          937 657 763 803 159 608
          868 287 313 771 490 699
          881 645 167 863 478 709
          878 154 156 821 132 727
          808 519 518 930 352 358
          799 434 610 907 573 621
          845 607 595 817 777 559
          826 109 110 889 401 438
          904 698 352 799 123 132
          808 65 66 834 167 168
          914 108 747 842 518 925
          930 683 890 923 472 577
          810 901 519 930 869 545
          900 489 701 862 803 721
          824 483 484 832 763 435
          803 415 825 881 160 145
          938 367 798 832 347 348
          822 358 362 799 845 604
          903 817 595 882 354 414
          820 872 641 917 337 692
          862 794 98 897 533 519
          901 642 91 908 820 536
          838 25 26 841 733 460
          840 30 31 843 138 158
          916 597 151 927 691 674
          865 767 609 937 719 328
          811 703 530 883 567 597
          830 462 719 811 798 483
          832 67 84 892 655 654
          834 64 100 849 492 800
          869 856 708 861 657 803
          824 302 304 801 700 145
          916 518 601 925 615 793
          928 691 474 918 765 162
          826 184 180 899 505 500
          842 767 184 899 634 787
          904 684 107 858 304 436
          801 513 512 851 778 82
          932 805 532 906 480 694
          859 787 477 904 248 409
          855 675 520 919 540 794
          897 325 302 801 43 747
          876 502 702 926 5 735
          875 210 743 925 282 411
          873 559 777 821 436 457
          809 162 777 826 144 382
          886 440 697 839 654 464
          888 526 548 866 761 226
          922 491 605 857 192 194
          934 530 729 883 771 313
          812 695 796 896 500 480
          859 332 292 853 4 819
          920 699 415 881 321 319
          872 106 61 879 105 23
          880 47 48 884 365 739
          836 108 42 876 107 80
          875 391 496 874 515 778
          932 694 96 859 494 492
          869 757 337 862 474 766
          918 98 27 897 119 121
          910 506 508 867 541 850
          920 68 69 935 99 46
          902 864 648 912 313 789
          827 796 664 896 405 760
          851 773 647 895 158 769
          931 361 675 936 516 515
          932 590 592 868 532 531
          906 786 668 855 761 476
          838 366 350 905 103 703
          883 824 365 836 812 313
          827 208 733 840 264 648
          864 791 528 924 295 780
          831 819 482 920 403 742
          911 701 757 862 494 869
          900 549 527 890 790 106
          879 558 641 909 341 745
          846 407 857 877 459 807
          921 475 788 861 535 478
          863 830 597 886 702 489
          926 747 108 876 735 107
          875 332 856 861 476 820
          838 382 830 886 588 590
          893 590 868 893 748 490
          881 538 823 871 905 632
          919 890 527 923 717 306
          895 853 677 856 528 529
          924 799 459 921 646 700
          885 765 826 909 697 504
          898 527 525 923 868 592
          894 92 791 924 595 827
          882 477 401 904 291 282
          873 735 685 891 408 407
          877 295 831 918 749 105
          880 823 4 871 826 558
          909 234 186 937 788 332
          861 828 403 911 479 695
          896 24 749 880 407 785
          857 499 761 922 784 366
          854 592 594 894 692 502
          926 593 812 827 641 556
          917 868 608 893 183 768
          915 206 160 938 158 885
          916 484 543 907 535 863
          914 411 852 873 729 804
          883 827 789 882 159 868
          894 180 182 899 754 494
          900 831 691 918 145 138
          916 453 765 909 698 799
          921 740 183 915 62 790
          879 529 795 924 670 740
          915 785 491 857 724 487
          908 464 866 888 863 167
          914 829 479 896 742 791
          911 789 291 882 613 828
          911 332 853 856 804 103
          883 509 698 921 508 858
          891 411 776 887 520 854
          919 306 773 895 867 508
          891 795 92 924 844 516
          932 675 919 936 766 295
          918 484 907 913 919 632
          936 815 535 914 793 325
          928 852 635 873 907 610
          913 832 484 913 685 867
          891 866 548 888 573 845
          903 82 844 932 885 700
          916 886 597 927
        </DataArray>
        <DataArray type="Int64" Name="offsets" format="ascii" RangeMin="2" RangeMax="5548">
          2 4 6 8 10 12
          14 16 18 20 22 24
          26 28 30 32 34 36
          38 40 42 44 46 48
          50 52 54 56 58 60
          62 64 66 68 70 72
          74 76 78 80 82 84
          86 88 90 92 94 96
          98 100 102 104 106 108
          110 112 114 116 118 120
          122 124 126 128 130 132
          134 136 138 140 142 144
          146 148 150 152 154 156
          158 160 163 166 169 172
          175 178 181 184 187 190
          193 196 199 202 205 208
          211 214 217 220 223 226
          229 232 235 238 241 244
          247 250 253 256 259 262
          265 268 271 274 277 280
          283 286 289 292 295 298
          301 304 307 310 313 316
          319 322 325 328 331 334
          337 340 343 346 349 352
          355 358 361 364 367 370
          373 376 379 382 385 388
          391 394 397 400 403 406
          409 412 415 418 421 424
          427 430 433 436 439 442
          445 448 451 454 457 460
          463 466 469 472 475 478
          481 484 487 490 493 496
          499 502 505 508 511 514
          517 520 523 526 529 532
          535 538 541 544 547 550
          553 556 559 562 565 568
          571 574 577 580 583 586
          589 592 595 598 601 604
          607 610 613 616 619 622
          625 628 631 634 637 640
          643 646 649 652 655 658
          661 664 667 670 673 676
          679 682 685 688 691 694
          697 700 703 706 709 712
          715 718 721 724 727 730
          733 736 739 742 745 748
          751 754 757 760 763 766
          769 772 775 778 781 784
          787 790 793 796 799 802
          805 808 811 814 817 820
          823 826 829 832 835 838
          841 844 847 850 853 856
          859 862 865 868 871 874
          877 880 883 886 889 892
          895 898 901 904 907 910
          913 916 919 922 925 928
          931 934 937 940 943 946
          949 952 955 958 961 964
          967 970 973 976 979 982
          985 988 991 994 997 1000
          1003 1006 1009 1012 1015 1018
          1021 1024 1027 1030 1033 1036
          1039 1042 1045 1048 1051 1054
          1057 1060 1063 1066 1069 1072
          1075 1078 1081 1084 1087 1090
          1093 1096 1099 1102 1105 1108
          1111 1114 1117 1120 1123 1126
          1129 1132 1135 1138 1141 1144
          1147 1150 1153 1156 1159 1162
          1165 1168 1171 1174 1177 1180
          1183 1186 1189 1192 1195 1198
          1201 1204 1207 1210 1213 1216
          1219 1222 1225 1228 1231 1234
          1237 1240 1243 1246 1249 1252
          1255 1258 1261 1264 1267 1270
          1273 1276 1279 1282 1285 1288
          1291 1294 1297 1300 1303 1306
          1309 1312 1315 1318 1321 1324
          1327 1330 1333 1336 1339 1342
          1345 1348 1351 1354 1357 1360
          1363 1366 1369 1372 1375 1378
          1381 1384 1387 1390 1393 1396
          1399 1402 1405 1408 1411 1414
          1417 1420 1423 1426 1429 1432
          1435 1438 1441 1444 1447 1450
          1453 1456 1459 1462 1465 1468
          1471 1474 1477 1480 1483 1486
          1489 1492 1495 1498 1501 1504
          1507 1510 1513 1516 1519 1522
          1525 1528 1531 1534 1537 1540
          1543 1546 1549 1552 1555 1558
          1561 1564 1567 1570 1573 1576
          1579 1582 1585 1588 1591 1594
          1597 1600 1603 1606 1609 1612
          1615 1618 1621 1624 1627 1630
          1633 1636 1639 1642 1645 1648
          1651 1654 1657 1660 1663 1666
          1669 1672 1675 1678 1681 1684
          1687 1690 1693 1696 1699 1702
          1705 1708 1711 1714 1717 1720
          1723 1726 1729 1732 1735 1738
          1741 1744 1747 1750 1753 1756
          1759 1762 1765 1768 1771 1774
          1777 1780 1783 1786 1789 1792
          1795 1798 1801 1804 1807 1810
          1813 1816 1819 1822 1825 1828
          1831 1834 1837 1840 1843 1846
          1849 1852 1855 1858 1861 1864
          1867 1870 1873 1876 1879 1882
          1885 1888 1891 1894 1897 1900
          1903 1906 1909 1912 1915 1918
          1921 1924 1927 1930 1933 1936
          1939 1942 1945 1948 1951 1954
          1957 1960 1963 1966 1969 1972
          1975 1978 1981 1984 1987 1990
          1993 1996 1999 2002 2005 2008
          2011 2014 2017 2020 2023 2026
          2029 2032 2035 2038 2041 2044
          2047 2050 2053 2056 2059 2062
          2065 2068 2071 2074 2077 2080
          2083 2086 2089 2092 2095 2098
          2101 2104 2107 2110 2113 2116
          2119 2122 2125 2128 2131 2134
          2137 2140 2143 2146 2149 2152
          2155 2158 2161 2164 2167 2170
          2173 2176 2179 2182 2185 2188
          2191 2194 2197 2200 2203 2206
          2209 2212 2215 2218 2221 2224
          2227 2230 2233 2236 2239 2242
          2245 2248 2251 2254 2257 2260
          2263 2266 2269 2272 2275 2278
          2281 2284 2287 2290 2293 2296
          2299 2302 2305 2308 2311 2314
          2317 2320 2323 2326 2329 2332
          2335 2338 2341 2344 2347 2350
          2353 2356 2359 2362 2365 2368
          2371 2374 2377 2380 2383 2386
          2389 2392 2395 2398 2401 2404
          2407 2410 2413 2416 2419 2422
          2425 2428 2431 2434 2437 2440
          2443 2446 2449 2452 2455 2458
          2461 2464 2467 2470 2473 2476
          2479 2482 2485 2488 2491 2494
          2497 2500 2503 2506 2509 2512
          2515 2518 2521 2524 2527 2530
          2533 2536 2539 2542 2545 2548
          2551 2554 2557 2560 2563 2566
          2569 2572 2575 2578 2581 2584
          2587 2590 2593 2596 2599 2602
          2605 2608 2611 2614 2617 2620
          2623 2626 2629 2632 2635 2638
          2641 2644 2647 2650 2653 2656
          2659 2662 2665 2668 2671 2674
          2677 2680 2683 2686 2689 2692
          2695 2698 2701 2704 2707 2710
          2713 2716 2719 2722 2725 2728
          2731 2734 2737 2740 2743 2746
          2749 2752 2755 2758 2761 2764
          2767 2770 2773 2776 2779 2782
          2785 2788 2791 2794 2797 2800
          2803 2806 2809 2812 2815 2818
          2821 2824 2827 2830 2833 2836
          2839 2842 2845 2848 2851 2854
          2857 2860 2863 2866 2869 2872
          2875 2878 2881 2884 2887 2890
          2893 2896 2899 2902 2905 2908
          2911 2914 2917 2920 2923 2926
          2929 2932 2935 2938 2941 2944
          2947 2950 2953 2956 2959 2962
          2965 2968 2971 2974 2977 2980
          2983 2986 2989 2992 2995 2998
          3001 3004 3007 3010 3013 3016
          3019 3022 3025 3028 3031 3034
          3037 3040 3043 3046 3049 3052
          3055 3058 3061 3064 3067 3070
          3073 3076 3079 3082 3085 3088
          3091 3094 3097 3100 3103 3106
          3109 3112 3115 3118 3121 3124
          3127 3130 3133 3136 3139 3142
          3145 3148 3151 3154 3157 3160
          3163 3166 3169 3172 3175 3178
          3181 3184 3187 3190 3193 3196
          3199 3202 3205 3208 3211 3214
          3217 3220 3223 3226 3229 3232
          3235 3238 3241 3244 3247 3250
          3253 3256 3259 3262 3265 3268
          3271 3274 3277 3280 3283 3286
          3289 3292 3295 3298 3301 3304
          3307 3310 3313 3316 3319 3322
          3325 3328 3331 3334 3337 3340
          3343 3346 3349 3352 3355 3358
          3361 3364 3367 3370 3373 3376
          3379 3382 3385 3388 3391 3394
          3397 3400 3403 3406 3409 3412
          3415 3418 3421 3424 3427 3430
          3433 3436 3439 3442 3445 3448
          3451 3454 3457 3460 3463 3466
          3469 3472 3475 3478 3481 3484
          3487 3490 3493 3496 3499 3502
          3505 3508 3511 3514 3517 3520
          3523 3526 3529 3532 3535 3538
          3541 3544 3547 3550 3553 3556
          3559 3562 3565 3568 3571 3574
          3577 3580 3583 3586 3589 3592
          3595 3598 3601 3604 3607 3610
          3613 3616 3619 3622 3625 3628
          3631 3634 3637 3640 3643 3646
          3649 3652 3655 3658 3661 3664
          3667 3670 3673 3676 3679 3682
          3685 3688 3691 3694 3697 3700
          3703 3706 3709 3712 3715 3718
          3721 3724 3727 3730 3733 3736
          3739 3742 3745 3748 3751 3754
          3757 3760 3763 3766 3769 3772
          3775 3778 3781 3784 3787 3790
          3793 3796 3799 3802 3805 3808
          3811 3814 3817 3820 3823 3826
          3829 3832 3835 3838 3841 3844
          3847 3850 3853 3856 3859 3862
          3865 3868 3871 3874 3877 3880
          3883 3886 3889 3892 3895 3898
          3901 3904 3907 3910 3913 3916
          3919 3922 3925 3928 3931 3934
          3937 3940 3943 3946 3949 3952
          3955 3958 3961 3964 3967 3970
          3973 3976 3979 3982 3985 3988
          3991 3994 3997 4000 4003 4006
          4009 4012 4015 4018 4021 4024
          4027 4030 4033 4036 4039 4042
          4045 4048 4051 4054 4057 4060
          4063 4066 4069 4072 4075 4078
          4081 4084 4087 4090 4093 4096
          4099 4102 4105 4108 4111 4114
          4117 4120 4123 4126 4129 4132
          4135 4138 4141 4144 4147 4150
          4153 4156 4159 4162 4165 4168
          4171 4174 4177 4180 4183 4186
          4189 4192 4195 4198 4201 4204
          4207 4210 4213 4216 4219 4222
          4225 4228 4231 4234 4237 4240
          4243 4246 4249 4252 4255 4258
          4261 4264 4267 4270 4273 4276
          4279 4282 4285 4288 4291 4294
          4297 4300 4303 4306 4309 4312
          4315 4318 4321 4324 4327 4330
          4333 4336 4339 4342 4345 4348
          4351 4354 4357 4360 4363 4366
          4369 4372 4375 4378 4381 4384
          4387 4390 4393 4396 4399 4402
          4405 4408 4411 4414 4417 4420
          4423 4426 4429 4432 4435 4438
          4441 4444 4447 4450 4453 4456
          4459 4462 4465 4468 4471 4474
          4477 4480 4483 4486 4489 4492
          4495 4498 4501 4504 4507 4510
          4513 4516 4519 4522 4525 4528
          4531 4534 4537 4540 4543 4546
          4549 4552 4555 4558 4561 4564
          4567 4570 4573 4576 4579 4582
          4585 4588 4591 4594 4597 4600
          4603 4606 4609 4612 4615 4618
          4621 4624 4627 4630 4633 4636
          4639 4642 4645 4648 4651 4654
          4657 4660 4663 4666 4669 4672
          4675 4678 4681 4684 4687 4690
          4693 4696 4699 4702 4705 4708
          4711 4714 4717 4720 4723 4726
          4729 4732 4735 4738 4741 4744
          4747 4750 4753 4756 4759 4762
          4765 4768 4771 4774 4777 4780
          4783 4786 4789 4792 4795 4798
          4801 4804 4807 4810 4813 4816
          4819 4822 4825 4828 4831 4834
          4837 4840 4843 4846 4849 4852
          4855 4858 4861 4864 4867 4870
          4873 4876 4879 4882 4885 4888
          4891 4894 4897 4900 4903 4906
          4909 4912 4915 4918 4921 4924
          4927 4930 4933 4936 4939 4942
          4945 4948 4951 4954 4957 4960
          4963 4966 4969 4972 4975 4978
          4981 4984 4987 4990 4993 4996
          4999 5002 5005 5008 5011 5014
          5017 5020 5023 5026 5029 5032
          5035 5038 5041 5044 5047 5050
          5053 5056 5059 5062 5065 5068
          5071 5074 5077 5080 5083 5086
          5089 5092 5095 5098 5101 5104
          5107 5110 5113 5116 5119 5122
          5125 5128 5131 5134 5137 5140
          5143 5146 5149 5152 5155 5158
          5161 5164 5167 5170 5173 5176
          5179 5182 5185 5188 5191 5194
          5197 5200 5203 5206 5209 5212
          5215 5218 5221 5224 5227 5230
          5233 5236 5239 5242 5245 5248
          5251 5254 5257 5260 5263 5266
          5269 5272 5275 5278 5281 5284
          5287 5290 5293 5296 5299 5302
          5305 5308 5311 5314 5317 5320
          5323 5326 5329 5332 5335 5338
          5341 5344 5347 5350 5353 5356
          5359 5362 5365 5368 5371 5374
          5377 5380 5383 5386 5389 5392
          5395 5398 5401 5404 5407 5410
          5413 5416 5419 5422 5425 5428
          5431 5434 5437 5440 5443 5446
          5449 5452 5455 5458 5461 5464
          5467 5470 5473 5476 5479 5482
          5485 5488 5491 5494 5497 5500
          5503 5506 5509 5512 5515 5518
          5521 5524 5527 5530 5533 5536
          5539 5542 5545 5548
        </DataArray>
        <DataArray type="UInt8" Name="types" format="ascii" RangeMin="3" RangeMax="5">
          3 3 3 3 3 3
          3 3 3 3 3 3
          3 3 3 3 3 3
          3 3 3 3 3 3
          3 3 3 3 3 3
          3 3 3 3 3 3
          3 3 3 3 3 3
          3 3 3 3 3 3
          3 3 3 3 3 3
          3 3 3 3 3 3
          3 3 3 3 3 3
          3 3 3 3 3 3
          3 3 3 3 3 3
          3 3 5 5 5 5
          5 5 5 5 5 5
          5 5 5 5 5 5
          5 5 5 5 5 5
          5 5 5 5 5 5
          5 5 5 5 5 5
          5 5 5 5 5 5
          5 5 5 5 5 5
          5 5 5 5 5 5
          5 5 5 5 5 5
          5 5 5 5 5 5
          5 5 5 5 5 5
          5 5 5 5 5 5
          5 5 5 5 5 5
          5 5 5 5 5 5
          5 5 5 5 5 5
          5 5 5 5 5 5
          5 5 5 5 5 5
          5 5 5 5 5 5
          5 5 5 5 5 5
          5 5 5 5 5 5
          5 5 5 5 5 5
          5 5 5 5 5 5
          5 5 5 5 5 5
          5 5 5 5 5 5
          5 5 5 5 5 5
          5 5 5 5 5 5
          5 5 5 5 5 5
          5 5 5 5 5 5
          5 5 5 5 5 5
          5 5 5 5 5 5
          5 5 5 5 5 5
          5 5 5 5 5 5
          5 5 5 5 5 5
          5 5 5 5 5 5
          5 5 5 5 5 5
          5 5 5 5 5 5
          5 5 5 5 5 5
          5 5 5 5 5 5
          5 5 5 5 5 5
          5 5 5 5 5 5
          5 5 5 5 5 5
          5 5 5 5 5 5
          5 5 5 5 5 5
          5 5 5 5 5 5
          5 5 5 5 5 5
          5 5 5 5 5 5
          5 5 5 5 5 5
          5 5 5 5 5 5
          5 5 5 5 5 5
          5 5 5 5 5 5
          5 5 5 5 5 5
          5 5 5 5 5 5
          5 5 5 5 5 5
          5 5 5 5 5 5
          5 5 5 5 5 5
          5 5 5 5 5 5
          5 5 5 5 5 5
          5 5 5 5 5 5
          5 5 5 5 5 5
          5 5 5 5 5 5
          5 5 5 5 5 5
          5 5 5 5 5 5
          5 5 5 5 5 5
          5 5 5 5 5 5
          5 5 5 5 5 5
          5 5 5 5 5 5
          5 5 5 5 5 5
          5 5 5 5 5 5
          5 5 5 5 5 5
          5 5 5 5 5 5
          5 5 5 5 5 5
          5 5 5 5 5 5
          5 5 5 5 5 5
          5 5 5 5 5 5
          5 5 5 5 5 5
          5 5 5 5 5 5
          5 5 5 5 5 5
          5 5 5 5 5 5
          5 5 5 5 5 5
          5 5 5 5 5 5
          5 5 5 5 5 5
          5 5 5 5 5 5
          5 5 5 5 5 5
          5 5 5 5 5 5
          5 5 5 5 5 5
          5 5 5 5 5 5
          5 5 5 5 5 5
          5 5 5 5 5 5
          5 5 5 5 5 5
          5 5 5 5 5 5
          5 5 5 5 5 5
          5 5 5 5 5 5
          5 5 5 5 5 5
          5 5 5 5 5 5
          5 5 5 5 5 5
          5 5 5 5 5 5
          5 5 5 5 5 5
          5 5 5 5 5 5
          5 5 5 5 5 5
          5 5 5 5 5 5
          5 5 5 5 5 5
          5 5 5 5 5 5
          5 5 5 5 5 5
          5 5 5 5 5 5
          5 5 5 5 5 5
          5 5 5 5 5 5
          5 5 5 5 5 5
          5 5 5 5 5 5
          5 5 5 5 5 5
          5 5 5 5 5 5
          5 5 5 5 5 5
          5 5 5 5 5 5
          5 5 5 5 5 5
          5 5 5 5 5 5
          5 5 5 5 5 5
          5 5 5 5 5 5
          5 5 5 5 5 5
          5 5 5 5 5 5
          5 5 5 5 5 5
          5 5 5 5 5 5
          5 5 5 5 5 5
          5 5 5 5 5 5
          5 5 5 5 5 5
          5 5 5 5 5 5
          5 5 5 5 5 5
          5 5 5 5 5 5
          5 5 5 5 5 5
          5 5 5 5 5 5
          5 5 5 5 5 5
          5 5 5 5 5 5
          5 5 5 5 5 5
          5 5 5 5 5 5
          5 5 5 5 5 5
          5 5 5 5 5 5
          5 5 5 5 5 5
          5 5 5 5 5 5
          5 5 5 5 5 5
          5 5 5 5 5 5
          5 5 5 5 5 5
          5 5 5 5 5 5
          5 5 5 5 5 5
          5 5 5 5 5 5
          5 5 5 5 5 5
          5 5 5 5 5 5
          5 5 5 5 5 5
          5 5 5 5 5 5
          5 5 5 5 5 5
          5 5 5 5 5 5
          5 5 5 5 5 5
          5 5 5 5 5 5
          5 5 5 5 5 5
          5 5 5 5 5 5
          5 5 5 5 5 5
          5 5 5 5 5 5
          5 5 5 5 5 5
          5 5 5 5 5 5
          5 5 5 5 5 5
          5 5 5 5 5 5
          5 5 5 5 5 5
          5 5 5 5 5 5
          5 5 5 5 5 5
          5 5 5 5 5 5
          5 5 5 5 5 5
          5 5 5 5 5 5
          5 5 5 5 5 5
          5 5 5 5 5 5
          5 5 5 5 5 5
          5 5 5 5 5 5
          5 5 5 5 5 5
          5 5 5 5 5 5
          5 5 5 5 5 5
          5 5 5 5 5 5
          5 5 5 5 5 5
          5 5 5 5 5 5
          5 5 5 5 5 5
          5 5 5 5 5 5
          5 5 5 5 5 5
          5 5 5 5 5 5
          5 5 5 5 5 5
          5 5 5 5 5 5
          5 5 5 5 5 5
          5 5 5 5 5 5
          5 5 5 5 5 5
          5 5 5 5 5 5
          5 5 5 5 5 5
          5 5 5 5 5 5
          5 5 5 5 5 5
          5 5 5 5 5 5
          5 5 5 5 5 5
          5 5 5 5 5 5
          5 5 5 5 5 5
          5 5 5 5 5 5
          5 5 5 5 5 5
          5 5 5 5 5 5
          5 5 5 5 5 5
          5 5 5 5 5 5
          5 5 5 5 5 5
          5 5 5 5 5 5
          5 5 5 5 5 5
          5 5 5 5 5 5
          5 5 5 5 5 5
          5 5 5 5 5 5
          5 5 5 5 5 5
          5 5 5 5 5 5
          5 5 5 5 5 5
          5 5 5 5 5 5
          5 5 5 5 5 5
          5 5 5 5 5 5
          5 5 5 5 5 5
          5 5 5 5 5 5
          5 5 5 5 5 5
          5 5 5 5 5 5
          5 5 5 5 5 5
          5 5 5 5 5 5
          5 5 5 5 5 5
          5 5 5 5 5 5
          5 5 5 5 5 5
          5 5 5 5 5 5
          5 5 5 5 5 5
          5 5 5 5 5 5
          5 5 5 5 5 5
          5 5 5 5 5 5
          5 5 5 5 5 5
          5 5 5 5 5 5
          5 5 5 5 5 5
          5 5 5 5 5 5
          5 5 5 5 5 5
          5 5 5 5 5 5
          5 5 5 5 5 5
          5 5 5 5 5 5
          5 5 5 5 5 5
          5 5 5 5 5 5
          5 5 5 5 5 5
          5 5 5 5 5 5
          5 5 5 5 5 5
          5 5 5 5 5 5
          5 5 5 5 5 5
          5 5 5 5 5 5
          5 5 5 5 5 5
          5 5 5 5 5 5
          5 5 5 5 5 5
          5 5 5 5 5 5
          5 5 5 5 5 5
          5 5 5 5 5 5
          5 5 5 5 5 5
          5 5 5 5 5 5
          5 5 5 5 5 5
          5 5 5 5 5 5
          5 5 5 5 5 5
          5 5 5 5 5 5
          5 5 5 5 5 5
          5 5 5 5 5 5
          5 5 5 5 5 5
          5 5 5 5 5 5
          5 5 5 5 5 5
          5 5 5 5 5 5
          5 5 5 5 5 5
          5 5 5 5 5 5
          5 5 5 5 5 5
          5 5 5 5 5 5
          5 5 5 5 5 5
          5 5 5 5 5 5
          5 5 5 5 5 5
          5 5 5 5 5 5
          5 5 5 5 5 5
          5 5 5 5 5 5
          5 5 5 5 5 5
          5 5 5 5 5 5
          5 5 5 5 5 5
          5 5 5 5 5 5
          5 5 5 5 5 5
          5 5 5 5 5 5
          5 5 5 5 5 5
          5 5 5 5 5 5
          5 5 5 5 5 5
          5 5 5 5 5 5
          5 5 5 5 5 5
          5 5 5 5 5 5
          5 5 5 5 5 5
          5 5 5 5 5 5
          5 5 5 5 5 5
          5 5 5 5 5 5
          5 5 5 5 5 5
          5 5 5 5 5 5
          5 5 5 5 5 5
          5 5 5 5 5 5
          5 5 5 5 5 5
          5 5 5 5 5 5
          5 5 5 5 5 5
          5 5 5 5 5 5
          5 5 5 5 5 5
          5 5 5 5 5 5
          5 5 5 5 5 5
          5 5 5 5 5 5
          5 5 5 5 5 5
          5 5 5 5 5 5
          5 5 5 5 5 5
          5 5 5 5 5 5
          5 5 5 5
        </DataArray>
      </Cells>
    </Piece>
  </UnstructuredGrid>
</VTKFile>
