time_s,q_lpm,q_smoothed_lpm
2500.0,0.0,0.004678171457896951
2500.749063670412,0.0,0.004678171457896951
2501.4981273408243,0.004678171457896951,0.004678171457896951
2502.2471910112363,0.004678171457896951,0.004678171457896951
2502.996254681648,0.004678171457896951,0.004678171457896951
2503.74531835206,0.004678171457896951,0.004678171457896951
2504.494382022472,0.004678171457896951,0.004678171457896951
2505.243445692884,0.004678171457896951,0.004678171457896951
2505.992509363296,0.004678171457896951,0.004678171457896951
2506.741573033708,0.004678171457896951,0.004678171457896951
2507.49063670412,0.004678171457896951,0.004678171457896951
2508.239700374532,0.004678171457896951,0.004678171457896951
2508.988764044944,0.004678171457896951,0.004678171457896951
2509.737827715356,0.004678171457896951,0.004678171457896951
2510.486891385768,0.004678171457896951,0.004678171457896951
2511.23595505618,0.004678171457896951,0.004678171457896951
2511.985018726592,0.004678171457896951,0.004678171457896951
2512.734082397004,0.004678171457896951,0.004678171457896951
2513.483146067416,0.004678171457896951,0.004678171457896951
2514.232209737828,0.004678171457896951,0.004678171457896951
2514.9812734082398,0.004678171457896951,0.004678171457896951
2515.7303370786517,0.004678171457896951,0.004678171457896951
2516.4794007490636,0.004678171457896951,0.004678171457896951
2517.228464419476,0.004678171457896951,0.004678171457896951
2517.977528089888,0.004678171457896951,0.004678171457896951
2518.7265917603,0.004678171457896951,0.004678171457896951
2519.475655430712,0.004678171457896951,0.004678171457896951
2520.224719101124,0.004678171457896951,0.004678171457896951
2520.9737827715358,0.004678171457896951,0.004678171457896951
2521.7228464419477,0.0,0.0
2522.4719101123596,0.0,0.0
2523.2209737827716,0.0,0.0
2523.9700374531835,0.0,0.0
2524.7191011235955,0.0,0.0
2525.468164794008,0.0,0.0
2526.21722846442,0.0,0.0
2526.9662921348317,0.0,0.0
2527.7153558052437,0.0,0.0
2528.4644194756556,0.0,0.0
2529.2134831460676,0.0,0.0
2529.9625468164795,0.0,0.0
2530.7116104868915,0.0,0.0
2531.4606741573034,0.0,0.0
2532.2097378277153,0.0,0.0
2532.9588014981273,0.0,0.0
2533.7078651685397,0.0,0.0
2534.4569288389516,0.0,0.0
2535.2059925093636,0.0,0.0
2535.9550561797755,0.0,0.0
2536.7041198501875,0.0,0.0
2537.4531835205994,0.0,0.0
2538.2022471910113,0.0,0.0
2538.9513108614233,0.0,0.0
2539.700374531835,0.0,0.0
2540.449438202247,0.0,0.0
2541.1985018726596,0.0,0.0
2541.9475655430715,0.0,0.0
2542.6966292134834,0.0,0.0
2543.4456928838954,0.0,0.0
2544.1947565543073,0.0,0.0
2544.9438202247193,0.0,0.0
2545.692883895131,0.0,0.0
2546.441947565543,0.0,0.0
2547.191011235955,0.0,0.0
2547.940074906367,0.0,0.0
2548.689138576779,0.0,0.0
2549.4382022471914,0.0,0.0
2550.1872659176033,0.0,0.0
2550.9363295880153,0.0,0.0
2551.685393258427,0.0,0.0
2552.434456928839,0.0,0.0
2553.183520599251,0.0,0.0
2553.932584269663,0.0,0.0
2554.681647940075,0.0,0.0
2555.430711610487,0.0,0.0
2556.179775280899,0.0,0.0
2556.9288389513113,0.0,0.0
2557.677902621723,0.0,0.0
2558.426966292135,0.0,0.0
2559.176029962547,0.0,0.0
2559.925093632959,0.0,0.0
2560.674157303371,0.0,0.0
2561.423220973783,0.0,0.0
2562.172284644195,0.0,0.0
2562.921348314607,0.0,0.0
2563.6704119850187,0.0,0.0
2564.4194756554307,0.0,0.0
2565.168539325843,0.0,0.0
2565.917602996255,0.0,0.0
2566.666666666667,0.0,0.0
2567.415730337079,0.0,0.0
2568.164794007491,0.0,0.0
2568.913857677903,0.0,0.0
2569.6629213483147,0.0,0.0
2570.4119850187267,0.0,0.0
2571.1610486891386,0.0,0.0
2571.9101123595506,0.0,0.0
2572.6591760299625,0.0,0.0
2573.408239700375,0.0,0.0
2574.157303370787,0.0,0.0
2574.906367041199,0.0,0.0
2575.6554307116107,0.0,0.0
2576.4044943820227,0.0,0.0
2577.1535580524346,0.0,0.0
2577.9026217228466,0.0,0.0
2578.6516853932585,0.0,0.0
2579.4007490636704,0.0,0.0
2580.1498127340824,0.0,0.0
2580.8988764044943,0.0,0.0
2581.6479400749067,0.0,0.0
2582.3970037453187,0.0,0.0
2583.1460674157306,0.0,0.0
2583.8951310861426,0.0,0.0
2584.6441947565545,0.0,0.0
2585.3932584269664,0.0,0.0
2586.1423220973784,0.0,0.0
2586.8913857677903,0.0,0.0
2587.6404494382023,0.0,0.0
2588.389513108614,0.0,0.0
2589.138576779026,0.0,0.0
2589.8876404494385,0.0,0.0
2590.6367041198505,0.0,0.0
2591.3857677902624,0.0,0.0
2592.1348314606744,0.0,0.0
2592.8838951310863,0.0,0.0
2593.6329588014983,0.0,0.0
2594.38202247191,0.0,0.0
2595.131086142322,0.0,0.0
2595.880149812734,0.0,0.0
2596.629213483146,0.0,0.0
2597.3782771535584,0.0,0.0
2598.1273408239704,0.0,0.0
2598.8764044943823,0.0,0.0
2599.6254681647943,0.0,0.0
2600.374531835206,0.0,0.0
2601.123595505618,0.0,0.0
2601.87265917603,0.0,0.0
2602.621722846442,0.0,0.0
2603.370786516854,0.0,0.0
2604.119850187266,0.0,0.0
2604.8689138576783,0.0,0.0
2605.6179775280903,0.0,0.0
2606.367041198502,0.0,0.0
2607.116104868914,0.0,0.0
2607.865168539326,0.0,0.0
2608.614232209738,0.0,0.0
2609.36329588015,0.0,0.0
2610.112359550562,0.0,0.0
2610.861423220974,0.0,0.0
2611.610486891386,0.0,0.0
2612.3595505617977,0.0,0.0
2613.10861423221,0.0,0.0
2613.857677902622,0.0,0.0
2614.606741573034,0.0,0.0
2615.355805243446,0.0,0.0
2616.104868913858,0.0,0.0
2616.85393258427,0.0,0.0
2617.602996254682,0.0,0.0
2618.3520599250937,0.0,0.0
2619.1011235955057,0.0,0.0
2619.8501872659176,0.0,0.0
2620.5992509363296,0.0,0.0
2621.348314606742,0.0,0.0
2622.097378277154,0.0,0.0
2622.846441947566,0.0,0.0
2623.595505617978,0.0,0.0
2624.3445692883897,0.0,0.0
2625.0936329588017,0.0,0.0
2625.8426966292136,0.0,0.0
2626.5917602996255,0.0,0.0
2627.3408239700375,0.0,0.0
2628.0898876404494,0.0,0.0
2628.8389513108614,0.0,0.0
2629.588014981274,0.0,0.0
2630.3370786516857,0.0,0.0
2631.0861423220977,0.0,0.0
2631.8352059925096,0.0,0.0
2632.5842696629215,0.0,0.0
2633.3333333333335,0.0,0.0
2634.0823970037454,0.0,0.0
2634.8314606741574,0.0,0.0
2635.5805243445693,0.0,0.0
2636.3295880149813,0.0,0.0
2637.078651685393,0.0,0.0
2637.8277153558056,0.0,0.0
2638.5767790262175,0.0,0.0
2639.3258426966295,0.0,0.0
2640.0749063670414,0.0,0.0
2640.8239700374534,0.0,0.0
2641.5730337078653,0.0,0.0
2642.3220973782772,0.0,0.0
2643.071161048689,0.0,0.0
2643.820224719101,0.0,0.0
2644.569288389513,0.0,0.0
2645.318352059925,0.0,0.0
2646.0674157303374,0.0,0.0
2646.8164794007494,0.0,0.0
2647.5655430711613,0.0,0.0
2648.3146067415732,0.0,0.0
2649.063670411985,0.0,0.0
2649.812734082397,0.0,0.0
2650.561797752809,0.0,0.0
2651.310861423221,0.0,0.0
2652.059925093633,0.05705989203429951,0.022138744983365655
2652.808988764045,0.05705989203429951,0.022138744983365655
2653.5580524344573,0.022138744983365655,0.03377912733367694
2654.3071161048692,0.022138744983365655,0.03377912733367694
2655.056179775281,0.03377912733367694,0.045419509683988224
2655.805243445693,0.03377912733367694,0.05705989203429951
2656.554307116105,0.045419509683988224,0.05705989203429951
2657.303370786517,0.0687002743846108,0.0687002743846108
2658.052434456929,0.08034065673492208,0.08034065673492208
2658.801498127341,0.31023820815357617,0.31023820815357617
2659.550561797753,0.5401357595722303,0.5401357595722303
2660.299625468165,0.6274386271995667,0.6099780536740997
2661.048689138577,0.6157982448492554,0.6157982448492554
2661.797752808989,0.6099780536740997,0.6157982448492554
2662.546816479401,0.6157982448492554,0.621618436024411
2663.295880149813,0.621618436024411,0.621618436024411
2664.044943820225,0.6274386271995667,0.621618436024411
2664.794007490637,0.6274386271995667,0.621618436024411
2665.543071161049,0.6332588183747223,0.621618436024411
2666.2921348314608,0.6274386271995667,0.621618436024411
2667.0411985018727,0.6332588183747223,0.621618436024411
2667.7902621722847,0.6332588183747223,0.621618436024411
2668.5393258426966,0.6274386271995667,0.621618436024411
2669.288389513109,0.621618436024411,0.6274386271995667
2670.037453183521,0.621618436024411,0.6274386271995667
2670.786516853933,0.621618436024411,0.6274386271995667
2671.535580524345,0.6157982448492554,0.6274386271995667
2672.2846441947568,0.621618436024411,0.6274386271995667
2673.0337078651687,0.6332588183747223,0.6274386271995667
2673.7827715355807,0.621618436024411,0.6274386271995667
2674.5318352059926,0.621618436024411,0.6274386271995667
2675.2808988764045,0.6274386271995667,0.6274386271995667
2676.0299625468165,0.6274386271995667,0.6274386271995667
2676.7790262172284,0.6274386271995667,0.621618436024411
2677.528089887641,0.6332588183747223,0.621618436024411
2678.2771535580528,0.6274386271995667,0.621618436024411
2679.0262172284647,0.6274386271995667,0.621618436024411
2679.7752808988766,0.6274386271995667,0.621618436024411
2680.5243445692886,0.6274386271995667,0.621618436024411
2681.2734082397005,0.6274386271995667,0.621618436024411
2682.0224719101125,0.621618436024411,0.621618436024411
2682.7715355805244,0.6157982448492554,0.6157982448492554
2683.5205992509364,0.004678171457896951,0.0687002743846108
2684.2696629213483,0.0687002743846108,0.0687002743846108
2685.0187265917602,0.0687002743846108,0.05705989203429951
2685.7677902621726,0.05705989203429951,0.05705989203429951
2686.5168539325846,0.05705989203429951,0.051239700859143866
2687.2659176029965,0.051239700859143866,0.051239700859143866
2688.0149812734085,0.051239700859143866,0.03959931850883258
2688.7640449438204,0.0,0.03959931850883258
2689.5131086142324,0.0,0.03959931850883258
2690.2621722846443,0.0,0.03959931850883258
2691.0112359550562,0.0,0.03959931850883258
2691.760299625468,0.0,0.03959931850883258
2692.50936329588,0.0,0.03959931850883258
2693.258426966292,0.03959931850883258,0.03959931850883258
2694.0074906367045,0.03959931850883258,0.03959931850883258
2694.7565543071164,0.03959931850883258,0.03959931850883258
2695.5056179775283,0.03959931850883258,0.03959931850883258
2696.2546816479403,0.03959931850883258,0.03959931850883258
2697.0037453183522,0.045419509683988224,0.045419509683988224
2697.752808988764,0.051239700859143866,0.051239700859143866
2698.501872659176,0.06288008320945515,0.06288008320945515
2699.250936329588,0.06288008320945515,0.06288008320945515
2700.0,0.08034065673492208,0.08034065673492208
2700.7490636704124,0.2956877302156862,0.2956877302156862
2701.498127340824,0.4877540389958277,0.4877540389958277
2702.2471910112363,0.5110348036964503,0.5110348036964503
2702.996254681648,0.5226751860467616,0.5110348036964503
2703.74531835206,0.5168549948716059,0.5110348036964503
2704.494382022472,0.5110348036964503,0.5110348036964503
2705.243445692884,0.5110348036964503,0.5110348036964503
2705.992509363296,0.5168549948716059,0.5110348036964503
2706.741573033708,0.5168549948716059,0.5110348036964503
2707.49063670412,0.5226751860467616,0.5110348036964503
2708.239700374532,0.5459559507473859,0.5110348036964503
2708.988764044944,0.5459559507473859,0.5110348036964503
2709.7378277153557,0.5168549948716059,0.5110348036964503
2710.486891385768,0.5110348036964503,0.5110348036964503
2711.23595505618,0.5052146125212946,0.5052146125212946
2711.985018726592,0.5052146125212946,0.5052146125212946
2712.734082397004,0.5052146125212946,0.5052146125212946
2713.483146067416,0.5052146125212946,0.5052146125212946
2714.232209737828,0.499394421346139,0.5052146125212946
2714.9812734082398,0.499394421346139,0.5052146125212946
2715.7303370786517,0.499394421346139,0.5052146125212946
2716.4794007490636,0.499394421346139,0.5052146125212946
2717.228464419476,0.499394421346139,0.5052146125212946
2717.977528089888,0.5052146125212946,0.5052146125212946
2718.7265917603,0.5052146125212946,0.5052146125212946
2719.475655430712,0.5052146125212946,0.5052146125212946
2720.224719101124,0.5110348036964503,0.5110348036964503
2720.9737827715358,0.5226751860467616,0.5226751860467616
2721.7228464419477,0.5226751860467616,0.5226751860467616
2722.4719101123596,0.5284953772219172,0.5284953772219172
2723.2209737827716,0.5284953772219172,0.5284953772219172
2723.9700374531835,0.5401357595722303,0.5284953772219172
2724.7191011235955,0.5401357595722303,0.5284953772219172
2725.468164794008,0.5401357595722303,0.5284953772219172
2726.21722846442,0.5343155683970746,0.5284953772219172
2726.9662921348317,0.5343155683970746,0.5284953772219172
2727.7153558052437,0.5284953772219172,0.5284953772219172
2728.4644194756556,0.5284953772219172,0.5284953772219172
2729.2134831460676,0.5284953772219172,0.5284953772219172
2729.9625468164795,0.5343155683970746,0.5284953772219172
2730.7116104868915,0.5343155683970746,0.5343155683970746
2731.4606741573034,0.5343155683970746,0.5343155683970746
2732.2097378277153,0.5343155683970746,0.5343155683970746
2732.9588014981273,0.5343155683970746,0.5284953772219172
2733.7078651685397,0.5284953772219172,0.5284953772219172
2734.4569288389516,0.5284953772219172,0.5284953772219172
2735.2059925093636,0.5226751860467616,0.5284953772219172
2735.9550561797755,0.5168549948716059,0.5284953772219172
2736.7041198501875,0.5284953772219172,0.5284953772219172
2737.4531835205994,0.5284953772219172,0.5284953772219172
2738.2022471910113,0.5343155683970746,0.5284953772219172
2738.9513108614233,0.5284953772219172,0.5284953772219172
2739.700374531835,0.5343155683970746,0.5284953772219172
2740.449438202247,0.5284953772219172,0.5284953772219172
2741.198501872659,0.5284953772219172,0.5284953772219172
2741.9475655430715,0.5226751860467616,0.5343155683970746
2742.6966292134834,0.5284953772219172,0.5343155683970746
2743.4456928838954,0.5343155683970746,0.5343155683970746
2744.1947565543073,0.5459559507473859,0.5401357595722303
2744.9438202247193,0.5459559507473859,0.5401357595722303
2745.692883895131,0.5517761419225415,0.5401357595722303
2746.441947565543,0.5459559507473859,0.5401357595722303
2747.191011235955,0.5401357595722303,0.5401357595722303
2747.940074906367,0.5401357595722303,0.5401357595722303
2748.689138576779,0.5401357595722303,0.5401357595722303
2749.438202247191,0.5401357595722303,0.5401357595722303
2750.1872659176033,0.5401357595722303,0.5401357595722303
2750.9363295880153,0.5401357595722303,0.5401357595722303
2751.685393258427,0.5401357595722303,0.5459559507473859
2752.434456928839,0.5401357595722303,0.5401357595722303
2753.183520599251,0.5401357595722303,0.5401357595722303
2753.932584269663,0.5401357595722303,0.5401357595722303
2754.681647940075,0.5459559507473859,0.5401357595722303
2755.430711610487,0.5459559507473859,0.5401357595722303
2756.179775280899,0.5459559507473859,0.5401357595722303
2756.9288389513113,0.5459559507473859,0.5401357595722303
2757.6779026217228,0.5459559507473859,0.5401357595722303
2758.426966292135,0.5517761419225415,0.5401357595722303
2759.176029962547,0.5459559507473859,0.5401357595722303
2759.925093632959,0.5401357595722303,0.5401357595722303
2760.674157303371,0.5343155683970746,0.5401357595722303
2761.423220973783,0.5343155683970746,0.5401357595722303
2762.172284644195,0.5343155683970746,0.5343155683970746
2762.921348314607,0.5401357595722303,0.5343155683970746
2763.6704119850187,0.5401357595722303,0.5343155683970746
2764.4194756554307,0.5343155683970746,0.5343155683970746
2765.168539325843,0.5284953772219172,0.5284953772219172
2765.917602996255,0.5168549948716059,0.5226751860467616
2766.666666666667,0.5168549948716059,0.5226751860467616
2767.415730337079,0.5168549948716059,0.5226751860467616
2768.164794007491,0.5226751860467616,0.5226751860467616
2768.913857677903,0.5168549948716059,0.5226751860467616
2769.6629213483147,0.5168549948716059,0.5226751860467616
2770.4119850187267,0.5168549948716059,0.5226751860467616
2771.1610486891386,0.5168549948716059,0.5226751860467616
2771.9101123595506,0.5226751860467616,0.5226751860467616
2772.6591760299625,0.5226751860467616,0.5226751860467616
2773.408239700375,0.5226751860467616,0.5226751860467616
2774.157303370787,0.5284953772219172,0.5226751860467616
2774.906367041199,0.5284953772219172,0.5226751860467616
2775.6554307116107,0.5226751860467616,0.5226751860467616
2776.4044943820227,0.5284953772219172,0.5226751860467616
2777.1535580524346,0.5226751860467616,0.5226751860467616
2777.9026217228466,0.5226751860467616,0.5284953772219172
2778.6516853932585,0.5226751860467616,0.5284953772219172
2779.4007490636704,0.5226751860467616,0.5284953772219172
2780.1498127340824,0.5284953772219172,0.5284953772219172
2780.8988764044943,0.5401357595722303,0.5284953772219172
2781.6479400749067,0.5459559507473859,0.5284953772219172
2782.3970037453187,0.5517761419225415,0.5284953772219172
2783.1460674157306,0.5517761419225415,0.5284953772219172
2783.8951310861426,0.5517761419225415,0.5284953772219172
2784.6441947565545,0.5401357595722303,0.5343155683970746
2785.3932584269664,0.5343155683970746,0.5343155683970746
2786.1423220973784,0.5284953772219172,0.5401357595722303
2786.8913857677903,0.5284953772219172,0.5401357595722303
2787.6404494382023,0.5226751860467616,0.5401357595722303
2788.389513108614,0.5226751860467616,0.5459559507473859
2789.138576779026,0.5284953772219172,0.5459559507473859
2789.8876404494385,0.5343155683970746,0.5517761419225415
2790.6367041198505,0.5401357595722303,0.5517761419225415
2791.3857677902624,0.5517761419225415,0.5517761419225415
2792.1348314606744,0.5459559507473859,0.5517761419225415
2792.8838951310863,0.5983376713237867,0.5983376713237867
2793.6329588014983,0.639079009549878,0.639079009549878
2794.38202247191,0.73220206835237,0.73220206835237
2795.131086142322,0.8136847448045508,0.8136847448045508
2795.880149812734,0.8777068477312646,0.8777068477312646
2796.629213483146,0.9300885683076672,0.9300885683076672
2797.378277153558,0.9591895241834454,0.9591895241834454
2798.1273408239704,1.0697731565114061,1.0697731565114061
2798.8764044943823,1.1105144947374956,1.10469430356234
2799.6254681647943,1.1396154506132756,1.10469430356234
2800.374531835206,1.1279750682629626,1.1105144947374956
2801.123595505618,1.10469430356234,1.1105144947374956
2801.87265917603,1.10469430356234,1.1105144947374956
2802.621722846442,1.1105144947374956,1.1105144947374956
2803.370786516854,1.1105144947374956,1.122154877087807
2804.119850187266,1.1105144947374956,1.1279750682629626
2804.868913857678,1.122154877087807,1.1279750682629626
2805.61797752809,1.1279750682629626,1.13379525943812
2806.367041198502,1.151255832963587,1.13379525943812
2807.116104868914,1.1570760241387426,1.13379525943812
2807.865168539326,1.1570760241387426,1.13379525943812
2808.614232209738,1.151255832963587,1.13379525943812
2809.36329588015,1.1396154506132756,1.13379525943812
2810.112359550562,1.1454356417884313,1.13379525943812
2810.861423220974,1.1396154506132756,1.13379525943812
2811.610486891386,1.1454356417884313,1.13379525943812
2812.3595505617977,1.1396154506132756,1.13379525943812
2813.10861423221,1.13379525943812,1.13379525943812
2813.8576779026216,1.13379525943812,1.13379525943812
2814.606741573034,1.13379525943812,1.13379525943812
2815.355805243446,1.13379525943812,1.13379525943812
2816.104868913858,1.13379525943812,1.13379525943812
2816.85393258427,1.13379525943812,1.13379525943812
2817.602996254682,1.13379525943812,1.13379525943812
2818.3520599250937,1.13379525943812,1.13379525943812
2819.1011235955057,1.1163346859126513,1.13379525943812
2819.8501872659176,1.1163346859126513,1.13379525943812
2820.5992509363296,1.1105144947374956,1.1279750682629626
2821.348314606742,1.1105144947374956,1.1279750682629626
2822.097378277154,1.1163346859126513,1.1279750682629626
2822.846441947566,1.1279750682629626,1.1279750682629626
2823.595505617978,1.1396154506132756,1.1279750682629626
2824.3445692883897,1.13379525943812,1.1279750682629626
2825.0936329588017,1.1279750682629626,1.122154877087807
2825.8426966292136,1.1279750682629626,1.122154877087807
2826.5917602996255,1.1279750682629626,1.122154877087807
2827.3408239700375,1.1279750682629626,1.122154877087807
2828.0898876404494,1.1279750682629626,1.122154877087807
2828.8389513108614,1.1163346859126513,1.122154877087807
2829.588014981274,1.1163346859126513,1.122154877087807
2830.3370786516857,1.1163346859126513,1.122154877087807
2831.0861423220977,1.1163346859126513,1.1163346859126513
2831.8352059925096,1.1163346859126513,1.1163346859126513
2832.5842696629215,1.122154877087807,1.1163346859126513
2833.3333333333335,1.122154877087807,1.1163346859126513
2834.0823970037454,1.122154877087807,1.1163346859126513
2834.8314606741574,1.1163346859126513,1.1163346859126513
2835.5805243445693,1.1163346859126513,1.1163346859126513
2836.3295880149813,1.1163346859126513,1.1163346859126513
2837.078651685393,1.1163346859126513,1.1163346859126513
2837.8277153558056,1.10469430356234,1.1163346859126513
2838.5767790262175,1.10469430356234,1.122154877087807
2839.3258426966295,1.1105144947374956,1.122154877087807
2840.0749063670414,1.1163346859126513,1.122154877087807
2840.8239700374534,1.122154877087807,1.122154877087807
2841.5730337078653,1.1279750682629626,1.122154877087807
2842.3220973782772,1.1279750682629626,1.1279750682629626
2843.071161048689,1.122154877087807,1.1279750682629626
2843.820224719101,1.13379525943812,1.1279750682629626
2844.569288389513,1.13379525943812,1.1279750682629626
2845.318352059925,1.13379525943812,1.1279750682629626
2846.0674157303374,1.13379525943812,1.1279750682629626
2846.8164794007494,1.1279750682629626,1.1279750682629626
2847.5655430711613,1.1279750682629626,1.1279750682629626
2848.3146067415732,1.13379525943812,1.1279750682629626
2849.063670411985,1.1396154506132756,1.1279750682629626
2849.812734082397,1.13379525943812,1.1279750682629626
2850.561797752809,1.1279750682629626,1.1279750682629626
2851.310861423221,1.122154877087807,1.1279750682629626
2852.059925093633,1.1279750682629626,1.1279750682629626
2852.808988764045,1.1279750682629626,1.1279750682629626
2853.558052434457,1.1279750682629626,1.1279750682629626
2854.3071161048692,1.1279750682629626,1.1279750682629626
2855.056179775281,1.1279750682629626,1.1279750682629626
2855.805243445693,1.1279750682629626,1.1279750682629626
2856.554307116105,1.122154877087807,1.1279750682629626
2857.303370786517,1.1163346859126513,1.1279750682629626
2858.052434456929,1.1163346859126513,1.1279750682629626
2858.801498127341,1.122154877087807,1.1279750682629626
2859.550561797753,1.122154877087807,1.1279750682629626
2860.299625468165,1.13379525943812,1.1279750682629626
2861.048689138577,1.13379525943812,1.1279750682629626
2861.7977528089887,1.1279750682629626,1.1279750682629626
2862.546816479401,1.1279750682629626,1.1279750682629626
2863.295880149813,1.13379525943812,1.122154877087807
2864.044943820225,1.13379525943812,1.122154877087807
2864.794007490637,1.1396154506132756,1.1279750682629626
2865.543071161049,1.1279750682629626,1.1279750682629626
2866.2921348314608,1.1279750682629626,1.1279750682629626
2867.0411985018727,1.122154877087807,1.1279750682629626
2867.7902621722847,1.1105144947374956,1.1279750682629626
2868.5393258426966,1.1163346859126513,1.1279750682629626
2869.288389513109,1.1163346859126513,1.1279750682629626
2870.037453183521,1.1163346859126513,1.1279750682629626
2870.786516853933,1.122154877087807,1.1279750682629626
2871.535580524345,1.1279750682629626,1.1279750682629626
2872.2846441947568,1.1279750682629626,1.1279750682629626
2873.0337078651687,1.1279750682629626,1.1279750682629626
2873.7827715355807,1.13379525943812,1.1279750682629626
2874.5318352059926,1.13379525943812,1.1279750682629626
2875.2808988764045,1.1279750682629626,1.1279750682629626
2876.0299625468165,1.1279750682629626,1.1279750682629626
2876.7790262172284,1.1396154506132756,1.1279750682629626
2877.528089887641,1.1396154506132756,1.1279750682629626
2878.2771535580528,1.1396154506132756,1.1279750682629626
2879.0262172284647,1.1454356417884313,1.1279750682629626
2879.7752808988766,1.1454356417884313,1.1279750682629626
2880.5243445692886,1.1396154506132756,1.1279750682629626
2881.2734082397005,1.13379525943812,1.13379525943812
2882.0224719101125,1.1163346859126513,1.13379525943812
2882.7715355805244,1.1105144947374956,1.1279750682629626
2883.5205992509364,1.1105144947374956,1.1279750682629626
2884.2696629213483,1.1163346859126513,1.1279750682629626
2885.0187265917602,1.1163346859126513,1.1279750682629626
2885.7677902621726,1.122154877087807,1.1279750682629626
2886.5168539325846,1.1279750682629626,1.1279750682629626
2887.2659176029965,1.1279750682629626,1.1279750682629626
2888.0149812734085,1.13379525943812,1.1279750682629626
2888.7640449438204,1.1396154506132756,1.1279750682629626
2889.5131086142324,1.13379525943812,1.1279750682629626
2890.2621722846443,1.1279750682629626,1.1279750682629626
2891.0112359550562,1.1279750682629626,1.1279750682629626
2891.760299625468,1.122154877087807,1.1279750682629626
2892.50936329588,1.122154877087807,1.1279750682629626
2893.258426966292,1.1163346859126513,1.1279750682629626
2894.0074906367045,1.122154877087807,1.1279750682629626
2894.7565543071164,1.13379525943812,1.1279750682629626
2895.5056179775283,1.1396154506132756,1.1279750682629626
2896.2546816479403,1.13379525943812,1.1279750682629626
2897.0037453183522,1.1279750682629626,1.1279750682629626
2897.752808988764,1.1279750682629626,1.1279750682629626
2898.501872659176,1.122154877087807,1.1279750682629626
2899.250936329588,1.1279750682629626,1.1279750682629626
2900.0,1.1396154506132756,1.1279750682629626
2900.749063670412,1.1454356417884313,1.1279750682629626
2901.498127340824,1.13379525943812,1.13379525943812
2902.2471910112363,1.1279750682629626,1.13379525943812
2902.996254681648,1.1279750682629626,1.13379525943812
2903.74531835206,1.13379525943812,1.13379525943812
2904.494382022472,1.13379525943812,1.13379525943812
2905.243445692884,1.1396154506132756,1.13379525943812
2905.992509363296,1.13379525943812,1.13379525943812
2906.741573033708,1.1279750682629626,1.13379525943812
2907.49063670412,1.1279750682629626,1.13379525943812
2908.239700374532,1.1279750682629626,1.13379525943812
2908.9887640449438,1.13379525943812,1.13379525943812
2909.7378277153557,1.13379525943812,1.13379525943812
2910.486891385768,1.13379525943812,1.13379525943812
2911.23595505618,1.13379525943812,1.13379525943812
2911.985018726592,1.1279750682629626,1.13379525943812
2912.734082397004,1.1279750682629626,1.1279750682629626
2913.483146067416,1.13379525943812,1.1279750682629626
2914.232209737828,1.13379525943812,1.1279750682629626
2914.9812734082398,1.13379525943812,1.1279750682629626
2915.7303370786517,1.13379525943812,1.1279750682629626
2916.4794007490636,1.1279750682629626,1.1279750682629626
2917.228464419476,1.122154877087807,1.1279750682629626
2917.9775280898875,1.122154877087807,1.1279750682629626
2918.7265917603,1.1279750682629626,1.1279750682629626
2919.475655430712,1.1279750682629626,1.1279750682629626
2920.224719101124,1.122154877087807,1.1279750682629626
2920.9737827715358,1.1279750682629626,1.1279750682629626
2921.7228464419477,1.1279750682629626,1.1279750682629626
2922.4719101123596,1.13379525943812,1.1279750682629626
2923.2209737827716,1.13379525943812,1.1279750682629626
2923.9700374531835,1.1279750682629626,1.1279750682629626
2924.7191011235955,1.122154877087807,1.1279750682629626
2925.468164794008,1.122154877087807,1.1279750682629626
2926.21722846442,1.1279750682629626,1.13379525943812
2926.9662921348317,1.13379525943812,1.13379525943812
2927.7153558052437,1.13379525943812,1.13379525943812
2928.4644194756556,1.1279750682629626,1.13379525943812
2929.2134831460676,1.13379525943812,1.13379525943812
2929.9625468164795,1.13379525943812,1.13379525943812
2930.7116104868915,1.1454356417884313,1.13379525943812
2931.4606741573034,1.1454356417884313,1.13379525943812
2932.2097378277153,1.1396154506132756,1.1396154506132756
2932.9588014981273,1.13379525943812,1.1454356417884313
2933.7078651685397,1.13379525943812,1.1454356417884313
2934.456928838951,1.2210981270654564,1.2210981270654564
2935.2059925093636,1.244378891766079,1.244378891766079
2935.9550561797755,1.2676596564667015,1.2676596564667015
2936.7041198501875,1.320041377043104,1.320041377043104
2937.4531835205994,1.3607827152691954,1.3607827152691954
2938.2022471910113,1.366602906444351,1.366602906444351
2938.9513108614233,1.4364452005462205,1.4364452005462205
2939.700374531835,1.47718653877231,1.4364452005462205
2940.449438202247,1.4713663475971543,1.4364452005462205
2941.198501872659,1.4655461564219987,1.4364452005462205
2941.9475655430715,1.4364452005462205,1.4364452005462205
2942.6966292134834,1.4539057740716874,1.4364452005462205
2943.4456928838954,1.4480855828965318,1.4364452005462205
2944.1947565543073,1.4480855828965318,1.4364452005462205
2944.9438202247193,1.4480855828965318,1.4364452005462205
2945.692883895131,1.4480855828965318,1.4364452005462205
2946.441947565543,1.4480855828965318,1.4364452005462205
2947.191011235955,1.4364452005462205,1.4364452005462205
2947.940074906367,1.430625009371063,1.4364452005462205
2948.6891385767794,1.4248048181959074,1.4364452005462205
2949.438202247191,1.4248048181959074,1.430625009371063
2950.1872659176033,1.430625009371063,1.430625009371063
2950.9363295880153,1.430625009371063,1.430625009371063
2951.685393258427,1.4364452005462205,1.430625009371063
2952.434456928839,1.4422653917213761,1.430625009371063
2953.183520599251,1.430625009371063,1.430625009371063
2953.932584269663,1.4248048181959074,1.430625009371063
2954.681647940075,1.4248048181959074,1.430625009371063
2955.430711610487,1.4189846270207518,1.430625009371063
2956.179775280899,1.4248048181959074,1.430625009371063
2956.9288389513113,1.430625009371063,1.430625009371063
2957.6779026217228,1.430625009371063,1.430625009371063
2958.426966292135,1.430625009371063,1.430625009371063
2959.176029962547,1.430625009371063,1.430625009371063
2959.925093632959,1.430625009371063,1.430625009371063
2960.674157303371,1.4364452005462205,1.4248048181959074
2961.423220973783,1.4422653917213761,1.4248048181959074
2962.172284644195,1.4422653917213761,1.4248048181959074
2962.921348314607,1.4364452005462205,1.430625009371063
2963.6704119850187,1.4248048181959074,1.430625009371063
2964.4194756554307,1.4248048181959074,1.430625009371063
2965.168539325843,1.4248048181959074,1.430625009371063
2965.9176029962546,1.4248048181959074,1.430625009371063
2966.666666666667,1.4248048181959074,1.430625009371063
2967.415730337079,1.4248048181959074,1.430625009371063
2968.164794007491,1.4248048181959074,1.430625009371063
2968.913857677903,1.4248048181959074,1.430625009371063
2969.6629213483147,1.430625009371063,1.4248048181959074
2970.4119850187267,1.4364452005462205,1.4248048181959074
2971.1610486891386,1.4364452005462205,1.4248048181959074
2971.9101123595506,1.4364452005462205,1.4248048181959074
2972.6591760299625,1.4422653917213761,1.4248048181959074
2973.408239700375,1.4422653917213761,1.430625009371063
2974.1573033707864,1.430625009371063,1.430625009371063
2974.906367041199,1.430625009371063,1.430625009371063
2975.6554307116107,1.4248048181959074,1.430625009371063
2976.4044943820227,1.4248048181959074,1.430625009371063
2977.1535580524346,1.4248048181959074,1.430625009371063
2977.9026217228466,1.4248048181959074,1.430625009371063
2978.6516853932585,1.4248048181959074,1.430625009371063
2979.4007490636704,1.430625009371063,1.430625009371063
2980.1498127340824,1.4422653917213761,1.430625009371063
2980.8988764044943,1.4422653917213761,1.430625009371063
2981.6479400749067,1.4364452005462205,1.4248048181959074
2982.397003745318,1.430625009371063,1.4248048181959074
2983.1460674157306,1.4248048181959074,1.4248048181959074
2983.8951310861426,1.4248048181959074,1.430625009371063
2984.6441947565545,1.4248048181959074,1.430625009371063
2985.3932584269664,1.4248048181959074,1.430625009371063
2986.1423220973784,1.4248048181959074,1.430625009371063
2986.8913857677903,1.430625009371063,1.430625009371063
2987.6404494382023,1.4364452005462205,1.430625009371063
2988.389513108614,1.430625009371063,1.430625009371063
2989.138576779026,1.4248048181959074,1.430625009371063
2989.8876404494385,1.430625009371063,1.430625009371063
2990.6367041198505,1.430625009371063,1.430625009371063
2991.3857677902624,1.430625009371063,1.430625009371063
2992.1348314606744,1.4364452005462205,1.430625009371063
2992.8838951310863,1.4422653917213761,1.430625009371063
2993.6329588014983,1.4480855828965318,1.430625009371063
2994.38202247191,1.4422653917213761,1.4364452005462205
2995.131086142322,1.4364452005462205,1.4364452005462205
2995.880149812734,1.4364452005462205,1.4364452005462205
2996.629213483146,1.4364452005462205,1.4364452005462205
2997.378277153558,1.430625009371063,1.4364452005462205
2998.1273408239704,1.4248048181959074,1.4364452005462205
2998.8764044943823,1.4248048181959074,1.4364452005462205
2999.6254681647943,1.430625009371063,1.4364452005462205
3000.374531835206,1.4364452005462205,1.4364452005462205
3001.123595505618,1.4364452005462205,1.4364452005462205
3001.87265917603,1.4364452005462205,1.430625009371063
3002.621722846442,1.4364452005462205,1.430625009371063
3003.370786516854,1.430625009371063,1.430625009371063
3004.119850187266,1.430625009371063,1.430625009371063
3004.8689138576783,1.4364452005462205,1.430625009371063
3005.61797752809,1.4364452005462205,1.4248048181959074
3006.367041198502,1.4248048181959074,1.4248048181959074
3007.116104868914,1.4248048181959074,1.4248048181959074
3007.865168539326,1.4248048181959074,1.4248048181959074
3008.614232209738,1.4248048181959074,1.4248048181959074
3009.36329588015,1.4248048181959074,1.4248048181959074
3010.112359550562,1.430625009371063,1.4248048181959074
3010.861423220974,1.4248048181959074,1.4248048181959074
3011.610486891386,1.4248048181959074,1.4248048181959074
3012.3595505617977,1.4248048181959074,1.4248048181959074
3013.10861423221,1.4189846270207518,1.4248048181959074
3013.8576779026216,1.4189846270207518,1.4248048181959074
3014.606741573034,1.4189846270207518,1.4248048181959074
3015.355805243446,1.4189846270207518,1.4248048181959074
3016.104868913858,1.4248048181959074,1.4248048181959074
3016.85393258427,1.4248048181959074,1.4248048181959074
3017.602996254682,1.4248048181959074,1.4248048181959074
3018.3520599250937,1.430625009371063,1.4248048181959074
3019.1011235955057,1.4364452005462205,1.4248048181959074
3019.8501872659176,1.4422653917213761,1.4248048181959074
3020.5992509363296,1.4422653917213761,1.4248048181959074
3021.348314606742,1.4364452005462205,1.4248048181959074
3022.0973782771534,1.4248048181959074,1.4248048181959074
3022.846441947566,1.4248048181959074,1.4248048181959074
3023.595505617978,1.4248048181959074,1.4248048181959074
3024.3445692883897,1.4189846270207518,1.4248048181959074
3025.0936329588017,1.4189846270207518,1.4248048181959074
3025.8426966292136,1.4248048181959074,1.4248048181959074
3026.5917602996255,1.430625009371063,1.4248048181959074
3027.3408239700375,1.430625009371063,1.4248048181959074
3028.0898876404494,1.430625009371063,1.4248048181959074
3028.8389513108614,1.430625009371063,1.4248048181959074
3029.588014981274,1.4248048181959074,1.4248048181959074
3030.3370786516853,1.4248048181959074,1.4248048181959074
3031.0861423220977,1.4248048181959074,1.4248048181959074
3031.8352059925096,1.4248048181959074,1.4248048181959074
3032.5842696629215,1.4248048181959074,1.4248048181959074
3033.3333333333335,1.4189846270207518,1.4248048181959074
3034.0823970037454,1.4189846270207518,1.4248048181959074
3034.8314606741574,1.430625009371063,1.4248048181959074
3035.5805243445693,1.4364452005462205,1.4248048181959074
3036.3295880149813,1.4364452005462205,1.4248048181959074
3037.078651685393,1.4248048181959074,1.4248048181959074
3037.8277153558056,1.4248048181959074,1.4248048181959074
3038.576779026217,1.4248048181959074,1.4248048181959074
3039.3258426966295,1.4248048181959074,1.4248048181959074
3040.0749063670414,1.4248048181959074,1.4248048181959074
3040.8239700374534,1.4189846270207518,1.4248048181959074
3041.5730337078653,1.4131644358455961,1.430625009371063
3042.3220973782772,1.4189846270207518,1.430625009371063
3043.071161048689,1.4248048181959074,1.430625009371063
3043.820224719101,1.430625009371063,1.430625009371063
3044.569288389513,1.4364452005462205,1.430625009371063
3045.318352059925,1.4364452005462205,1.430625009371063
3046.0674157303374,1.4364452005462205,1.430625009371063
3046.8164794007494,1.4364452005462205,1.430625009371063
3047.5655430711613,1.430625009371063,1.430625009371063
3048.3146067415732,1.430625009371063,1.430625009371063
3049.063670411985,1.430625009371063,1.430625009371063
3049.812734082397,1.4364452005462205,1.430625009371063
3050.561797752809,1.4364452005462205,1.430625009371063
3051.310861423221,1.4364452005462205,1.430625009371063
3052.059925093633,1.4248048181959074,1.430625009371063
3052.8089887640454,1.4189846270207518,1.430625009371063
3053.558052434457,1.430625009371063,1.430625009371063
3054.3071161048692,1.430625009371063,1.430625009371063
3055.056179775281,1.430625009371063,1.430625009371063
3055.805243445693,1.4364452005462205,1.430625009371063
3056.554307116105,1.4364452005462205,1.430625009371063
3057.303370786517,1.430625009371063,1.430625009371063
3058.052434456929,1.4248048181959074,1.430625009371063
3058.801498127341,1.4248048181959074,1.4248048181959074
3059.550561797753,1.4248048181959074,1.4248048181959074
3060.299625468165,1.4248048181959074,1.4248048181959074
3061.048689138577,1.430625009371063,1.430625009371063
3061.7977528089887,1.430625009371063,1.430625009371063
3062.546816479401,1.430625009371063,1.430625009371063
3063.295880149813,1.4248048181959074,1.430625009371063
3064.044943820225,1.4248048181959074,1.430625009371063
3064.794007490637,1.4248048181959074,1.430625009371063
3065.543071161049,1.4248048181959074,1.4248048181959074
3066.2921348314608,1.4248048181959074,1.430625009371063
3067.0411985018727,1.4248048181959074,1.430625009371063
3067.7902621722847,1.430625009371063,1.430625009371063
3068.5393258426966,1.430625009371063,1.430625009371063
3069.288389513109,1.430625009371063,1.430625009371063
3070.0374531835205,1.430625009371063,1.430625009371063
3070.786516853933,1.4364452005462205,1.430625009371063
3071.535580524345,1.430625009371063,1.430625009371063
3072.2846441947568,1.430625009371063,1.430625009371063
3073.0337078651687,1.4248048181959074,1.4364452005462205
3073.7827715355807,1.47718653877231,1.47718653877231
3074.5318352059926,1.5062874946480882,1.5062874946480882
3075.2808988764045,1.5761297887499577,1.5761297887499577
3076.0299625468165,1.616871126976049,1.616871126976049
3076.7790262172284,1.6401518916766715,1.6401518916766715
3077.528089887641,1.6634326563772959,1.6634326563772959
3078.2771535580523,1.756555715179788,1.756555715179788
3079.0262172284647,1.8787797298580582,1.8787797298580582
3079.7752808988766,1.9311614504344607,1.9311614504344607
3080.5243445692886,1.971902788660552,1.9602624063102407
3081.2734082397005,1.971902788660552,1.9602624063102407
3082.0224719101125,1.9660825974853964,1.9602624063102407
3082.7715355805244,1.9602624063102407,1.9602624063102407
3083.5205992509364,1.971902788660552,1.9602624063102407
3084.2696629213483,1.971902788660552,1.9660825974853964
3085.0187265917602,1.971902788660552,1.9660825974853964
3085.7677902621726,1.971902788660552,1.9660825974853964
3086.516853932584,1.9602624063102407,1.9660825974853964
3087.2659176029965,1.9602624063102407,1.9660825974853964
3088.0149812734085,1.9602624063102407,1.9660825974853964
3088.7640449438204,1.9602624063102407,1.9602624063102407
3089.5131086142324,1.9660825974853964,1.9602624063102407
3090.2621722846443,1.9660825974853964,1.9602624063102407
3091.0112359550562,1.9660825974853964,1.9602624063102407
3091.760299625468,1.9660825974853964,1.9602624063102407
3092.50936329588,1.9602624063102407,1.9602624063102407
3093.258426966292,1.9602624063102407,1.9602624063102407
3094.0074906367045,1.9602624063102407,1.9602624063102407
3094.756554307116,1.9602624063102407,1.9602624063102407
3095.5056179775283,1.9602624063102407,1.9602624063102407
3096.2546816479403,1.9602624063102407,1.9602624063102407
3097.0037453183522,1.9602624063102407,1.9602624063102407
3097.752808988764,1.9602624063102407,1.9602624063102407
3098.501872659176,1.9602624063102407,1.9602624063102407
3099.250936329588,1.9602624063102407,1.9602624063102407
3100.0,1.9602624063102407,1.9602624063102407
3100.749063670412,1.9660825974853964,1.9602624063102407
3101.498127340824,1.971902788660552,1.9602624063102407
3102.2471910112363,1.971902788660552,1.9602624063102407
3102.996254681648,1.9660825974853964,1.9602624063102407
3103.74531835206,1.9660825974853964,1.9602624063102407
3104.494382022472,1.9660825974853964,1.9602624063102407
3105.243445692884,1.9660825974853964,1.9602624063102407
3105.992509363296,1.9602624063102407,1.9602624063102407
3106.741573033708,1.9544422151350833,1.9602624063102407
3107.49063670412,1.9544422151350833,1.9544422151350833
3108.239700374532,1.9544422151350833,1.9544422151350833
3108.988764044944,1.9544422151350833,1.9544422151350833
3109.7378277153557,1.9544422151350833,1.9544422151350833
3110.486891385768,1.9544422151350833,1.9544422151350833
3111.23595505618,1.9544422151350833,1.9544422151350833
3111.985018726592,1.9544422151350833,1.9544422151350833
3112.734082397004,1.9544422151350833,1.9544422151350833
3113.483146067416,1.9544422151350833,1.9544422151350833
3114.232209737828,1.9602624063102407,1.9544422151350833
3114.9812734082398,1.9544422151350833,1.9602624063102407
3115.7303370786517,1.9602624063102407,1.9602624063102407
3116.4794007490636,1.9602624063102407,1.9602624063102407
3117.228464419476,1.9602624063102407,1.9602624063102407
3117.9775280898875,1.9660825974853964,1.9602624063102407
3118.7265917603,1.9602624063102407,1.9602624063102407
3119.475655430712,1.9602624063102407,1.9602624063102407
3120.224719101124,1.9602624063102407,1.9602624063102407
3120.9737827715358,1.9602624063102407,1.9602624063102407
3121.7228464419477,1.9602624063102407,1.9602624063102407
3122.4719101123596,1.9602624063102407,1.9602624063102407
3123.2209737827716,1.9602624063102407,1.9602624063102407
3123.9700374531835,1.9602624063102407,1.9602624063102407
3124.7191011235955,1.9602624063102407,1.9602624063102407
3125.468164794008,1.9602624063102407,1.9602624063102407
3126.2172284644193,1.9602624063102407,1.9602624063102407
3126.9662921348317,1.9602624063102407,1.9602624063102407
3127.7153558052437,1.9602624063102407,1.9602624063102407
3128.4644194756556,1.9660825974853964,1.9602624063102407
3129.2134831460676,1.971902788660552,1.9602624063102407
3129.9625468164795,1.971902788660552,1.9602624063102407
3130.7116104868915,1.971902788660552,1.9602624063102407
3131.4606741573034,1.971902788660552,1.9602624063102407
3132.2097378277153,1.9602624063102407,1.9602624063102407
3132.9588014981273,1.9660825974853964,1.9602624063102407
3133.7078651685397,1.9602624063102407,1.9602624063102407
3134.456928838951,1.9602624063102407,1.9602624063102407
3135.2059925093636,1.9660825974853964,1.9602624063102407
3135.9550561797755,1.9660825974853964,1.9602624063102407
3136.7041198501875,1.9660825974853964,1.9602624063102407
3137.4531835205994,1.9660825974853964,1.9602624063102407
3138.2022471910113,1.9602624063102407,1.9602624063102407
3138.9513108614233,1.9602624063102407,1.9602624063102407
3139.700374531835,1.9544422151350833,1.9602624063102407
3140.449438202247,1.9602624063102407,1.9602624063102407
3141.198501872659,1.9602624063102407,1.9602624063102407
3141.9475655430715,1.9602624063102407,1.9602624063102407
3142.696629213483,1.9544422151350833,1.9602624063102407
3143.4456928838954,1.9486220239599277,1.9602624063102407
3144.1947565543073,1.9486220239599277,1.9602624063102407
3144.9438202247193,1.9544422151350833,1.9602624063102407
3145.692883895131,1.9602624063102407,1.9602624063102407
3146.441947565543,1.9602624063102407,1.9602624063102407
3147.191011235955,1.9660825974853964,1.9602624063102407
3147.940074906367,1.9660825974853964,1.9602624063102407
3148.689138576779,1.9660825974853964,1.9602624063102407
3149.438202247191,1.9602624063102407,1.9602624063102407
3150.1872659176033,1.9544422151350833,1.9602624063102407
3150.9363295880153,1.9544422151350833,1.9602624063102407
3151.685393258427,1.9660825974853964,1.9602624063102407
3152.434456928839,1.9660825974853964,1.9602624063102407
3153.183520599251,1.9660825974853964,1.9602624063102407
3153.932584269663,1.9544422151350833,1.9602624063102407
3154.681647940075,1.9660825974853964,1.9602624063102407
3155.430711610487,1.9602624063102407,1.9602624063102407
3156.179775280899,1.9544422151350833,1.9602624063102407
3156.9288389513113,1.9486220239599277,1.9602624063102407
3157.6779026217228,1.9544422151350833,1.9544422151350833
3158.426966292135,1.9660825974853964,1.9544422151350833
3159.176029962547,1.9660825974853964,1.9544422151350833
3159.925093632959,1.9602624063102407,1.9544422151350833
3160.674157303371,1.9602624063102407,1.9544422151350833
3161.423220973783,1.9544422151350833,1.9544422151350833
3162.172284644195,1.9544422151350833,1.9544422151350833
3162.921348314607,1.9602624063102407,1.9544422151350833
3163.6704119850187,1.9544422151350833,1.9544422151350833
3164.4194756554307,1.9544422151350833,1.9544422151350833
3165.168539325843,1.9544422151350833,1.9544422151350833
3165.9176029962546,1.9544422151350833,1.9544422151350833
3166.666666666667,1.9544422151350833,1.9544422151350833
3167.415730337079,1.9544422151350833,1.9544422151350833
3168.164794007491,1.9544422151350833,1.9544422151350833
3168.913857677903,1.9544422151350833,1.9544422151350833
3169.6629213483147,1.9486220239599277,1.9544422151350833
3170.4119850187267,1.9486220239599277,1.9544422151350833
3171.1610486891386,1.9486220239599277,1.9544422151350833
3171.9101123595506,1.9486220239599277,1.9544422151350833
3172.6591760299625,1.9486220239599277,1.9544422151350833
3173.408239700375,1.9486220239599277,1.9544422151350833
3174.1573033707864,1.9486220239599277,1.9544422151350833
3174.906367041199,1.9486220239599277,1.9544422151350833
3175.6554307116107,1.9602624063102407,1.9602624063102407
3176.4044943820227,1.971902788660552,1.9602624063102407
3177.1535580524346,1.971902788660552,1.9602624063102407
3177.9026217228466,1.971902788660552,1.9602624063102407
3178.6516853932585,1.9660825974853964,1.9602624063102407
3179.4007490636704,1.9602624063102407,1.9602624063102407
3180.1498127340824,1.9660825974853964,1.9602624063102407
3180.8988764044943,1.9602624063102407,1.9602624063102407
3181.6479400749067,1.9602624063102407,1.9660825974853964
3182.397003745318,1.9602624063102407,1.9660825974853964
3183.1460674157306,1.9602624063102407,1.971902788660552
3183.8951310861426,1.9602624063102407,1.971902788660552
3184.6441947565545,1.9602624063102407,1.971902788660552
3185.3932584269664,2.024284509236953,2.024284509236953
3186.1423220973784,2.158148906265536,2.158148906265536
3186.8913857677903,2.1988902444916274,2.1988902444916274
3187.6404494382023,2.286193112118964,2.286193112118964
3188.389513108614,2.3385748326953664,2.3385748326953664
3189.138576779026,2.4025969356220784,2.4025969356220784
3189.8876404494385,2.484079612074261,2.484079612074261
3190.63670411985,2.652865156153778,2.652865156153778
3191.3857677902624,2.7401680237811146,2.7401680237811146
3192.1348314606744,2.780909362007204,2.780909362007204
3192.8838951310863,2.891492994335165,2.891492994335165
3193.6329588014983,2.9555150972618787,2.9555150972618787
3194.38202247191,2.984616053137657,2.984616053137657
3195.131086142322,3.025357391363748,3.025357391363748
3195.880149812734,3.0369977737140594,3.025357391363748
3196.629213483146,3.042817964889215,3.025357391363748
3197.378277153558,3.042817964889215,3.025357391363748
3198.1273408239704,3.042817964889215,3.031177582538904
3198.876404494382,3.042817964889215,3.031177582538904
3199.6254681647943,3.0369977737140594,3.0369977737140594
3200.374531835206,3.025357391363748,3.0369977737140594
3201.123595505618,3.025357391363748,3.0369977737140594
3201.87265917603,3.025357391363748,3.0369977737140594
3202.621722846442,3.031177582538904,3.0369977737140594
3203.370786516854,3.0369977737140594,3.0369977737140594
3204.119850187266,3.031177582538904,3.0369977737140594
3204.868913857678,3.0369977737140594,3.0369977737140594
3205.61797752809,3.042817964889215,3.0369977737140594
3206.367041198502,3.0369977737140594,3.0369977737140594
3207.116104868914,3.0369977737140594,3.0369977737140594
3207.865168539326,3.0369977737140594,3.0369977737140594
3208.614232209738,3.0369977737140594,3.0369977737140594
3209.36329588015,3.0369977737140594,3.0369977737140594
3210.112359550562,3.031177582538904,3.0369977737140594
3210.861423220974,3.031177582538904,3.0369977737140594
3211.610486891386,3.0369977737140594,3.0369977737140594
3212.3595505617977,3.0369977737140594,3.0369977737140594
3213.10861423221,3.0369977737140594,3.0369977737140594
3213.8576779026216,3.042817964889215,3.0369977737140594
3214.606741573034,3.0369977737140594,3.0369977737140594
3215.355805243446,3.0369977737140594,3.0369977737140594
3216.104868913858,3.025357391363748,3.0369977737140594
3216.85393258427,3.025357391363748,3.0369977737140594
3217.602996254682,3.025357391363748,3.0369977737140594
3218.3520599250937,3.031177582538904,3.0369977737140594
3219.1011235955057,3.031177582538904,3.0369977737140594
3219.8501872659176,3.0369977737140594,3.0369977737140594
3220.5992509363296,3.0486381560643707,3.0369977737140594
3221.348314606742,3.042817964889215,3.0369977737140594
3222.0973782771534,3.042817964889215,3.0369977737140594
3222.846441947566,3.042817964889215,3.0369977737140594
3223.595505617978,3.042817964889215,3.042817964889215
3224.3445692883897,3.042817964889215,3.042817964889215
3225.0936329588017,3.042817964889215,3.042817964889215
3225.8426966292136,3.042817964889215,3.042817964889215
3226.5917602996255,3.042817964889215,3.042817964889215
3227.3408239700375,3.0369977737140594,3.042817964889215
3228.0898876404494,3.031177582538904,3.042817964889215
3228.8389513108614,3.0369977737140594,3.042817964889215
3229.588014981274,3.0369977737140594,3.042817964889215
3230.3370786516853,3.0486381560643707,3.042817964889215
3231.0861423220977,3.0486381560643707,3.042817964889215
3231.8352059925096,3.042817964889215,3.042817964889215
3232.5842696629215,3.0486381560643707,3.042817964889215
3233.3333333333335,3.0486381560643707,3.042817964889215
3234.0823970037454,3.042817964889215,3.042817964889215
3234.8314606741574,3.042817964889215,3.042817964889215
3235.5805243445693,3.042817964889215,3.042817964889215
3236.3295880149813,3.0369977737140594,3.042817964889215
3237.078651685393,3.031177582538904,3.042817964889215
3237.8277153558056,3.0369977737140594,3.042817964889215
3238.576779026217,3.0369977737140594,3.042817964889215
3239.3258426966295,3.042817964889215,3.042817964889215
3240.0749063670414,3.0369977737140594,3.042817964889215
3240.8239700374534,3.042817964889215,3.042817964889215
3241.5730337078653,3.042817964889215,3.042817964889215
3242.3220973782772,3.042817964889215,3.042817964889215
3243.071161048689,3.0369977737140594,3.0369977737140594
3243.820224719101,3.031177582538904,3.0369977737140594
3244.569288389513,3.031177582538904,3.0369977737140594
3245.318352059925,3.031177582538904,3.0369977737140594
3246.0674157303374,3.0486381560643707,3.042817964889215
3246.816479400749,3.060278538414682,3.042817964889215
3247.5655430711613,3.060278538414682,3.0369977737140594
3248.3146067415732,3.0544583472395264,3.042817964889215
3249.063670411985,3.042817964889215,3.0369977737140594
3249.812734082397,3.0369977737140594,3.0369977737140594
3250.561797752809,3.0369977737140594,3.0369977737140594
3251.310861423221,3.0369977737140594,3.0369977737140594
3252.059925093633,3.0369977737140594,3.042817964889215
3252.808988764045,3.042817964889215,3.042817964889215
3253.558052434457,3.042817964889215,3.042817964889215
3254.3071161048692,3.0369977737140594,3.042817964889215
3255.056179775281,3.0369977737140594,3.042817964889215
3255.805243445693,3.042817964889215,3.042817964889215
3256.554307116105,3.0369977737140594,3.0369977737140594
3257.303370786517,3.0369977737140594,3.0369977737140594
3258.052434456929,3.042817964889215,3.0369977737140594
3258.801498127341,3.0486381560643707,3.0369977737140594
3259.550561797753,3.042817964889215,3.0369977737140594
3260.299625468165,3.042817964889215,3.0369977737140594
3261.048689138577,3.0369977737140594,3.0369977737140594
3261.7977528089887,3.0369977737140594,3.0369977737140594
3262.546816479401,3.042817964889215,3.0369977737140594
3263.295880149813,3.042817964889215,3.0369977737140594
3264.044943820225,3.031177582538904,3.0369977737140594
3264.794007490637,3.025357391363748,3.0369977737140594
3265.543071161049,3.025357391363748,3.0369977737140594
3266.2921348314608,3.031177582538904,3.0369977737140594
3267.0411985018727,3.0369977737140594,3.0369977737140594
3267.7902621722847,3.042817964889215,3.0369977737140594
3268.5393258426966,3.042817964889215,3.0369977737140594
3269.288389513109,3.0369977737140594,3.042817964889215
3270.0374531835205,3.0369977737140594,3.042817964889215
3270.786516853933,3.042817964889215,3.042817964889215
3271.535580524345,3.042817964889215,3.042817964889215
3272.2846441947568,3.0369977737140594,3.042817964889215
3273.0337078651687,3.0369977737140594,3.042817964889215
3273.7827715355807,3.042817964889215,3.042817964889215
3274.5318352059926,3.042817964889215,3.042817964889215
3275.2808988764045,3.042817964889215,3.042817964889215
3276.0299625468165,3.042817964889215,3.042817964889215
3276.7790262172284,3.042817964889215,3.042817964889215
3277.528089887641,3.042817964889215,3.042817964889215
3278.2771535580523,3.042817964889215,3.042817964889215
3279.0262172284647,3.0369977737140594,3.042817964889215
3279.7752808988766,3.042817964889215,3.042817964889215
3280.5243445692886,3.0369977737140594,3.042817964889215
3281.2734082397005,3.0369977737140594,3.042817964889215
3282.0224719101125,3.031177582538904,3.042817964889215
3282.7715355805244,3.031177582538904,3.042817964889215
3283.5205992509364,3.0369977737140594,3.042817964889215
3284.2696629213483,3.042817964889215,3.042817964889215
3285.0187265917602,3.042817964889215,3.042817964889215
3285.7677902621726,3.042817964889215,3.042817964889215
3286.516853932584,3.042817964889215,3.042817964889215
3287.2659176029965,3.0486381560643707,3.042817964889215
3288.0149812734085,3.0486381560643707,3.042817964889215
3288.7640449438204,3.0486381560643707,3.042817964889215
3289.5131086142324,3.0486381560643707,3.042817964889215
3290.2621722846443,3.042817964889215,3.042817964889215
3291.0112359550562,3.042817964889215,3.042817964889215
3291.760299625468,3.042817964889215,3.042817964889215
3292.50936329588,3.0369977737140594,3.042817964889215
3293.258426966292,3.0369977737140594,3.042817964889215
3294.0074906367045,3.0369977737140594,3.0486381560643707
3294.756554307116,3.0369977737140594,3.0486381560643707
3295.5056179775283,3.0369977737140594,3.0486381560643707
3296.2546816479403,3.042817964889215,3.0486381560643707
3297.0037453183522,3.0486381560643707,3.0486381560643707
3297.752808988764,3.0486381560643707,3.0486381560643707
3298.501872659176,3.0486381560643707,3.0486381560643707
3299.250936329588,3.0486381560643707,3.0486381560643707
3300.0,3.106840067815929,3.106840067815929
3300.749063670412,3.3454679059973156,3.3454679059973156
3301.498127340824,3.4385909647998076,3.4385909647998076
3302.2471910112363,3.450231347150119,3.450231347150119
3302.9962546816478,3.4735121118507433,3.4735121118507433
3303.74531835206,3.5142534500768328,3.5142534500768328
3304.494382022472,3.572455361828391,3.572455361828391
3305.243445692884,3.8110832000097776,3.8110832000097776
3305.992509363296,3.9158466411625827,3.9158466411625827
3306.741573033708,3.9565879793886722,3.9565879793886722
3307.49063670412,4.008969699965075,4.008969699965075
3308.239700374532,4.038070655840853,4.026430273490542
3308.9887640449438,4.038070655840853,4.026430273490542
3309.7378277153557,4.038070655840853,4.026430273490542
3310.486891385768,4.032250464665697,4.026430273490542
3311.23595505618,4.032250464665697,4.026430273490542
3311.985018726592,4.026430273490542,4.026430273490542
3312.734082397004,4.026430273490542,4.026430273490542
3313.483146067416,4.026430273490542,4.026430273490542
3314.232209737828,4.026430273490542,4.026430273490542
3314.9812734082398,4.026430273490542,4.026430273490542
3315.7303370786517,4.026430273490542,4.026430273490542
3316.4794007490636,4.032250464665697,4.026430273490542
3317.228464419476,4.032250464665697,4.026430273490542
3317.9775280898875,4.026430273490542,4.026430273490542
3318.7265917603,4.026430273490542,4.026430273490542
3319.475655430712,4.032250464665697,4.026430273490542
3320.224719101124,4.032250464665697,4.026430273490542
3320.9737827715358,4.032250464665697,4.026430273490542
3321.7228464419477,4.026430273490542,4.026430273490542
3322.4719101123596,4.026430273490542,4.026430273490542
3323.2209737827716,4.026430273490542,4.032250464665697
3323.9700374531835,4.026430273490542,4.032250464665697
3324.7191011235955,4.026430273490542,4.032250464665697
3325.468164794008,4.026430273490542,4.032250464665697
3326.2172284644193,4.026430273490542,4.032250464665697
3326.9662921348317,4.032250464665697,4.032250464665697
3327.7153558052437,4.038070655840853,4.032250464665697
3328.4644194756556,4.038070655840853,4.032250464665697
3329.2134831460676,4.038070655840853,4.032250464665697
3329.9625468164795,4.032250464665697,4.032250464665697
3330.7116104868915,4.032250464665697,4.032250464665697
3331.4606741573034,4.032250464665697,4.032250464665697
3332.2097378277153,4.032250464665697,4.032250464665697
3332.9588014981273,4.032250464665697,4.032250464665697
3333.7078651685397,4.032250464665697,4.032250464665697
3334.456928838951,4.026430273490542,4.032250464665697
3335.2059925093636,4.032250464665697,4.032250464665697
3335.9550561797755,4.032250464665697,4.032250464665697
3336.7041198501875,4.032250464665697,4.032250464665697
3337.4531835205994,4.032250464665697,4.032250464665697
3338.2022471910113,4.032250464665697,4.032250464665697
3338.9513108614233,4.032250464665697,4.032250464665697
3339.700374531835,4.032250464665697,4.032250464665697
3340.449438202247,4.026430273490542,4.032250464665697
3341.198501872659,4.026430273490542,4.032250464665697
3341.9475655430715,4.026430273490542,4.032250464665697
3342.696629213483,4.032250464665697,4.032250464665697
3343.4456928838954,4.032250464665697,4.032250464665697
3344.1947565543073,4.032250464665697,4.032250464665697
3344.9438202247193,4.032250464665697,4.032250464665697
3345.692883895131,4.032250464665697,4.032250464665697
3346.441947565543,4.038070655840853,4.032250464665697
3347.191011235955,4.038070655840853,4.032250464665697
3347.940074906367,4.032250464665697,4.032250464665697
3348.689138576779,4.032250464665697,4.032250464665697
3349.438202247191,4.032250464665697,4.032250464665697
3350.1872659176033,4.032250464665697,4.032250464665697
3350.936329588015,4.038070655840853,4.032250464665697
3351.685393258427,4.032250464665697,4.032250464665697
3352.434456928839,4.032250464665697,4.032250464665697
3353.183520599251,4.032250464665697,4.032250464665697
3353.932584269663,4.032250464665697,4.032250464665697
3354.681647940075,4.032250464665697,4.032250464665697
3355.430711610487,4.032250464665697,4.032250464665697
3356.179775280899,4.032250464665697,4.032250464665697
3356.928838951311,4.032250464665697,4.032250464665697
3357.6779026217228,4.032250464665697,4.032250464665697
3358.426966292135,4.032250464665697,4.032250464665697
3359.176029962547,4.032250464665697,4.032250464665697
3359.925093632959,4.032250464665697,4.032250464665697
3360.674157303371,4.032250464665697,4.032250464665697
3361.423220973783,4.032250464665697,4.032250464665697
3362.172284644195,4.038070655840853,4.032250464665697
3362.921348314607,4.038070655840853,4.032250464665697
3363.6704119850187,4.026430273490542,4.026430273490542
3364.4194756554307,4.026430273490542,4.026430273490542
3365.168539325843,4.026430273490542,4.026430273490542
3365.9176029962546,4.026430273490542,4.026430273490542
3366.666666666667,4.026430273490542,4.026430273490542
3367.415730337079,4.026430273490542,4.026430273490542
3368.164794007491,4.026430273490542,4.026430273490542
3368.913857677903,4.020610082315386,4.020610082315386
3369.6629213483147,4.01478989114023,4.01478989114023
3370.4119850187267,4.01478989114023,4.01478989114023
3371.1610486891386,4.008969699965075,4.01478989114023
3371.9101123595506,4.003149508789919,4.01478989114023
3372.6591760299625,4.003149508789919,4.01478989114023
3373.408239700375,4.01478989114023,4.01478989114023
3374.1573033707864,4.008969699965075,4.01478989114023
3374.906367041199,4.008969699965075,4.01478989114023
3375.6554307116107,4.008969699965075,4.01478989114023
3376.4044943820227,4.008969699965075,4.01478989114023
3377.1535580524346,4.003149508789919,4.01478989114023
3377.9026217228466,4.003149508789919,4.01478989114023
3378.6516853932585,4.008969699965075,4.01478989114023
3379.4007490636704,4.01478989114023,4.01478989114023
3380.1498127340824,4.020610082315386,4.020610082315386
3380.8988764044943,4.026430273490542,4.026430273490542
3381.6479400749067,4.026430273490542,4.026430273490542
3382.397003745318,4.032250464665697,4.026430273490542
3383.1460674157306,4.032250464665697,4.026430273490542
3383.8951310861426,4.032250464665697,4.026430273490542
3384.6441947565545,4.032250464665697,4.026430273490542
3385.3932584269664,4.032250464665697,4.032250464665697
3386.1423220973784,4.032250464665697,4.032250464665697
3386.8913857677903,4.032250464665697,4.032250464665697
3387.6404494382023,4.032250464665697,4.032250464665697
3388.389513108614,4.026430273490542,4.032250464665697
3389.138576779026,4.026430273490542,4.032250464665697
3389.8876404494385,4.026430273490542,4.032250464665697
3390.63670411985,4.026430273490542,4.032250464665697
3391.3857677902624,4.032250464665697,4.032250464665697
3392.1348314606744,4.032250464665697,4.032250464665697
3392.8838951310863,4.032250464665697,4.032250464665697
3393.6329588014983,4.032250464665697,4.032250464665697
3394.38202247191,4.032250464665697,4.032250464665697
3395.131086142322,4.032250464665697,4.032250464665697
3395.880149812734,4.032250464665697,4.032250464665697
3396.629213483146,4.032250464665697,4.032250464665697
3397.378277153558,4.032250464665697,4.032250464665697
3398.1273408239704,4.032250464665697,4.032250464665697
3398.876404494382,4.032250464665697,4.032250464665697
3399.6254681647943,4.032250464665697,4.032250464665697
3400.374531835206,4.032250464665697,4.032250464665697
3401.123595505618,4.032250464665697,4.032250464665697
3401.87265917603,4.032250464665697,4.032250464665697
3402.621722846442,4.032250464665697,4.032250464665697
3403.370786516854,4.032250464665697,4.032250464665697
3404.119850187266,4.032250464665697,4.032250464665697
3404.868913857678,4.032250464665697,4.032250464665697
3405.61797752809,4.026430273490542,4.032250464665697
3406.367041198502,4.01478989114023,4.026430273490542
3407.1161048689137,4.008969699965075,4.026430273490542
3407.865168539326,4.008969699965075,4.026430273490542
3408.614232209738,4.008969699965075,4.026430273490542
3409.36329588015,4.008969699965075,4.026430273490542
3410.112359550562,4.01478989114023,4.026430273490542
3410.861423220974,4.032250464665697,4.026430273490542
3411.610486891386,4.026430273490542,4.026430273490542
3412.3595505617977,4.026430273490542,4.026430273490542
3413.1086142322097,4.026430273490542,4.026430273490542
3413.8576779026216,4.026430273490542,4.026430273490542
3414.606741573034,4.026430273490542,4.026430273490542
3415.355805243446,4.026430273490542,4.026430273490542
3416.104868913858,4.026430273490542,4.026430273490542
3416.85393258427,4.026430273490542,4.026430273490542
3417.602996254682,4.026430273490542,4.026430273490542
3418.3520599250937,4.032250464665697,4.026430273490542
3419.1011235955057,4.032250464665697,4.026430273490542
3419.8501872659176,4.032250464665697,4.026430273490542
3420.5992509363296,4.038070655840853,4.026430273490542
3421.348314606742,4.032250464665697,4.026430273490542
3422.0973782771534,4.032250464665697,4.026430273490542
3422.846441947566,4.032250464665697,4.026430273490542
3423.595505617978,4.032250464665697,4.026430273490542
3424.3445692883897,4.032250464665697,4.026430273490542
3425.0936329588017,4.026430273490542,4.026430273490542
3425.8426966292136,4.026430273490542,4.032250464665697
3426.5917602996255,4.026430273490542,4.032250464665697
3427.3408239700375,4.026430273490542,4.026430273490542
3428.0898876404494,4.026430273490542,4.026430273490542
3428.8389513108614,4.026430273490542,4.026430273490542
3429.588014981274,4.026430273490542,4.026430273490542
3430.3370786516853,4.026430273490542,4.026430273490542
3431.0861423220977,4.026430273490542,4.026430273490542
3431.8352059925096,4.026430273490542,4.026430273490542
3432.5842696629215,4.032250464665697,4.026430273490542
3433.3333333333335,4.032250464665697,4.026430273490542
3434.0823970037454,4.032250464665697,4.026430273490542
3434.8314606741574,4.026430273490542,4.026430273490542
3435.5805243445693,4.026430273490542,4.026430273490542
3436.3295880149813,4.026430273490542,4.026430273490542
3437.078651685393,4.032250464665697,4.026430273490542
3437.8277153558056,4.032250464665697,4.026430273490542
3438.576779026217,4.032250464665697,4.026430273490542
3439.3258426966295,4.032250464665697,4.026430273490542
3440.0749063670414,4.032250464665697,4.026430273490542
3440.8239700374534,4.026430273490542,4.026430273490542
3441.5730337078653,4.020610082315386,4.026430273490542
3442.3220973782772,4.020610082315386,4.026430273490542
3443.071161048689,4.020610082315386,4.026430273490542
3443.820224719101,4.020610082315386,4.026430273490542
3444.5692883895135,4.026430273490542,4.026430273490542
3445.318352059925,4.032250464665697,4.026430273490542
3446.0674157303374,4.026430273490542,4.026430273490542
3446.816479400749,4.026430273490542,4.026430273490542
3447.5655430711613,4.032250464665697,4.026430273490542
3448.3146067415732,4.032250464665697,4.026430273490542
3449.063670411985,4.026430273490542,4.026430273490542
3449.812734082397,4.026430273490542,4.026430273490542
3450.561797752809,4.020610082315386,4.026430273490542
3451.310861423221,4.020610082315386,4.026430273490542
3452.059925093633,4.020610082315386,4.026430273490542
3452.8089887640454,4.026430273490542,4.026430273490542
3453.558052434457,4.026430273490542,4.026430273490542
3454.3071161048692,4.026430273490542,4.026430273490542
3455.0561797752807,4.026430273490542,4.026430273490542
3455.805243445693,4.026430273490542,4.026430273490542
3456.554307116105,4.026430273490542,4.026430273490542
3457.303370786517,4.026430273490542,4.026430273490542
3458.052434456929,4.131193714643345,4.131193714643345
3458.801498127341,4.23595715579615,4.23595715579615
3459.550561797753,4.334900405773798,4.334900405773798
3460.299625468165,4.3872821263502,4.3872821263502
3461.048689138577,4.497865758678159,4.497865758678159
3461.7977528089887,4.567708052780029,4.567708052780029
3462.546816479401,4.701572449808612,4.701572449808612
3463.2958801498125,4.794695508611104,4.794695508611104
3464.044943820225,4.881998376238441,4.881998376238441
3464.794007490637,4.934380096814843,4.934380096814843
3465.543071161049,5.044963729142804,5.033323346792493
3466.2921348314608,5.062424302668271,5.033323346792493
3467.0411985018727,5.05078392031796,5.033323346792493
3467.7902621722847,5.039143537967648,5.033323346792493
3468.5393258426966,5.039143537967648,5.039143537967648
3469.288389513109,5.039143537967648,5.039143537967648
3470.0374531835205,5.039143537967648,5.039143537967648
3470.786516853933,5.039143537967648,5.039143537967648
3471.5355805243444,5.033323346792493,5.039143537967648
3472.2846441947568,5.033323346792493,5.039143537967648
3473.0337078651687,5.033323346792493,5.039143537967648
3473.7827715355807,5.033323346792493,5.039143537967648
3474.5318352059926,5.044963729142804,5.033323346792493
3475.2808988764045,5.05078392031796,5.033323346792493
3476.0299625468165,5.044963729142804,5.033323346792493
3476.7790262172284,5.044963729142804,5.033323346792493
3477.528089887641,5.02168296444218,5.033323346792493
3478.2771535580523,5.015862773267024,5.033323346792493
3479.0262172284647,5.010042582091868,5.033323346792493
3479.775280898876,4.998402199741557,5.033323346792493
3480.5243445692886,4.986761817391246,5.033323346792493
3481.2734082397005,4.986761817391246,5.039143537967648
3482.0224719101125,4.992582008566401,5.044963729142804
3482.7715355805244,4.998402199741557,5.044963729142804
3483.5205992509364,5.015862773267024,5.044963729142804
3484.2696629213483,5.039143537967648,5.044963729142804
3485.0187265917602,5.044963729142804,5.044963729142804
3485.7677902621726,5.044963729142804,5.044963729142804
3486.516853932584,5.044963729142804,5.044963729142804
3487.2659176029965,5.044963729142804,5.044963729142804
3488.014981273408,5.044963729142804,5.044963729142804
3488.7640449438204,5.05078392031796,5.044963729142804
3489.5131086142324,5.05078392031796,5.044963729142804
3490.2621722846443,5.05078392031796,5.044963729142804
3491.0112359550562,5.044963729142804,5.044963729142804
3491.760299625468,5.044963729142804,5.044963729142804
3492.5093632958806,5.044963729142804,5.044963729142804
3493.258426966292,5.044963729142804,5.044963729142804
3494.0074906367045,5.044963729142804,5.044963729142804
3494.756554307116,5.05078392031796,5.044963729142804
3495.5056179775283,5.05078392031796,5.044963729142804
3496.25468164794,5.05078392031796,5.044963729142804
3497.0037453183522,5.044963729142804,5.044963729142804
3497.752808988764,5.044963729142804,5.044963729142804
3498.501872659176,5.044963729142804,5.044963729142804
3499.250936329588,5.044963729142804,5.044963729142804
3500.0,5.044963729142804,5.044963729142804
3500.7490636704124,5.044963729142804,5.044963729142804
3501.498127340824,5.044963729142804,5.044963729142804
3502.2471910112363,5.044963729142804,5.044963729142804
3502.9962546816478,5.044963729142804,5.044963729142804
3503.74531835206,5.044963729142804,5.044963729142804
3504.494382022472,5.044963729142804,5.044963729142804
3505.243445692884,5.044963729142804,5.044963729142804
3505.992509363296,5.039143537967648,5.044963729142804
3506.741573033708,5.044963729142804,5.044963729142804
3507.49063670412,5.044963729142804,5.044963729142804
3508.239700374532,5.044963729142804,5.044963729142804
3508.988764044944,5.05078392031796,5.044963729142804
3509.7378277153557,5.05078392031796,5.044963729142804
3510.486891385768,5.05078392031796,5.044963729142804
3511.2359550561796,5.05078392031796,5.044963729142804
3511.985018726592,5.05078392031796,5.044963729142804
3512.734082397004,5.044963729142804,5.044963729142804
3513.483146067416,5.044963729142804,5.044963729142804
3514.232209737828,5.044963729142804,5.044963729142804
3514.9812734082398,5.044963729142804,5.044963729142804
3515.7303370786517,5.044963729142804,5.044963729142804
3516.4794007490636,5.044963729142804,5.044963729142804
3517.228464419476,5.044963729142804,5.044963729142804
3517.9775280898875,5.05078392031796,5.044963729142804
3518.7265917603,5.044963729142804,5.044963729142804
3519.4756554307114,5.039143537967648,5.044963729142804
3520.224719101124,5.044963729142804,5.044963729142804
3520.9737827715358,5.010042582091868,5.044963729142804
3521.7228464419477,5.015862773267024,5.044963729142804
3522.4719101123596,5.010042582091868,5.039143537967648
3523.2209737827716,5.010042582091868,5.039143537967648
3523.9700374531835,5.010042582091868,5.039143537967648
3524.7191011235955,5.015862773267024,5.039143537967648
3525.468164794008,5.015862773267024,5.039143537967648
3526.2172284644193,5.039143537967648,5.039143537967648
3526.9662921348317,5.039143537967648,5.039143537967648
3527.7153558052432,5.044963729142804,5.039143537967648
3528.4644194756556,5.044963729142804,5.039143537967648
3529.2134831460676,5.044963729142804,5.039143537967648
3529.9625468164795,5.039143537967648,5.039143537967648
3530.7116104868915,5.039143537967648,5.044963729142804
3531.4606741573034,5.044963729142804,5.044963729142804
3532.2097378277153,5.044963729142804,5.044963729142804
3532.9588014981273,5.044963729142804,5.044963729142804
3533.7078651685397,5.044963729142804,5.044963729142804
3534.456928838951,5.033323346792493,5.044963729142804
3535.2059925093636,5.039143537967648,5.044963729142804
3535.955056179775,5.044963729142804,5.044963729142804
3536.7041198501875,5.05078392031796,5.044963729142804
3537.4531835205994,5.05078392031796,5.044963729142804
3538.2022471910113,5.044963729142804,5.044963729142804
3538.9513108614233,5.044963729142804,5.044963729142804
3539.700374531835,5.039143537967648,5.044963729142804
3540.4494382022476,5.044963729142804,5.044963729142804
3541.198501872659,5.044963729142804,5.044963729142804
3541.9475655430715,5.044963729142804,5.044963729142804
3542.696629213483,5.044963729142804,5.044963729142804
3543.4456928838954,5.044963729142804,5.044963729142804
3544.194756554307,5.044963729142804,5.044963729142804
3544.9438202247193,5.039143537967648,5.044963729142804
3545.692883895131,5.039143537967648,5.044963729142804
3546.441947565543,5.039143537967648,5.044963729142804
3547.191011235955,5.044963729142804,5.044963729142804
3547.940074906367,5.05078392031796,5.044963729142804
3548.6891385767794,5.044963729142804,5.044963729142804
3549.438202247191,5.044963729142804,5.044963729142804
3550.1872659176033,5.056604111493115,5.044963729142804
3550.936329588015,5.056604111493115,5.044963729142804
3551.685393258427,5.05078392031796,5.05078392031796
3552.434456928839,5.044963729142804,5.05078392031796
3553.183520599251,5.039143537967648,5.05078392031796
3553.932584269663,5.039143537967648,5.05078392031796
3554.681647940075,5.05078392031796,5.05078392031796
3555.430711610487,5.05078392031796,5.05078392031796
3556.179775280899,5.056604111493115,5.05078392031796
3556.9288389513113,5.056604111493115,5.05078392031796
3557.6779026217228,5.056604111493115,5.05078392031796
3558.426966292135,5.056604111493115,5.05078392031796
3559.1760299625466,5.056604111493115,5.05078392031796
3559.925093632959,5.056604111493115,5.05078392031796
3560.674157303371,5.05078392031796,5.05078392031796
3561.423220973783,5.044963729142804,5.05078392031796
3562.172284644195,5.044963729142804,5.05078392031796
3562.921348314607,5.044963729142804,5.056604111493115
3563.6704119850187,5.05078392031796,5.056604111493115
3564.4194756554307,5.044963729142804,5.056604111493115
3565.168539325843,5.044963729142804,5.056604111493115
3565.9176029962546,5.044963729142804,5.056604111493115
3566.666666666667,5.05078392031796,5.056604111493115
3567.4157303370785,5.091525258544049,5.091525258544049
3568.164794007491,5.2253896555726325,5.2253896555726325
3568.913857677903,5.335973287900593,5.335973287900593
3569.6629213483147,5.440736729053397,5.440736729053397
3570.4119850187267,5.493118449629799,5.493118449629799
3571.1610486891386,5.510579023155266,5.510579023155266
3571.9101123595506,5.568780934906824,5.568780934906824
3572.6591760299625,5.702645331935406,5.702645331935406
3573.408239700375,5.8481501113143,5.8481501113143
3574.1573033707864,5.9529135524671055,5.9529135524671055
3574.906367041199,6.034396228919286,6.022755846568974
3575.6554307116103,6.028576037744131,6.022755846568974
3576.4044943820227,6.022755846568974,6.022755846568974
3577.1535580524346,6.028576037744131,6.022755846568974
3577.9026217228466,6.028576037744131,6.022755846568974
3578.6516853932585,6.028576037744131,6.022755846568974
3579.4007490636704,6.028576037744131,6.022755846568974
3580.1498127340824,6.028576037744131,6.022755846568974
3580.8988764044943,6.028576037744131,6.022755846568974
3581.6479400749067,6.028576037744131,6.028576037744131
3582.397003745318,6.034396228919286,6.028576037744131
3583.1460674157306,6.022755846568974,6.022755846568974
3583.895131086142,6.022755846568974,6.022755846568974
3584.6441947565545,6.022755846568974,6.022755846568974
3585.3932584269664,6.022755846568974,6.022755846568974
3586.1423220973784,6.022755846568974,6.022755846568974
3586.8913857677903,6.022755846568974,6.022755846568974
3587.6404494382023,6.022755846568974,6.022755846568974
3588.389513108614,6.022755846568974,6.022755846568974
3589.138576779026,6.028576037744131,6.022755846568974
3589.8876404494385,6.022755846568974,6.022755846568974
3590.63670411985,6.022755846568974,6.022755846568974
3591.3857677902624,6.022755846568974,6.022755846568974
3592.134831460674,6.022755846568974,6.022755846568974
3592.8838951310863,6.028576037744131,6.022755846568974
3593.6329588014983,6.022755846568974,6.022755846568974
3594.38202247191,6.022755846568974,6.022755846568974
3595.131086142322,6.022755846568974,6.022755846568974
3595.880149812734,6.022755846568974,6.022755846568974
3596.6292134831465,6.028576037744131,6.022755846568974
3597.378277153558,6.022755846568974,6.022755846568974
3598.1273408239704,6.022755846568974,6.022755846568974
3598.876404494382,6.022755846568974,6.022755846568974
3599.6254681647943,6.022755846568974,6.022755846568974
3600.3745318352057,6.022755846568974,6.022755846568974
3601.123595505618,6.022755846568974,6.022755846568974
3601.87265917603,6.022755846568974,6.022755846568974
3602.621722846442,6.022755846568974,6.022755846568974
3603.370786516854,6.0169356553938185,6.022755846568974
3604.119850187266,6.022755846568974,6.022755846568974
3604.8689138576783,6.022755846568974,6.022755846568974
3605.61797752809,6.022755846568974,6.022755846568974
3606.367041198502,6.028576037744131,6.022755846568974
3607.1161048689137,6.028576037744131,6.022755846568974
3607.865168539326,6.028576037744131,6.022755846568974
3608.614232209738,6.028576037744131,6.022755846568974
3609.36329588015,6.022755846568974,6.022755846568974
3610.112359550562,6.028576037744131,6.022755846568974
3610.861423220974,6.028576037744131,6.028576037744131
3611.610486891386,6.022755846568974,6.028576037744131
3612.3595505617977,6.022755846568974,6.028576037744131
3613.10861423221,6.022755846568974,6.028576037744131
3613.8576779026216,6.022755846568974,6.028576037744131
3614.606741573034,6.022755846568974,6.028576037744131
3615.3558052434455,6.028576037744131,6.028576037744131
3616.104868913858,6.028576037744131,6.028576037744131
3616.85393258427,6.028576037744131,6.028576037744131
3617.602996254682,6.028576037744131,6.028576037744131
3618.3520599250937,6.028576037744131,6.028576037744131
3619.1011235955057,6.034396228919286,6.022755846568974
3619.8501872659176,6.034396228919286,6.022755846568974
3620.5992509363296,6.028576037744131,6.022755846568974
3621.348314606742,6.022755846568974,6.022755846568974
3622.0973782771534,6.022755846568974,6.022755846568974
3622.846441947566,6.028576037744131,6.022755846568974
3623.5955056179773,6.022755846568974,6.022755846568974
3624.3445692883897,6.022755846568974,6.022755846568974
3625.0936329588017,6.022755846568974,6.022755846568974
3625.8426966292136,6.028576037744131,6.022755846568974
3626.5917602996255,6.0169356553938185,6.022755846568974
3627.3408239700375,6.0169356553938185,6.022755846568974
3628.0898876404494,6.0169356553938185,6.022755846568974
3628.8389513108614,6.022755846568974,6.022755846568974
3629.588014981274,6.0169356553938185,6.022755846568974
3630.3370786516853,6.022755846568974,6.022755846568974
3631.0861423220977,6.022755846568974,6.022755846568974
3631.835205992509,6.022755846568974,6.022755846568974
3632.5842696629215,6.022755846568974,6.022755846568974
3633.3333333333335,6.022755846568974,6.022755846568974
3634.0823970037454,6.028576037744131,6.022755846568974
3634.8314606741574,6.028576037744131,6.022755846568974
3635.5805243445693,6.022755846568974,6.028576037744131
3636.3295880149813,6.028576037744131,6.028576037744131
3637.078651685393,6.022755846568974,6.028576037744131
3637.8277153558056,6.028576037744131,6.028576037744131
3638.576779026217,6.028576037744131,6.028576037744131
3639.3258426966295,6.034396228919286,6.028576037744131
3640.074906367041,6.040216420094442,6.028576037744131
3640.8239700374534,6.040216420094442,6.034396228919286
3641.5730337078653,6.040216420094442,6.034396228919286
3642.3220973782772,6.040216420094442,6.034396228919286
3643.071161048689,6.040216420094442,6.034396228919286
3643.820224719101,6.034396228919286,6.040216420094442
3644.5692883895135,6.028576037744131,6.040216420094442
3645.318352059925,6.028576037744131,6.040216420094442
3646.0674157303374,6.034396228919286,6.040216420094442
3646.816479400749,6.034396228919286,6.040216420094442
3647.5655430711613,6.040216420094442,6.040216420094442
3648.314606741573,6.046036611269598,6.040216420094442
3649.063670411985,6.046036611269598,6.040216420094442
3649.812734082397,6.046036611269598,6.034396228919286
3650.561797752809,6.051856802444753,6.034396228919286
3651.310861423221,6.046036611269598,6.034396228919286
3652.059925093633,6.046036611269598,6.040216420094442
3652.8089887640454,6.046036611269598,6.046036611269598
3653.558052434457,6.034396228919286,6.046036611269598
3654.3071161048692,6.028576037744131,6.046036611269598
3655.0561797752807,6.034396228919286,6.046036611269598
3655.805243445693,6.034396228919286,6.046036611269598
3656.554307116105,6.034396228919286,6.046036611269598
3657.303370786517,6.034396228919286,6.051856802444753
3658.052434456929,6.110058714196311,6.110058714196311
3658.801498127341,6.110058714196311,6.110058714196311
3659.550561797753,6.209001964173959,6.209001964173959
3660.299625468165,6.697898022887045,6.697898022887045
3661.048689138577,6.779380699339226,6.779380699339226
3661.7977528089887,6.796841272864693,6.796841272864693
3662.546816479401,6.860863375791407,6.860863375791407
3663.2958801498125,6.942346052243588,6.942346052243588
3664.044943820225,6.942346052243588,6.942346052243588
3664.794007490637,7.041289302221236,7.041289302221236
3665.543071161049,7.082030640447327,7.076210449272171
3666.2921348314608,7.082030640447327,7.076210449272171
3667.0411985018727,7.082030640447327,7.076210449272171
3667.7902621722847,7.076210449272171,7.076210449272171
3668.5393258426966,7.076210449272171,7.082030640447327
3669.288389513109,7.082030640447327,7.082030640447327
3670.0374531835205,7.082030640447327,7.082030640447327
3670.786516853933,7.076210449272171,7.082030640447327
3671.5355805243444,7.076210449272171,7.082030640447327
3672.2846441947568,7.082030640447327,7.082030640447327
3673.0337078651687,7.087850831622482,7.082030640447327
3673.7827715355807,7.087850831622482,7.082030640447327
3674.5318352059926,7.087850831622482,7.082030640447327
3675.2808988764045,7.082030640447327,7.076210449272171
3676.0299625468165,7.082030640447327,7.082030640447327
3676.7790262172284,7.076210449272171,7.082030640447327
3677.528089887641,7.076210449272171,7.082030640447327
3678.2771535580523,7.087850831622482,7.082030640447327
3679.0262172284647,7.082030640447327,7.082030640447327
3679.775280898876,7.070390258097015,7.082030640447327
3680.5243445692886,7.070390258097015,7.082030640447327
3681.2734082397005,7.070390258097015,7.082030640447327
3682.0224719101125,7.070390258097015,7.082030640447327
3682.7715355805244,7.076210449272171,7.076210449272171
3683.5205992509364,7.082030640447327,7.076210449272171
3684.2696629213483,7.082030640447327,7.076210449272171
3685.0187265917602,7.082030640447327,7.082030640447327
3685.7677902621726,7.082030640447327,7.082030640447327
3686.516853932584,7.082030640447327,7.082030640447327
3687.2659176029965,7.082030640447327,7.082030640447327
3688.014981273408,7.076210449272171,7.082030640447327
3688.7640449438204,7.076210449272171,7.082030640447327
3689.5131086142324,7.076210449272171,7.082030640447327
3690.2621722846443,7.076210449272171,7.082030640447327
3691.0112359550562,7.087850831622482,7.082030640447327
3691.760299625468,7.082030640447327,7.082030640447327
3692.50936329588,7.082030640447327,7.082030640447327
3693.258426966292,7.076210449272171,7.082030640447327
3694.0074906367045,7.087850831622482,7.082030640447327
3694.756554307116,7.087850831622482,7.082030640447327
3695.5056179775283,7.087850831622482,7.082030640447327
3696.25468164794,7.076210449272171,7.082030640447327
3697.0037453183522,7.076210449272171,7.082030640447327
3697.752808988764,7.076210449272171,7.082030640447327
3698.501872659176,7.082030640447327,7.082030640447327
3699.250936329588,7.082030640447327,7.082030640447327
3700.0,7.087850831622482,7.082030640447327
3700.7490636704124,7.082030640447327,7.082030640447327
3701.498127340824,7.076210449272171,7.082030640447327
3702.2471910112363,7.082030640447327,7.082030640447327
3702.9962546816478,7.082030640447327,7.082030640447327
3703.74531835206,7.087850831622482,7.082030640447327
3704.4943820224717,7.087850831622482,7.082030640447327
3705.243445692884,7.087850831622482,7.082030640447327
3705.992509363296,7.087850831622482,7.082030640447327
3706.741573033708,7.082030640447327,7.082030640447327
3707.49063670412,7.082030640447327,7.082030640447327
3708.239700374532,7.082030640447327,7.082030640447327
3708.988764044944,7.087850831622482,7.082030640447327
3709.7378277153557,7.087850831622482,7.082030640447327
3710.486891385768,7.087850831622482,7.082030640447327
3711.2359550561796,7.082030640447327,7.082030640447327
3711.985018726592,7.082030640447327,7.082030640447327
3712.734082397004,7.082030640447327,7.082030640447327
3713.483146067416,7.082030640447327,7.082030640447327
3714.232209737828,7.082030640447327,7.082030640447327
3714.9812734082398,7.082030640447327,7.082030640447327
3715.7303370786517,7.082030640447327,7.082030640447327
3716.4794007490636,7.082030640447327,7.082030640447327
3717.228464419476,7.082030640447327,7.082030640447327
3717.9775280898875,7.082030640447327,7.082030640447327
3718.7265917603,7.082030640447327,7.082030640447327
3719.4756554307114,7.082030640447327,7.082030640447327
3720.224719101124,7.082030640447327,7.082030640447327
3720.9737827715358,7.082030640447327,7.082030640447327
3721.7228464419477,7.082030640447327,7.082030640447327
3722.4719101123596,7.082030640447327,7.082030640447327
3723.2209737827716,7.076210449272171,7.082030640447327
3723.9700374531835,7.082030640447327,7.082030640447327
3724.7191011235955,7.082030640447327,7.082030640447327
3725.468164794008,7.087850831622482,7.082030640447327
3726.2172284644193,7.087850831622482,7.082030640447327
3726.9662921348317,7.082030640447327,7.082030640447327
3727.7153558052432,7.082030640447327,7.082030640447327
3728.4644194756556,7.087850831622482,7.087850831622482
3729.2134831460676,7.087850831622482,7.087850831622482
3729.9625468164795,7.087850831622482,7.087850831622482
3730.7116104868915,7.082030640447327,7.087850831622482
3731.4606741573034,7.082030640447327,7.087850831622482
3732.2097378277153,7.111131596323105,7.111131596323105
3732.9588014981273,7.204254655125598,7.204254655125598
3733.7078651685397,7.285737331577779,7.285737331577779
3734.456928838951,7.361399816854804,7.361399816854804
3735.2059925093636,7.454522875657297,7.454522875657297
3735.955056179775,7.530185360934322,7.530185360934322
3736.7041198501875,7.588387272685879,7.588387272685879
3737.4531835205994,7.7222516697144625,7.7222516697144625
3738.2022471910113,7.809554537341799,7.809554537341799
3738.9513108614233,7.896857404969135,7.896857404969135
3739.700374531835,7.9550593167206936,7.9550593167206936
3740.449438202247,8.013261228472253,8.013261228472253
3741.198501872659,8.042362184348029,8.042362184348029
3741.9475655430715,8.048182375523186,8.048182375523186
3742.696629213483,8.048182375523186,8.048182375523186
3743.4456928838954,8.048182375523186,8.048182375523186
3744.194756554307,8.048182375523186,8.048182375523186
3744.9438202247193,8.048182375523186,8.048182375523186
3745.692883895131,8.048182375523186,8.048182375523186
3746.441947565543,8.048182375523186,8.048182375523186
3747.191011235955,8.048182375523186,8.048182375523186
3747.940074906367,8.048182375523186,8.048182375523186
3748.6891385767794,8.048182375523186,8.048182375523186
3749.438202247191,8.059822757873498,8.048182375523186
3750.1872659176033,8.059822757873498,8.048182375523186
3750.936329588015,8.054002566698342,8.048182375523186
3751.685393258427,8.054002566698342,8.048182375523186
3752.4344569288387,8.048182375523186,8.048182375523186
3753.183520599251,8.048182375523186,8.054002566698342
3753.932584269663,8.048182375523186,8.054002566698342
3754.681647940075,8.054002566698342,8.054002566698342
3755.430711610487,8.054002566698342,8.054002566698342
3756.179775280899,8.054002566698342,8.054002566698342
3756.9288389513113,8.054002566698342,8.054002566698342
3757.6779026217228,8.054002566698342,8.054002566698342
3758.426966292135,8.048182375523186,8.054002566698342
3759.1760299625466,8.054002566698342,8.054002566698342
3759.925093632959,8.048182375523186,8.054002566698342
3760.6741573033705,8.054002566698342,8.054002566698342
3761.423220973783,8.054002566698342,8.054002566698342
3762.172284644195,8.054002566698342,8.054002566698342
3762.921348314607,8.048182375523186,8.054002566698342
3763.6704119850187,8.048182375523186,8.054002566698342
3764.4194756554307,8.054002566698342,8.054002566698342
3765.168539325843,8.054002566698342,8.054002566698342
3765.9176029962546,8.059822757873498,8.054002566698342
3766.666666666667,8.059822757873498,8.054002566698342
3767.4157303370785,8.059822757873498,8.054002566698342
3768.164794007491,8.054002566698342,8.054002566698342
3768.913857677903,8.054002566698342,8.054002566698342
3769.6629213483147,8.054002566698342,8.059822757873498
3770.4119850187267,8.054002566698342,8.059822757873498
3771.1610486891386,8.054002566698342,8.059822757873498
3771.9101123595506,8.059822757873498,8.059822757873498
3772.6591760299625,8.059822757873498,8.059822757873498
3773.408239700375,8.059822757873498,8.059822757873498
3774.1573033707864,8.059822757873498,8.059822757873498
3774.906367041199,8.059822757873498,8.059822757873498
3775.6554307116103,8.065642949048653,8.059822757873498
3776.4044943820227,8.065642949048653,8.059822757873498
3777.1535580524346,8.065642949048653,8.059822757873498
3777.9026217228466,8.065642949048653,8.059822757873498
3778.6516853932585,8.065642949048653,8.059822757873498
3779.4007490636704,8.059822757873498,8.059822757873498
3780.1498127340824,8.059822757873498,8.065642949048653
3780.8988764044943,8.059822757873498,8.065642949048653
3781.6479400749067,8.065642949048653,8.065642949048653
3782.397003745318,8.065642949048653,8.065642949048653
3783.1460674157306,8.065642949048653,8.065642949048653
3783.895131086142,8.059822757873498,8.059822757873498
3784.6441947565545,8.059822757873498,8.059822757873498
3785.3932584269664,8.065642949048653,8.059822757873498
3786.1423220973784,8.065642949048653,8.059822757873498
3786.8913857677903,8.059822757873498,8.059822757873498
3787.6404494382023,8.065642949048653,8.059822757873498
3788.389513108614,8.059822757873498,8.059822757873498
3789.138576779026,8.059822757873498,8.059822757873498
3789.8876404494385,8.059822757873498,8.059822757873498
3790.63670411985,8.059822757873498,8.059822757873498
3791.3857677902624,8.059822757873498,8.059822757873498
3792.134831460674,8.059822757873498,8.065642949048653
3792.8838951310863,8.059822757873498,8.065642949048653
3793.6329588014983,8.059822757873498,8.065642949048653
3794.38202247191,8.065642949048653,8.059822757873498
3795.131086142322,8.065642949048653,8.059822757873498
3795.880149812734,8.065642949048653,8.059822757873498
3796.629213483146,8.065642949048653,8.059822757873498
3797.378277153558,8.065642949048653,8.059822757873498
3798.1273408239704,8.065642949048653,8.059822757873498
3798.876404494382,8.065642949048653,8.065642949048653
3799.6254681647943,8.065642949048653,8.065642949048653
3800.3745318352057,8.065642949048653,8.065642949048653
3801.123595505618,8.059822757873498,8.065642949048653
3801.87265917603,8.059822757873498,8.065642949048653
3802.621722846442,8.054002566698342,8.065642949048653
3803.370786516854,8.059822757873498,8.065642949048653
3804.119850187266,8.059822757873498,8.065642949048653
3804.8689138576783,8.059822757873498,8.065642949048653
3805.61797752809,8.065642949048653,8.065642949048653
3806.367041198502,8.065642949048653,8.065642949048653
3807.1161048689137,8.065642949048653,8.065642949048653
3807.865168539326,8.065642949048653,8.065642949048653
3808.6142322097376,8.065642949048653,8.065642949048653
3809.36329588015,8.065642949048653,8.065642949048653
3810.112359550562,8.065642949048653,8.065642949048653
3810.861423220974,8.065642949048653,8.065642949048653
3811.610486891386,8.065642949048653,8.065642949048653
3812.3595505617977,8.106384287274743,8.106384287274743
3813.10861423221,8.339191934280976,8.339191934280976
3813.8576779026216,8.461415948959246,8.461415948959246
3814.606741573034,8.531258243061115,8.531258243061115
3815.3558052434455,8.589460154812674,8.589460154812674
3816.104868913858,8.60692072833814,8.60692072833814
3816.85393258427,8.641841875389076,8.641841875389076
3817.602996254682,8.85718894886984,8.85718894886984
3818.3520599250937,9.025974492949357,9.025974492949357
3819.1011235955057,9.113277360576694,9.095816787051227
3819.8501872659176,9.113277360576694,9.095816787051227
3820.5992509363296,9.113277360576694,9.101636978226383
3821.348314606742,9.113277360576694,9.101636978226383
3822.0973782771534,9.107457169401538,9.101636978226383
3822.846441947566,9.101636978226383,9.101636978226383
3823.5955056179773,9.101636978226383,9.101636978226383
3824.3445692883897,9.101636978226383,9.101636978226383
3825.0936329588017,9.101636978226383,9.101636978226383
3825.8426966292136,9.095816787051227,9.101636978226383
3826.5917602996255,9.095816787051227,9.101636978226383
3827.3408239700375,9.101636978226383,9.101636978226383
3828.0898876404494,9.101636978226383,9.101636978226383
3828.8389513108614,9.101636978226383,9.101636978226383
3829.588014981274,9.101636978226383,9.101636978226383
3830.3370786516853,9.101636978226383,9.101636978226383
3831.0861423220977,9.101636978226383,9.101636978226383
3831.835205992509,9.101636978226383,9.101636978226383
3832.5842696629215,9.101636978226383,9.101636978226383
3833.3333333333335,9.095816787051227,9.101636978226383
3834.0823970037454,9.095816787051227,9.101636978226383
3834.8314606741574,9.095816787051227,9.101636978226383
3835.5805243445693,9.101636978226383,9.101636978226383
3836.3295880149813,9.095816787051227,9.101636978226383
3837.078651685393,9.095816787051227,9.101636978226383
3837.8277153558056,9.095816787051227,9.101636978226383
3838.576779026217,9.095816787051227,9.095816787051227
3839.3258426966295,9.095816787051227,9.095816787051227
3840.074906367041,9.101636978226383,9.095816787051227
3840.8239700374534,9.101636978226383,9.095816787051227
3841.5730337078653,9.101636978226383,9.101636978226383
3842.3220973782772,9.107457169401538,9.101636978226383
3843.071161048689,9.101636978226383,9.101636978226383
3843.820224719101,9.101636978226383,9.095816787051227
3844.569288389513,9.08999659587607,9.095816787051227
3845.318352059925,9.08999659587607,9.095816787051227
3846.0674157303374,9.095816787051227,9.095816787051227
3846.816479400749,9.101636978226383,9.095816787051227
3847.5655430711613,9.101636978226383,9.095816787051227
3848.314606741573,9.101636978226383,9.095816787051227
3849.063670411985,9.101636978226383,9.095816787051227
3849.812734082397,9.095816787051227,9.095816787051227
3850.561797752809,9.095816787051227,9.095816787051227
3851.310861423221,9.095816787051227,9.095816787051227
3852.059925093633,9.08999659587607,9.095816787051227
3852.8089887640454,9.084176404700916,9.095816787051227
3853.558052434457,9.084176404700916,9.095816787051227
3854.3071161048692,9.084176404700916,9.095816787051227
3855.0561797752807,9.08999659587607,9.095816787051227
3855.805243445693,9.08999659587607,9.095816787051227
3856.5543071161046,9.095816787051227,9.095816787051227
3857.303370786517,9.095816787051227,9.095816787051227
3858.052434456929,9.095816787051227,9.095816787051227
3858.801498127341,9.095816787051227,9.08999659587607
3859.550561797753,9.095816787051227,9.08999659587607
3860.299625468165,9.095816787051227,9.08999659587607
3861.048689138577,9.08999659587607,9.08999659587607
3861.7977528089887,9.08999659587607,9.095816787051227
3862.546816479401,9.095816787051227,9.095816787051227
3863.2958801498125,9.095816787051227,9.095816787051227
3864.044943820225,9.095816787051227,9.095816787051227
3864.7940074906364,9.08999659587607,9.095816787051227
3865.543071161049,9.084176404700916,9.095816787051227
3866.2921348314608,9.084176404700916,9.095816787051227
3867.0411985018727,9.08999659587607,9.095816787051227
3867.7902621722847,9.08999659587607,9.095816787051227
3868.5393258426966,9.095816787051227,9.095816787051227
3869.288389513109,9.095816787051227,9.095816787051227
3870.0374531835205,9.095816787051227,9.095816787051227
3870.786516853933,9.095816787051227,9.095816787051227
3871.5355805243444,9.101636978226383,9.095816787051227
3872.2846441947568,9.101636978226383,9.095816787051227
3873.0337078651687,9.107457169401538,9.095816787051227
3873.7827715355807,9.107457169401538,9.095816787051227
3874.5318352059926,9.101636978226383,9.095816787051227
3875.2808988764045,9.095816787051227,9.101636978226383
3876.0299625468165,9.095816787051227,9.101636978226383
3876.7790262172284,9.101636978226383,9.101636978226383
3877.528089887641,9.101636978226383,9.101636978226383
3878.2771535580523,9.101636978226383,9.101636978226383
3879.0262172284647,9.101636978226383,9.101636978226383
3879.775280898876,9.101636978226383,9.101636978226383
3880.5243445692886,9.095816787051227,9.101636978226383
3881.2734082397005,9.095816787051227,9.101636978226383
3882.0224719101125,9.095816787051227,9.101636978226383
3882.7715355805244,9.101636978226383,9.101636978226383
3883.5205992509364,9.095816787051227,9.101636978226383
3884.2696629213483,9.095816787051227,9.101636978226383
3885.0187265917602,9.095816787051227,9.101636978226383
3885.7677902621726,9.095816787051227,9.101636978226383
3886.516853932584,9.095816787051227,9.101636978226383
3887.2659176029965,9.101636978226383,9.101636978226383
3888.014981273408,9.107457169401538,9.101636978226383
3888.7640449438204,9.107457169401538,9.101636978226383
3889.5131086142324,9.113277360576694,9.101636978226383
3890.2621722846443,9.113277360576694,9.101636978226383
3891.0112359550562,9.113277360576694,9.101636978226383
3891.760299625468,9.107457169401538,9.107457169401538
3892.50936329588,9.107457169401538,9.107457169401538
3893.258426966292,9.107457169401538,9.107457169401538
3894.0074906367045,9.107457169401538,9.107457169401538
3894.756554307116,9.101636978226383,9.107457169401538
3895.5056179775283,9.101636978226383,9.107457169401538
3896.25468164794,9.101636978226383,9.107457169401538
3897.0037453183522,9.101636978226383,9.113277360576694
3897.752808988764,9.101636978226383,9.113277360576694
3898.501872659176,9.107457169401538,9.113277360576694
3899.250936329588,9.218040801729497,9.218040801729497
3900.0,9.375185963458705,9.375185963458705
3900.749063670412,9.456668639910884,9.456668639910884
3901.498127340824,9.497409978136975,9.497409978136975
3902.2471910112363,9.514870551662444,9.514870551662444
3902.9962546816478,9.532331125187909,9.532331125187909
3903.74531835206,9.672015713391648,9.672015713391648
3904.4943820224717,9.840801257471167,9.840801257471167
3905.243445692884,9.928104125098503,9.928104125098503
3905.992509363296,9.974665654499749,9.974665654499749
3906.741573033708,9.997946419200373,9.997946419200373
3907.49063670412,10.01540699272584,10.01540699272584
3908.239700374532,10.032867566251307,10.027047375076151
3908.988764044944,10.032867566251307,10.032867566251307
3909.7378277153557,10.032867566251307,10.032867566251307
3910.486891385768,10.032867566251307,10.032867566251307
3911.2359550561796,10.038687757426462,10.032867566251307
3911.985018726592,10.038687757426462,10.032867566251307
3912.7340823970035,10.038687757426462,10.032867566251307
3913.483146067416,10.038687757426462,10.032867566251307
3914.232209737828,10.032867566251307,10.032867566251307
3914.9812734082398,10.027047375076151,10.032867566251307
3915.7303370786517,10.032867566251307,10.032867566251307
3916.4794007490636,10.032867566251307,10.032867566251307
3917.228464419476,10.032867566251307,10.032867566251307
3917.9775280898875,10.027047375076151,10.038687757426462
3918.7265917603,10.032867566251307,10.038687757426462
3919.4756554307114,10.038687757426462,10.038687757426462
3920.224719101124,10.038687757426462,10.038687757426462
3920.9737827715358,10.038687757426462,10.038687757426462
3921.7228464419477,10.032867566251307,10.032867566251307
3922.4719101123596,10.032867566251307,10.032867566251307
3923.2209737827716,10.044507948601618,10.032867566251307
3923.9700374531835,10.044507948601618,10.038687757426462
3924.7191011235955,10.044507948601618,10.038687757426462
3925.468164794008,10.038687757426462,10.038687757426462
3926.2172284644193,10.038687757426462,10.038687757426462
3926.9662921348317,10.038687757426462,10.038687757426462
3927.7153558052432,10.038687757426462,10.038687757426462
3928.4644194756556,10.032867566251307,10.038687757426462
3929.2134831460676,10.032867566251307,10.038687757426462
3929.9625468164795,10.027047375076151,10.038687757426462
3930.7116104868915,10.032867566251307,10.038687757426462
3931.4606741573034,10.038687757426462,10.038687757426462
3932.2097378277153,10.038687757426462,10.038687757426462
3932.9588014981273,10.044507948601618,10.038687757426462
3933.7078651685397,10.038687757426462,10.038687757426462
3934.456928838951,10.038687757426462,10.038687757426462
3935.2059925093636,10.038687757426462,10.038687757426462
3935.955056179775,10.044507948601618,10.038687757426462
3936.7041198501875,10.032867566251307,10.038687757426462
3937.4531835205994,10.032867566251307,10.038687757426462
3938.2022471910113,10.032867566251307,10.038687757426462
3938.9513108614233,10.038687757426462,10.038687757426462
3939.700374531835,10.038687757426462,10.038687757426462
3940.449438202247,10.038687757426462,10.038687757426462
3941.198501872659,10.032867566251307,10.038687757426462
3941.9475655430715,10.038687757426462,10.038687757426462
3942.696629213483,10.044507948601618,10.038687757426462
3943.4456928838954,10.044507948601618,10.038687757426462
3944.194756554307,10.044507948601618,10.038687757426462
3944.9438202247193,10.038687757426462,10.038687757426462
3945.692883895131,10.032867566251307,10.038687757426462
3946.441947565543,10.038687757426462,10.038687757426462
3947.191011235955,10.044507948601618,10.038687757426462
3947.940074906367,10.044507948601618,10.038687757426462
3948.689138576779,10.044507948601618,10.038687757426462
3949.438202247191,10.038687757426462,10.038687757426462
3950.1872659176033,10.038687757426462,10.038687757426462
3950.936329588015,10.032867566251307,10.038687757426462
3951.685393258427,10.038687757426462,10.038687757426462
3952.4344569288387,10.044507948601618,10.038687757426462
3953.183520599251,10.044507948601618,10.038687757426462
3953.932584269663,10.038687757426462,10.038687757426462
3954.681647940075,10.032867566251307,10.038687757426462
3955.430711610487,10.038687757426462,10.038687757426462
3956.179775280899,10.038687757426462,10.038687757426462
3956.928838951311,10.038687757426462,10.038687757426462
3957.6779026217228,10.032867566251307,10.038687757426462
3958.426966292135,10.032867566251307,10.038687757426462
3959.1760299625466,10.038687757426462,10.038687757426462
3959.925093632959,10.038687757426462,10.038687757426462
3960.6741573033705,10.038687757426462,10.038687757426462
3961.423220973783,10.038687757426462,10.038687757426462
3962.172284644195,10.044507948601618,10.038687757426462
3962.921348314607,10.044507948601618,10.038687757426462
3963.6704119850187,10.044507948601618,10.038687757426462
3964.4194756554307,10.044507948601618,10.038687757426462
3965.168539325843,10.038687757426462,10.038687757426462
3965.9176029962546,10.032867566251307,10.038687757426462
3966.666666666667,10.032867566251307,10.038687757426462
3967.4157303370785,10.032867566251307,10.038687757426462
3968.164794007491,10.038687757426462,10.038687757426462
3968.9138576779023,10.044507948601618,10.044507948601618
3969.6629213483147,10.044507948601618,10.044507948601618
3970.4119850187267,10.038687757426462,10.044507948601618
3971.1610486891386,10.038687757426462,10.038687757426462
3971.9101123595506,10.038687757426462,10.038687757426462
3972.6591760299625,10.044507948601618,10.038687757426462
3973.408239700375,10.044507948601618,10.044507948601618
3974.1573033707864,10.044507948601618,10.044507948601618
3974.906367041199,10.038687757426462,10.044507948601618
3975.6554307116103,10.044507948601618,10.044507948601618
3976.4044943820227,10.044507948601618,10.044507948601618
3977.1535580524346,10.044507948601618,10.044507948601618
3977.9026217228466,10.038687757426462,10.044507948601618
3978.6516853932585,10.038687757426462,10.044507948601618
3979.4007490636704,10.044507948601618,10.044507948601618
3980.1498127340824,10.044507948601618,10.044507948601618
3980.8988764044943,10.044507948601618,10.044507948601618
3981.6479400749067,10.050328139776774,10.044507948601618
3982.397003745318,10.050328139776774,10.044507948601618
3983.1460674157306,10.044507948601618,10.044507948601618
3983.895131086142,10.044507948601618,10.044507948601618
3984.6441947565545,10.044507948601618,10.038687757426462
3985.3932584269664,10.050328139776774,10.038687757426462
3986.1423220973784,8.85718894886984,8.85718894886984
3986.8913857677903,3.770341861783688,6.965626816944211
3987.6404494382023,3.5666351706532353,3.770341861783688
3988.389513108614,3.4094900089240294,3.5666351706532353
3989.138576779026,3.2872659942457574,3.4094900089240294
3989.8876404494385,3.165041979567487,3.2872659942457574
3990.63670411985,6.965626816944211,3.165041979567487
3991.3857677902624,0.022138744983365655,0.022138744983365655
3992.134831460674,0.016318553808210012,0.016318553808210012
3992.8838951310863,0.016318553808210012,0.016318553808210012
3993.6329588014983,0.016318553808210012,0.016318553808210012
3994.38202247191,0.016318553808210012,0.016318553808210012
3995.131086142322,0.016318553808210012,0.016318553808210012
3995.880149812734,0.016318553808210012,0.016318553808210012
3996.629213483146,0.016318553808210012,0.016318553808210012
3997.378277153558,0.016318553808210012,0.016318553808210012
3998.1273408239704,0.016318553808210012,0.016318553808210012
3998.876404494382,0.016318553808210012,0.016318553808210012
3999.6254681647943,0.016318553808210012,0.016318553808210012
4000.3745318352057,0.016318553808210012,0.016318553808210012
4001.123595505618,0.016318553808210012,0.016318553808210012
4001.87265917603,0.016318553808210012,0.016318553808210012
4002.621722846442,0.01049836263305437,0.016318553808210012
4003.370786516854,0.016318553808210012,0.016318553808210012
4004.119850187266,0.016318553808210012,0.016318553808210012
4004.868913857678,0.016318553808210012,0.016318553808210012
4005.61797752809,0.016318553808210012,0.01049836263305437
4006.367041198502,0.01049836263305437,0.01049836263305437
4007.1161048689137,0.01049836263305437,0.01049836263305437
4007.865168539326,0.01049836263305437,0.01049836263305437
4008.6142322097376,0.01049836263305437,0.01049836263305437
4009.36329588015,0.01049836263305437,0.01049836263305437
4010.112359550562,0.01049836263305437,0.01049836263305437
4010.861423220974,0.01049836263305437,0.01049836263305437
4011.610486891386,0.01049836263305437,0.01049836263305437
4012.3595505617977,0.01049836263305437,0.01049836263305437
4013.10861423221,0.01049836263305437,0.01049836263305437
4013.8576779026216,0.01049836263305437,0.01049836263305437
4014.606741573034,0.01049836263305437,0.01049836263305437
4015.3558052434455,0.01049836263305437,0.01049836263305437
4016.104868913858,0.01049836263305437,0.01049836263305437
4016.8539325842694,0.01049836263305437,0.01049836263305437
4017.602996254682,0.01049836263305437,0.01049836263305437
4018.3520599250937,0.01049836263305437,0.01049836263305437
4019.1011235955057,0.01049836263305437,0.01049836263305437
4019.8501872659176,0.01049836263305437,0.01049836263305437
4020.5992509363296,0.01049836263305437,0.01049836263305437
4021.348314606742,0.01049836263305437,0.01049836263305437
4022.0973782771534,0.01049836263305437,0.01049836263305437
4022.846441947566,0.01049836263305437,0.01049836263305437
4023.5955056179773,0.004678171457896951,0.004678171457896951
4024.3445692883897,0.004678171457896951,0.004678171457896951
4025.0936329588017,0.004678171457896951,0.004678171457896951
4025.8426966292136,0.004678171457896951,0.004678171457896951
4026.5917602996255,0.004678171457896951,0.004678171457896951
4027.3408239700375,0.004678171457896951,0.004678171457896951
4028.0898876404494,0.004678171457896951,0.004678171457896951
4028.8389513108614,0.004678171457896951,0.004678171457896951
4029.588014981274,0.004678171457896951,0.004678171457896951
4030.3370786516853,0.004678171457896951,0.004678171457896951
4031.0861423220977,0.004678171457896951,0.004678171457896951
4031.835205992509,0.004678171457896951,0.004678171457896951
4032.5842696629215,0.004678171457896951,0.004678171457896951
4033.3333333333335,0.004678171457896951,0.004678171457896951
4034.0823970037454,0.004678171457896951,0.004678171457896951
4034.8314606741574,0.004678171457896951,0.004678171457896951
4035.5805243445693,0.004678171457896951,0.004678171457896951
4036.3295880149813,0.004678171457896951,0.004678171457896951
4037.078651685393,0.004678171457896951,0.004678171457896951
4037.8277153558056,0.004678171457896951,0.004678171457896951
4038.576779026217,0.004678171457896951,0.004678171457896951
4039.3258426966295,0.004678171457896951,0.004678171457896951
4040.074906367041,0.004678171457896951,0.004678171457896951
4040.8239700374534,0.004678171457896951,0.004678171457896951
4041.5730337078653,0.004678171457896951,0.004678171457896951
4042.3220973782772,0.004678171457896951,0.004678171457896951
4043.071161048689,0.004678171457896951,0.004678171457896951
4043.820224719101,0.004678171457896951,0.004678171457896951
4044.569288389513,0.004678171457896951,0.004678171457896951
4045.318352059925,0.004678171457896951,0.004678171457896951
4046.0674157303374,0.004678171457896951,0.004678171457896951
4046.816479400749,0.004678171457896951,0.004678171457896951
4047.5655430711613,0.004678171457896951,0.004678171457896951
4048.314606741573,0.004678171457896951,0.004678171457896951
4049.063670411985,0.004678171457896951,0.004678171457896951
4049.812734082397,0.004678171457896951,0.004678171457896951
4050.561797752809,0.004678171457896951,0.004678171457896951
4051.310861423221,0.004678171457896951,0.004678171457896951
4052.059925093633,0.004678171457896951,0.004678171457896951
4052.808988764045,0.004678171457896951,0.004678171457896951
4053.558052434457,0.004678171457896951,0.004678171457896951
4054.3071161048692,0.004678171457896951,0.004678171457896951
4055.0561797752807,0.004678171457896951,0.004678171457896951
4055.805243445693,0.004678171457896951,0.004678171457896951
4056.5543071161046,0.004678171457896951,0.004678171457896951
4057.303370786517,0.004678171457896951,0.004678171457896951
4058.052434456929,0.004678171457896951,0.004678171457896951
4058.801498127341,0.004678171457896951,0.004678171457896951
4059.550561797753,0.004678171457896951,0.004678171457896951
4060.299625468165,0.004678171457896951,0.004678171457896951
4061.0486891385767,0.004678171457896951,0.004678171457896951
4061.7977528089887,0.004678171457896951,0.004678171457896951
4062.546816479401,0.004678171457896951,0.004678171457896951
4063.2958801498125,0.004678171457896951,0.004678171457896951
4064.044943820225,0.004678171457896951,0.004678171457896951
4064.7940074906364,0.004678171457896951,0.004678171457896951
4065.543071161049,0.004678171457896951,0.004678171457896951
4066.2921348314608,0.004678171457896951,0.004678171457896951
4067.0411985018727,0.004678171457896951,0.004678171457896951
4067.7902621722847,0.004678171457896951,0.004678171457896951
4068.5393258426966,0.004678171457896951,0.004678171457896951
4069.288389513109,0.004678171457896951,0.004678171457896951
4070.0374531835205,0.004678171457896951,0.004678171457896951
4070.786516853933,0.004678171457896951,0.004678171457896951
4071.5355805243444,0.004678171457896951,0.004678171457896951
4072.2846441947568,0.004678171457896951,0.004678171457896951
4073.0337078651683,0.004678171457896951,0.004678171457896951
4073.7827715355807,0.004678171457896951,0.004678171457896951
4074.5318352059926,0.004678171457896951,0.004678171457896951
4075.2808988764045,0.004678171457896951,0.004678171457896951
4076.0299625468165,0.004678171457896951,0.004678171457896951
4076.7790262172284,0.004678171457896951,0.004678171457896951
4077.528089887641,0.004678171457896951,0.004678171457896951
4078.2771535580523,0.004678171457896951,0.004678171457896951
4079.0262172284647,0.004678171457896951,0.004678171457896951
4079.775280898876,0.004678171457896951,0.004678171457896951
4080.5243445692886,0.004678171457896951,0.004678171457896951
4081.2734082397005,0.004678171457896951,0.004678171457896951
4082.0224719101125,0.004678171457896951,0.004678171457896951
4082.7715355805244,0.004678171457896951,0.004678171457896951
4083.5205992509364,0.004678171457896951,0.004678171457896951
4084.2696629213483,0.004678171457896951,0.004678171457896951
4085.0187265917602,0.004678171457896951,0.004678171457896951
4085.7677902621726,0.004678171457896951,0.004678171457896951
4086.516853932584,0.004678171457896951,0.004678171457896951
4087.2659176029965,0.004678171457896951,0.004678171457896951
4088.014981273408,0.004678171457896951,0.004678171457896951
4088.7640449438204,0.004678171457896951,0.004678171457896951
4089.5131086142324,0.004678171457896951,0.004678171457896951
4090.2621722846443,0.004678171457896951,0.004678171457896951
4091.0112359550562,0.004678171457896951,0.004678171457896951
4091.760299625468,0.004678171457896951,0.004678171457896951
4092.50936329588,0.004678171457896951,0.004678171457896951
4093.258426966292,0.004678171457896951,0.004678171457896951
4094.0074906367045,0.004678171457896951,0.004678171457896951
4094.756554307116,0.004678171457896951,0.004678171457896951
4095.5056179775283,0.004678171457896951,0.004678171457896951
4096.25468164794,0.004678171457896951,0.004678171457896951
4097.003745318352,0.004678171457896951,0.004678171457896951
4097.752808988764,0.004678171457896951,0.004678171457896951
4098.501872659176,0.004678171457896951,0.004678171457896951
4099.2509363295885,0.004678171457896951,0.004678171457896951
4100.0,0.004678171457896951,0.004678171457896951
4100.7490636704115,0.0,0.004678171457896951
4101.498127340824,0.004678171457896951,0.004678171457896951
4102.247191011236,0.004678171457896951,0.004678171457896951
4102.996254681648,0.004678171457896951,0.004678171457896951
4103.74531835206,0.004678171457896951,0.004678171457896951
4104.494382022472,0.004678171457896951,0.004678171457896951
4105.243445692884,0.004678171457896951,0.004678171457896951
4105.9925093632955,0.004678171457896951,0.004678171457896951
4106.741573033708,0.004678171457896951,0.004678171457896951
4107.49063670412,0.004678171457896951,0.004678171457896951
4108.239700374532,0.004678171457896951,0.004678171457896951
4108.988764044943,0.004678171457896951,0.004678171457896951
4109.737827715356,0.004678171457896951,0.004678171457896951
4110.486891385768,0.004678171457896951,0.004678171457896951
4111.23595505618,0.004678171457896951,0.004678171457896951
4111.985018726592,0.004678171457896951,0.004678171457896951
4112.7340823970035,0.004678171457896951,0.004678171457896951
4113.483146067416,0.004678171457896951,0.004678171457896951
4114.232209737827,0.004678171457896951,0.004678171457896951
4114.98127340824,0.004678171457896951,0.004678171457896951
4115.730337078652,0.004678171457896951,0.004678171457896951
4116.479400749064,0.004678171457896951,0.004678171457896951
4117.228464419476,0.004678171457896951,0.004678171457896951
4117.9775280898875,0.004678171457896951,0.004678171457896951
4118.7265917603,0.004678171457896951,0.004678171457896951
4119.475655430711,0.004678171457896951,0.004678171457896951
4120.224719101124,0.004678171457896951,0.004678171457896951
4120.973782771535,0.004678171457896951,0.004678171457896951
4121.722846441948,0.004678171457896951,0.004678171457896951
4122.471910112359,0.004678171457896951,0.004678171457896951
4123.220973782772,0.004678171457896951,0.004678171457896951
4123.970037453184,0.004678171457896951,0.004678171457896951
4124.7191011235955,0.004678171457896951,0.004678171457896951
4125.468164794008,0.004678171457896951,0.004678171457896951
4126.217228464419,0.004678171457896951,0.004678171457896951
4126.966292134832,0.004678171457896951,0.004678171457896951
4127.715355805243,0.004678171457896951,0.004678171457896951
4128.464419475656,0.004678171457896951,0.004678171457896951
4129.213483146068,0.004678171457896951,0.004678171457896951
4129.9625468164795,0.004678171457896951,0.004678171457896951
4130.711610486891,0.004678171457896951,0.004678171457896951
4131.460674157303,0.004678171457896951,0.004678171457896951
4132.209737827716,0.004678171457896951,0.004678171457896951
4132.958801498127,0.004678171457896951,0.004678171457896951
4133.70786516854,0.004678171457896951,0.004678171457896951
4134.456928838951,0.004678171457896951,0.004678171457896951
4135.205992509364,0.004678171457896951,0.004678171457896951
4135.955056179775,0.004678171457896951,0.004678171457896951
4136.704119850187,0.004678171457896951,0.004678171457896951
4137.4531835206,0.004678171457896951,0.004678171457896951
4138.202247191011,0.004678171457896951,0.004678171457896951
4138.951310861423,0.004678171457896951,0.004678171457896951
4139.700374531835,0.004678171457896951,0.004678171457896951
4140.449438202248,0.004678171457896951,0.004678171457896951
4141.198501872659,0.004678171457896951,0.004678171457896951
4141.9475655430715,0.004678171457896951,0.004678171457896951
4142.696629213483,0.004678171457896951,0.004678171457896951
4143.445692883895,0.004678171457896951,0.004678171457896951
4144.194756554307,0.004678171457896951,0.004678171457896951
4144.943820224719,0.004678171457896951,0.004678171457896951
4145.692883895132,0.004678171457896951,0.004678171457896951
4146.441947565543,0.004678171457896951,0.004678171457896951
4147.191011235955,0.004678171457896951,0.004678171457896951
4147.940074906367,0.004678171457896951,0.004678171457896951
4148.689138576779,0.004678171457896951,0.004678171457896951
4149.438202247191,0.004678171457896951,0.004678171457896951
4150.187265917603,0.004678171457896951,0.004678171457896951
4150.936329588015,0.004678171457896951,0.004678171457896951
4151.685393258427,0.004678171457896951,0.004678171457896951
4152.434456928839,0.004678171457896951,0.004678171457896951
4153.183520599251,0.004678171457896951,0.004678171457896951
4153.9325842696635,0.004678171457896951,0.004678171457896951
4154.681647940075,0.004678171457896951,0.004678171457896951
4155.4307116104865,0.004678171457896951,0.004678171457896951
4156.179775280899,0.004678171457896951,0.004678171457896951
4156.928838951311,0.004678171457896951,0.004678171457896951
4157.677902621723,0.004678171457896951,0.004678171457896951
4158.426966292135,0.004678171457896951,0.004678171457896951
4159.176029962547,0.004678171457896951,0.004678171457896951
4159.925093632959,0.004678171457896951,0.004678171457896951
4160.6741573033705,0.004678171457896951,0.004678171457896951
4161.423220973783,0.004678171457896951,0.004678171457896951
4162.172284644195,0.004678171457896951,0.004678171457896951
4162.921348314607,0.004678171457896951,0.004678171457896951
4163.670411985018,0.004678171457896951,0.004678171457896951
4164.419475655431,0.004678171457896951,0.004678171457896951
4165.168539325843,0.004678171457896951,0.004678171457896951
4165.917602996255,0.004678171457896951,0.004678171457896951
4166.666666666667,0.004678171457896951,0.004678171457896951
4167.4157303370785,0.004678171457896951,0.004678171457896951
4168.164794007491,0.004678171457896951,0.004678171457896951
4168.913857677902,0.004678171457896951,0.004678171457896951
4169.662921348315,0.004678171457896951,0.004678171457896951
4170.411985018727,0.004678171457896951,0.004678171457896951
4171.161048689139,0.004678171457896951,0.004678171457896951
4171.91011235955,0.004678171457896951,0.004678171457896951
4172.6591760299625,0.004678171457896951,0.004678171457896951
4173.408239700375,0.004678171457896951,0.004678171457896951
4174.157303370786,0.004678171457896951,0.004678171457896951
4174.906367041199,0.004678171457896951,0.004678171457896951
4175.65543071161,0.004678171457896951,0.004678171457896951
4176.404494382023,0.004678171457896951,0.004678171457896951
4177.153558052434,0.004678171457896951,0.004678171457896951
4177.902621722847,0.004678171457896951,0.004678171457896951
4178.651685393259,0.004678171457896951,0.004678171457896951
4179.40074906367,0.004678171457896951,0.004678171457896951
4180.149812734082,0.004678171457896951,0.004678171457896951
4180.898876404494,0.004678171457896951,0.004678171457896951
4181.647940074907,0.004678171457896951,0.004678171457896951
4182.397003745318,0.004678171457896951,0.004678171457896951
4183.146067415731,0.004678171457896951,0.004678171457896951
4183.895131086142,0.004678171457896951,0.004678171457896951
4184.6441947565545,0.004678171457896951,0.004678171457896951
4185.393258426966,0.004678171457896951,0.004678171457896951
4186.142322097378,0.004678171457896951,0.004678171457896951
4186.891385767791,0.004678171457896951,0.004678171457896951
4187.640449438202,0.004678171457896951,0.004678171457896951
4188.389513108614,0.004678171457896951,0.004678171457896951
4189.138576779026,0.004678171457896951,0.004678171457896951
4189.887640449439,0.004678171457896951,0.004678171457896951
4190.63670411985,0.004678171457896951,0.004678171457896951
4191.385767790262,0.004678171457896951,0.004678171457896951
4192.134831460674,0.004678171457896951,0.004678171457896951
4192.883895131086,0.004678171457896951,0.004678171457896951
4193.632958801498,0.004678171457896951,0.004678171457896951
4194.38202247191,0.004678171457896951,0.004678171457896951
4195.131086142323,0.004678171457896951,0.004678171457896951
4195.880149812734,0.004678171457896951,0.004678171457896951
4196.629213483146,0.004678171457896951,0.004678171457896951
4197.378277153558,0.004678171457896951,0.004678171457896951
4198.12734082397,0.0,0.004678171457896951
4198.876404494382,0.004678171457896951,0.004678171457896951
4199.625468164794,0.004678171457896951,0.004678171457896951
4200.374531835206,0.004678171457896951,0.004678171457896951
4201.123595505618,0.004678171457896951,0.004678171457896951
4201.87265917603,0.004678171457896951,0.004678171457896951
4202.621722846442,0.0,0.004678171457896951
4203.370786516854,0.004678171457896951,0.004678171457896951
4204.119850187266,0.004678171457896951,0.004678171457896951
4204.868913857677,0.0,0.004678171457896951
4205.61797752809,0.0,0.004678171457896951
4206.367041198502,0.0,0.004678171457896951
4207.116104868914,0.004678171457896951,0.004678171457896951
4207.865168539326,0.0,0.004678171457896951
4208.614232209738,0.0,0.004678171457896951
4209.36329588015,0.004678171457896951,0.004678171457896951
4210.112359550561,0.004678171457896951,0.004678171457896951
4210.861423220974,0.0,0.004678171457896951
4211.610486891386,0.004678171457896951,0.004678171457896951
4212.359550561798,0.004678171457896951,0.004678171457896951
4213.108614232209,0.004678171457896951,0.004678171457896951
4213.857677902622,0.004678171457896951,0.004678171457896951
4214.606741573034,0.004678171457896951,0.004678171457896951
4215.3558052434455,0.004678171457896951,0.004678171457896951
4216.104868913858,0.004678171457896951,0.004678171457896951
4216.853932584269,0.004678171457896951,0.004678171457896951
4217.602996254682,0.004678171457896951,0.004678171457896951
4218.352059925093,0.004678171457896951,0.004678171457896951
4219.101123595506,0.004678171457896951,0.004678171457896951
4219.850187265918,0.004678171457896951,0.004678171457896951
4220.59925093633,0.004678171457896951,0.004678171457896951
4221.348314606742,0.004678171457896951,0.004678171457896951
4222.097378277153,0.004678171457896951,0.004678171457896951
4222.846441947566,0.004678171457896951,0.004678171457896951
4223.595505617977,0.004678171457896951,0.004678171457896951
4224.34456928839,0.004678171457896951,0.004678171457896951
4225.093632958801,0.004678171457896951,0.004678171457896951
4225.842696629214,0.004678171457896951,0.004678171457896951
4226.591760299625,0.004678171457896951,0.004678171457896951
4227.3408239700375,0.004678171457896951,0.004678171457896951
4228.08988764045,0.004678171457896951,0.004678171457896951
4228.838951310861,0.004678171457896951,0.004678171457896951
4229.588014981274,0.004678171457896951,0.004678171457896951
4230.337078651685,0.004678171457896951,0.004678171457896951
4231.086142322098,0.004678171457896951,0.004678171457896951
4231.835205992509,0.004678171457896951,0.004678171457896951
4232.5842696629215,0.004678171457896951,0.004678171457896951
4233.333333333334,0.004678171457896951,0.004678171457896951
4234.082397003745,0.004678171457896951,0.004678171457896951
4234.831460674157,0.004678171457896951,0.004678171457896951
4235.580524344569,0.004678171457896951,0.004678171457896951
4236.329588014982,0.004678171457896951,0.004678171457896951
4237.078651685393,0.004678171457896951,0.004678171457896951
4237.827715355806,0.004678171457896951,0.004678171457896951
4238.576779026217,0.004678171457896951,0.004678171457896951
4239.3258426966295,0.004678171457896951,0.004678171457896951
4240.074906367041,0.004678171457896951,0.004678171457896951
4240.823970037453,0.004678171457896951,0.004678171457896951
4241.573033707866,0.004678171457896951,0.004678171457896951
4242.322097378277,0.004678171457896951,0.004678171457896951
4243.071161048689,0.004678171457896951,0.004678171457896951
4243.820224719101,0.004678171457896951,0.004678171457896951
4244.5692883895135,0.004678171457896951,0.004678171457896951
4245.318352059925,0.004678171457896951,0.004678171457896951
4246.067415730337,0.004678171457896951,0.004678171457896951
4246.816479400749,0.004678171457896951,0.004678171457896951
4247.565543071161,0.004678171457896951,0.004678171457896951
4248.314606741573,0.004678171457896951,0.004678171457896951
4249.063670411985,0.004678171457896951,0.004678171457896951
4249.812734082398,0.004678171457896951,0.004678171457896951
4250.561797752809,0.004678171457896951,0.004678171457896951
4251.310861423221,0.004678171457896951,0.004678171457896951
4252.059925093633,0.004678171457896951,0.004678171457896951
4252.808988764045,0.004678171457896951,0.004678171457896951
4253.558052434457,0.004678171457896951,0.004678171457896951
4254.307116104869,0.004678171457896951,0.004678171457896951
4255.056179775281,0.004678171457896951,0.004678171457896951
4255.805243445693,0.004678171457896951,0.004678171457896951
4256.554307116105,0.004678171457896951,0.004678171457896951
4257.303370786517,0.004678171457896951,0.004678171457896951
4258.052434456929,0.0,0.0
4258.801498127341,0.0,0.0
4259.550561797752,0.0,0.0
4260.299625468165,0.0,0.0
4261.048689138577,0.0,0.0
4261.797752808989,0.0,0.0
4262.546816479401,0.0,0.0
4263.295880149813,0.0,0.0
4264.044943820225,0.0,0.0
4264.794007490636,0.0,0.0
4265.543071161049,0.0,0.0
4266.292134831461,1.3258615682182597,0.8427857006803308
4267.041198501873,1.337501950568571,0.8427857006803308
4267.790262172284,1.3433221417437267,0.8806169433188433
4268.539325842697,1.3491423329188823,0.9184481859573559
4269.288389513109,1.3433221417437267,0.9533693330082906
4270.0374531835205,1.337501950568571,0.9882904800592254
4270.786516853933,1.599410553450582,1.026121722697738
4271.535580524344,1.0639529653362505,1.0639529653362505
4272.284644194757,0.9882904800592254,1.1949072667772551
4273.033707865168,0.9184481859573559,1.3258615682182597
4273.782771535581,0.8427857006803308,1.3316817593934154
4274.531835205993,0.7845837889287726,1.337501950568571
