time_s,value_axis_units
1750.008999620475,0.08631598545123431
1750.8090005123554,0.08399898558213081
1751.0089993187428,0.08747400326627464
1751.2090009582957,0.08515800088581393
1752.408999462951,0.08631598545123431
1774.2089996847878,0.08708800841113451
1775.0090005766683,0.1052359842819115
1776.4090007208763,0.13072098786475905
1778.8090005633524,0.16045299884202713
1779.2090010092927,0.16276999871113063
1779.8090002616202,0.16933400597465464
1780.2090007075606,0.17010599568493667
1780.808999959888,0.1782150131072857
1781.2090004058284,0.1782150131072857
1782.2090001040963,0.18632399728001303
1782.808999356424,0.24231200406176612
1785.2089991989,0.38595299534416583
1786.209001730333,0.4971579834364128
1786.4090005367207,0.49754401154117467
1790.2090005234047,0.7010349863836325
1790.408999329792,0.6983319916593906
1791.2090002216726,0.7311529922160425
1791.609000667613,0.7396480044935299
1792.2089999199407,0.7651320105877346
1793.2089996182085,0.803744995448012
1793.4090012577612,0.7987259983433095
1793.6090000641486,0.8002700110134899
1795.8090011002373,0.8666849993257149
1796.2090015461774,0.8589620100081277
1796.6089991589524,0.8801990087079083
1796.8090007985052,0.9041390021319309
1797.0089996048926,0.8944860052890213
1797.4090000508327,0.9010500125525489
1797.6090016903856,0.8975749948684051
1798.4089997491008,0.9195839832784642
1798.8090001950409,0.9288520160044982
1799.6090010869214,0.9539499939939393
1799.8089998933087,0.9539499939939393
1800.0090015328615,0.9663059855610907
1800.4089991456365,0.9570389835733213
1801.4090016770697,0.9859990048403127
1801.609000483457,0.9748009978385799
1802.6090001817252,1.0068500086849514
1802.8089989881125,1.0072360035400916
1803.0090006276653,1.0029889961456693
1803.2089994340527,1.0056909933812683
1803.8090015195457,1.0323340147791562
1804.0090003259331,1.035809996702321
1804.2089991323205,1.0277010125295938
1804.4090007718733,1.0311759969641159
1804.6089995782609,1.0319479866743944
1805.2090016637537,1.046621011360271
1805.409000470141,1.0516410059536163
1805.6089992765287,1.0497100009396512
1805.8090009160815,1.0516410059536163
1806.4090001684092,1.0624529848505873
1807.008999420737,1.0744230148122202
1807.2090010602897,1.068630997258973
1808.2090007585575,1.1049270154997686
1808.408999564945,1.1002930157615634
1808.6090012044976,1.0867790063793699
1809.2090004568254,1.1141939842379145
1810.0090013487059,1.1068569897754674
1811.0090010469737,1.131955998503173
1811.208999853361,1.1223030016602635
1811.6090002993014,1.139678987820762
1811.8089991056888,1.1342729983722748
1812.4090011911817,1.1454700078853666
1812.6089999975693,1.1404510107806622
1812.809001637122,1.160915986520541
1813.0090004435094,1.160142999321618
1813.2089992498968,1.1636190144944063
1813.4090008894498,1.154351015017994
1813.80900133539,1.1667080040737883
1814.2090017813302,1.164776999059825
1814.608999394105,1.1748159907578728
1814.8090010336578,1.183311003035362
1815.0089998400454,1.1759750060615577
1815.209001479598,1.1813809955100432
1815.4090002859855,1.1748159907578728
1816.0089995383132,1.1952809997473732
1816.209001177866,1.1941230151819546
1816.4089999842533,1.1945090100370948
1816.609001623806,1.1813809955100432
1816.8090004301937,1.1852420080493253
1817.4089996825212,1.2153600138817353
1817.6090013220742,1.2103399860387682
1817.8090001284615,1.209567996328488
1818.0090017680143,1.202231999354682
1818.609001020342,1.2199940136199423
1819.0090014662821,1.2188349983162574
1819.2090002726695,1.2211519981853591
1819.4089990790571,1.2149739857769752
1820.00900116455,1.2346670050561936
1821.009000862818,1.2369830074366543
1821.2089996692055,1.2331219948973704
1822.009000561086,1.2616959880596
1822.409001007026,1.2535870038868726
1822.6089998134134,1.2559040037559743
1823.0090002593538,1.265942995454024
1823.2089990657412,1.2516559988729092
1823.409000705294,1.2543589935971529
1823.6089995116813,1.2551309833074313
1823.8090011512343,1.2763690127454748
1824.0089999576217,1.2663289903091641
1824.4090004035618,1.2829329867593806
1824.6089992099494,1.2744380077315132
1824.8090008495021,1.2775269973108951
1825.0089996558895,1.2790710099810738
1825.4090001018299,1.2867939992986628
1825.6090017413826,1.2860220095883843
1825.80900054777,1.2786850151259355
1826.0089993541574,1.2794580023248585
1826.20900099371,1.2817740047053174
1826.6090014396505,1.3033979957488828
1826.8090002460378,1.2972199833404954
1827.0089990524252,1.3014669907349177
1827.209000691978,1.299149990865816
1827.4089994983656,1.2937440014173287
1827.6090011379183,1.3026250085499598
1827.8089999443057,1.3014669907349177
1829.0090012821265,1.314981997605754
1829.209000088514,1.3169120051310728
1829.4090017280666,1.3250209893038
1829.609000534454,1.3211600100141396
1829.8089993408416,1.3261790071188422
1830.0090009803944,1.314981997605754
1830.2089997867818,1.317683994841353
1830.4090014263345,1.3327440118710108
1830.6090002327219,1.3138230155516908
1831.0090006786622,1.3339019964364311
1831.2089994850496,1.3373770141205732
1831.4090011246026,1.3311990017121875
1831.6089999309897,1.3404660036999552
1831.8090015705427,1.3308130068570474
1832.2089991833175,1.3451000034381622
1832.8090012688106,1.3308130068570474
1833.2090017147507,1.3566840052950333
1833.4090005211383,1.3470300109634827
1833.8090009670784,1.3566840052950333
1834.0089997734658,1.3493470108325862
1834.2090014130185,1.3535950157156496
1834.6089990257935,1.362475989598659
1834.8090006653463,1.35513899513621
1835.0089994717337,1.359387000019277
1835.2090011112866,1.3605449845846955
1835.408999917674,1.3532079901222467
1836.0089991700017,1.3759899989808506
1836.6090012554946,1.365177986834258
1836.8090000618822,1.3694259917173248
1837.009001701435,1.3721289864415684
1837.2090005078223,1.3674949867033614
1837.80899976015,1.38525700096862
1838.0090013997028,1.3902769955619654
1838.2090002060902,1.388345990548002
1838.6090006520303,1.3887319854031421
1839.0090010979707,1.3952969901553107
1839.409001543911,1.38487100611348
1839.6090003502984,1.3856429958237584
1840.2089996026261,1.407266986867322
1841.0090004945064,1.403791004944157
1841.4090009404467,1.4118999891168844
1842.0090001927742,1.4014750025636964
1842.2089989991618,1.407266986867322
1842.4090006387146,1.4273450035130395
1842.608999445102,1.4107420045514658
1843.0089998910423,1.4246420087887977
1843.4090003369824,1.4165339888550914
1843.60899914337,1.4261869856979992
1843.8090007829228,1.4219400115531968
1844.209001228863,1.426573013802761
1844.609001674803,1.4246420087887977
1845.2090009271308,1.4431770102529775
1845.6090013730711,1.4393150002250508
1845.8090001794585,1.4424039898044345
1846.2090006253986,1.4327509929615267
1846.408999431786,1.4312070135409662
1846.8089998777264,1.44781001250254
1847.009001517279,1.4412460052390141
1847.6090007696068,1.4493549894117432
1847.8089995759942,1.4470379895426397
1848.009001215547,1.4547610121098487
1848.2090000219346,1.451284996937062
1848.4090016614873,1.4381570156596322
1848.6090004678747,1.4431770102529775
1848.808999274262,1.4416320000941543
1849.4090013597552,1.4678889933872803
1849.80899897253,1.459394014359411
1850.009000612083,1.464028014097618
1850.2089994184703,1.459007986254651
1850.6089998644106,1.470978016216284
1851.2089991167381,1.4578500016892324
1851.6089995626785,1.4806310130591918
1851.8090012022312,1.4698199984012437
1852.2090016481714,1.4802449849544317
1852.6089992609463,1.4736810109405276
1852.809000900499,1.4814040002581148
1853.0089997068865,1.4756120159544892
1853.4090001528266,1.4837200026385755
1853.6089989592142,1.4833340077834354
1853.809000598767,1.4763840056647695
1854.4089998510947,1.4887399972319209
1855.0089991034224,1.4960769916943697
1855.2090007429751,1.4810170079143319
1855.4089995493625,1.4868089922179575
1855.6090011889153,1.485651007652537
1856.0090016348554,1.503412988668174
1856.209000441243,1.49684901465427
1856.4089992476304,1.5026409989578955
1856.6090008871831,1.4922150149160647
1856.8089996935705,1.503798983523314
1857.0090013331233,1.5030269938130356
1858.2089998377787,1.5014819836542124
1858.4090014773315,1.5161550083400872
1858.609000283719,1.5134520136158454
1859.0090007296592,1.5122939958008033
1859.2089995360466,1.515769013484947
1859.4090011755993,1.5088190113662812
1860.009000427927,1.5149969905250469
1860.6089996802548,1.5161550083400872
1860.8090013198075,1.5122939958008033
1861.4090005721353,1.5269669872370581
1861.6089993785226,1.5211750029334326
1862.008999824463,1.5285109999072386
1862.2090014640157,1.5227200130922558
1862.409000270403,1.537392007039868
1862.6089990767905,1.5296700152109217
1862.8090007163432,1.5323730099351636
1863.0089995227308,1.5238779976576744
1863.2090011622836,1.5277390101969583
1863.408999968671,1.5397090069089696
1863.6090016082237,1.5281250050520985
1864.0089992209987,1.5397090069089696
1864.4089996669388,1.5362339892248276
1864.8090001128792,1.5358479943696857
1865.4089993652067,1.5563130033591879
1865.6090010047596,1.5381649942387892
1865.808999811147,1.5443430066471748
1866.0090014506998,1.5501349909508004
1866.2090002570872,1.5393230120538295
1866.6090007030275,1.5509070139107024
1867.0090011489676,1.5482039859368388
1867.8089992076827,1.5651940104918172
1868.0090008472355,1.563263005477852
1868.2089996536229,1.5505209858059406
1868.4090012931758,1.5516790036209827
1868.6090000995632,1.5621049876628117
1868.809001739116,1.5609460056087503
1869.4090009914437,1.5659660002020956
1869.608999797831,1.556698998214328
1869.8090014373838,1.5705999999403009
1870.0090002437714,1.5640349951881323
1870.4090006897115,1.5733029946645445
1870.8090011356517,1.5663519950572358
1871.209001581592,1.5690549897814776
1871.4090003879794,1.579094014729149
1871.6089991943668,1.572144012610483
1872.0089996403071,1.578321991769247
1872.2090012798599,1.5717579845057212
1872.4090000862475,1.5806389916383505
1872.6090017258002,1.5760049919001435
1873.008999338575,1.5856589862316959
1873.2090009781277,1.574847007334725
1873.4089997845153,1.5833419863625924
1873.609001424068,1.579481007072932
1874.609001122336,1.5929950164551219
1874.8089999287233,1.5852729913765558
1875.009001568276,1.5872029989018763
1875.2090003746634,1.5845000041776327
1875.6090008206038,1.5945399933643252
1875.8089996269912,1.5887480090606996
1876.8089993252593,1.612688002484722
1877.6090002171395,1.5902919884812583
1878.2089994694672,1.597242988088567
1878.80900155496,1.612688002484722
1879.0090003613477,1.6034210004969527
1879.208999167735,1.604192990207233
1879.4090008072878,1.615776992064104
1879.6089996136752,1.6099850077604803
1880.0090000596156,1.6018759903381312
1880.409000505556,1.601104000627851
1880.6089993119433,1.6026480132980314
1880.809000951496,1.6204099943136683
1881.0089997578834,1.615390997208964
1881.809000649764,1.6173210047342863
1882.0089994561513,1.6234989838930503
1882.209001095704,1.6215690096173514
1882.4089999020916,1.6080540027465169
1882.6090015416444,1.612688002484722
1882.8090003480318,1.6119160127744419
1883.0089991544191,1.6250439940518735
1883.2090007939719,1.6173210047342863
1883.4089996003595,1.6277469887761153
1883.6090012399122,1.6269749990658369
1884.0090016858526,1.6292910014462976
1884.60900093818,1.6323799910256795
1884.8089997445677,1.630449983500359
1885.0090013841204,1.6188660148931078
1885.2090001905078,1.6231129890379101
1885.4089989968952,1.6262020118669138
1885.609000636448,1.6362420010536045
1885.8089994428356,1.634310996039643
1886.0090010823883,1.6354690138546832
1886.2089998887757,1.6408750033031687
1886.4090015283284,1.6346969908947813
1886.609000334716,1.638172008578925
1887.0090007806562,1.6397169854881266
1887.2089995870435,1.64164799050209
1887.8090016725366,1.6362420010536045
1888.2089992853116,1.6551619998842817
1888.4090009248644,1.6389449957778481
1888.8090013708045,1.6516870154497596
1889.2089989835795,1.6443499877376908
1889.8090010690723,1.65323099487032
1890.0089998754597,1.6513009873449978
1890.2090015150127,1.656319984449702
1890.4090003214,1.6482119977656176
1890.6089991277875,1.6509149924898594
1890.8090007673402,1.6636570121617726
1891.0089995737278,1.648983987475896
1891.409000019668,1.6586369843188056
1891.6090016592207,1.6462809927516542
1891.8090004656083,1.6501420052909364
1892.6090013574885,1.6667460017411528
1893.0089989702635,1.6524590051600399
1893.4089994162036,1.6694489964653965
1893.6090010557564,1.6551619998842817
1893.808999862144,1.6624989943467305
1894.0090015016967,1.6609539841879073
1894.2090003080841,1.6524590051600399
1894.8089995604118,1.6744689910587418
1895.2090000063522,1.6636570121617726
1895.409001645905,1.67215199118964
1895.6090004522923,1.6601819944776288
1896.0090008982324,1.6779440087428856
1896.20899970462,1.664043007016911
1896.4090013441728,1.6709930091355787
1897.608999848828,1.6845080160064132
1897.809001488381,1.6767849934392025
1898.0090002947682,1.6829630058475882
1898.2089991011558,1.6690630016102563
1898.4090007407085,1.6763989985840624
1898.608999547096,1.6837359930465112
1898.8090011866489,1.6763989985840624
1899.0089999930362,1.679101993308306
1899.209001632589,1.7157850038928828
1899.4090004389764,1.698022989627626
1899.608999245364,1.70188400216691
1900.4090001372442,1.7536250015542372
1900.8090005831846,1.7482190121057535
1901.008999389572,1.7559420014233407
1901.408999835512,1.7960999964424413
1901.609001475065,1.7887630019799925
1902.2090007273928,1.8134749851142953
1902.40899953378,1.8196529975226818
1902.609001173333,1.8177229899973621
1902.8089999797203,1.8084559880095927
1903.408999232048,1.8482269906849105
1903.6090008716008,1.8412769885662446
1904.0090013175409,1.8617419975557459
1904.2090001239285,1.8474550009746311
1904.4089989303159,1.865603010095029
1904.6090005698686,1.8636720050810656
1904.808999376256,1.8486129855400497
1905.409001461749,1.876027996648217
1905.6090002681367,1.8713949943986536
1906.0090007140768,1.8856819909797684
1906.2089995204642,1.872939007068834
1906.8090016059573,1.8945629981123968
1907.0090004123447,1.8818200142014634
1907.208999218732,1.9076910126394493
1907.4090008582848,1.9073049845346883
1907.6089996646724,1.9046019898104456
1907.8090013042251,1.9177300043374972
1908.0090001106125,1.913482996943074
1908.2090017501653,1.9107800022188313
1908.6089993629403,1.921592014365424
1908.809001002493,1.9073049845346883
1909.2090014484331,1.924681003944806
1909.4090002548207,1.9161859916673167
1910.0089995071485,1.9358790109465378
1910.209001146701,1.9254529936550853
1910.4089999530886,1.9312450112083317
1910.6090015926413,1.951323992093072
1910.8090003990287,1.9254529936550853
1911.0089992054163,1.935105990497994
1911.209000844969,1.9559569943426345
1911.4089996513565,1.932017000918612
1912.0090017368493,1.9586599890668772
1912.209000543237,1.9528680047632525
1912.609000989177,1.9640660117649844
1912.8089997955647,1.9609769889359798
1913.2090002415048,1.9710160138836503
1913.8089994938325,1.9775809853861972
1914.0090011333853,1.962521999094803
1914.2089999397726,1.979896987766657
1914.4090015793254,1.9752639855170946
1914.609000385713,1.9744919958068143
1915.2089996380405,1.9872340154787267
1915.4090012775932,1.9710160138836503
1915.6090000839808,1.9965009842168744
1915.8090017235336,1.9918669844786683
1916.009000529921,1.9783530083460992
1916.409000975861,2.0019070069149816
1916.6089997822487,1.9883920000441462
1917.2089990345764,2.017738016166277
1917.6089994805166,2.0134910087718527
1917.8090011200693,2.0250750106287256
1918.008999926457,2.0076989912186063
1918.2090015660096,2.0161940034960955
1918.409000372397,2.015808008640956
1918.6089991787844,2.021598995455938
1918.8090008183372,2.0154210162971733
1919.0089996247248,2.03279700245767
1919.2090012642775,2.010015991087709
1919.409000070665,2.018896998220339
1919.6090017102176,2.037045007340736
1919.809000516605,2.021213000600799
1920.0089993229926,2.022758010759622
1920.408999768933,2.0389750148660566
1920.6090014084857,2.018896998220339
1921.0089990212605,2.0420640044454386
1921.2090006608132,2.03241100760253
1921.4089994672008,2.0374310021958753
1921.6090011067536,2.048242016853825
1921.808999913141,2.0466980041836447
1922.8089996114088,2.0575100163302364
1923.0090012509615,2.0752719973458733
1923.209000057349,2.055193016461133
1923.409001696902,2.0725690026216315
1923.6090005032893,2.0710239924628073
1924.0090009492294,2.0478559887490633
1924.2089997556168,2.0721820102778485
1924.4090013951698,2.0544209935012328
1924.6090002015571,2.0640739903441414
1924.8089990079447,2.0748850050020904
1925.0090006474975,2.0524899884872694
1925.4090010934376,2.07334099233191
1925.608999899825,2.0760439870561536
1925.8090015393777,2.0652320081591826
1926.2089991521527,2.074499010146951
1926.4090007917055,2.0648460133040425
1926.8090012376456,2.0953500139915917
1927.0090000440332,2.070637997607667
1927.4090004899733,2.1015279931503557
1927.6089992963607,2.078747015030017
1927.8090009359137,2.089172001583206
1928.2090013818538,2.107320010703603
1928.4090001882412,2.088013983768165
1928.8090006341815,2.1142710103109117
1929.2090010801217,2.1015279931503557
1929.4089998865093,2.1138850154557716
1929.609001526062,2.108092997902525
1929.8090003324494,2.099597985625036
1930.2090007783895,2.1158149897314704
1930.4089995847771,2.106547987743702
1930.8090000307172,2.129715991457446
1931.0090016702702,2.108092997902525
1931.2090004766574,2.1200629946145364
1931.408999283045,2.12276598933878
1931.6090009225977,2.110409000282986
1931.808999728985,2.1169740050351544
1932.009001368538,2.12508199171924
1932.2090001749254,2.107706005558742
1932.4089989813128,2.1328050142864488
1932.6090006208656,2.1285570094033828
1932.8089994272532,2.110409000282986
1933.009001066806,2.1428440059844975
1933.2089998731933,2.1351220141555514
1933.409001512746,2.1131119950072277
1933.808999125521,2.1347359860507913
1934.0090007650738,2.132418986181688
1934.6090000174013,2.162922986869237
1934.8090016569543,2.1301019863125843
1935.0090004633416,2.1405280036040377
1935.208999269729,2.1691009992776227
1935.409000909282,2.1301019863125843
1935.6089997156691,2.1397550164051147
1935.809001355222,2.1540420129862285
1936.208998967997,2.138211003734935
1936.4090006075498,2.1660120096982407
1936.6089994139372,2.159833997289854
1936.80900105349,2.155199997551648
1937.20900149943,2.1648539918831995
1937.4090003058177,2.1571310025656123
1937.608999112205,2.16678399940852
1937.8090007517578,2.1652399867383396
1939.008999256413,2.17489301683087
1939.209000895966,2.1613790074486774
1939.4089997023534,2.1760510013962895
1939.6090013419062,2.1718039940018654
1939.8090001482938,2.163309014973998
1940.2090005942339,2.1903379979774042
1940.4089994006213,2.16716999426366
1940.609001040174,2.1775960115551127
1941.0090014861144,2.1872490083980205
1941.2090002925017,2.1718039940018654
1941.6090007384419,2.1949719977156095
1941.8089995448295,2.1725760169617674
1942.0090011843822,2.204238999703378
1942.2089999907696,2.1907239928325426
1942.4090016303226,2.184932008528918
1942.60900043671,2.200377987164095
1942.8089992430973,2.199991992308955
1943.00900088265,2.182616006148458
1943.2089996890375,2.201150010123996
1943.4090013285904,2.1988330102548934
1943.6090001349778,2.199604999965172
1944.2089993873055,2.2239319857329782
1944.6089998332457,2.204238999703378
1944.8090014727984,2.222773003678915
1945.2089990855734,2.2015360049791353
1945.4090007251261,2.230495992996503
1945.6089995315135,2.196902005240929
1945.8090011710665,2.2131200068360073
1946.0089999774536,2.218911991139632
1946.409000423394,2.21543700670511
1946.6089992297814,2.2247040086928784
1946.8090008693343,2.2220010139686357
1947.0089996757217,2.214277991401426
1947.4090001216618,2.233971010680647
1947.6089989280492,2.218525996284492
1948.0089993739896,2.2440100023786966
1948.2090010135423,2.230109998141364
1948.4089998199297,2.2324260005218237
1948.6090014594824,2.238605010418853
1948.80900026587,2.2359020156946112
1949.0089990722574,2.230109998141364
1949.2090007118102,2.249029996972041
1949.4089995181976,2.2324260005218237
1949.808999964138,2.252891009511324
1950.0090016036906,2.230109998141364
1950.2090004100783,2.253663996710247
1950.4089992164654,2.241307007654453
1950.6090008560184,2.225861993258298
1950.8089996624058,2.2328129928656058
1951.0090013019585,2.2463270022477992
1951.2090001083461,2.2181400014293526
1951.6090005542862,2.2478720124066225
1951.8089993606736,2.2548220145252884
1952.0090010002264,2.2459410073926582
1952.208999806614,2.2501880147870823
1952.4090014461667,2.2494159918271803
1952.609000252554,2.2432380126684164
1953.0090006984942,2.2629309986980157
1953.2089995048818,2.2397629949842717
1953.608999950822,2.2702669956718218
1953.8090015903747,2.244395997233835
1954.0090003967623,2.2617720166439543
1954.2089992031497,2.2613859885391925
1954.4090008427024,2.2467129971029385
1954.8090012886428,2.2733559852512037
1955.0090000950302,2.2609999936840524
1955.209001734583,2.27876200794931
1955.4090005409703,2.274515000554887
1956.008999793298,2.270652990526961
1956.2090014328508,2.2841679973977955
1956.4090002392384,2.25636699143449
1956.8090006851785,2.2880290099370795
1957.0089994915659,2.2667920112372997
1957.2090011311186,2.2729699903960645
1957.4089999375062,2.301157988703153
1957.609001577059,2.2656339934222594
1957.8090003834463,2.271038985382101
1958.2090008293865,2.281850997528693
1958.408999635774,2.267178006092438
1958.8090000817142,2.2930490045304257
1959.009001721267,2.2845539922529365
1959.2090005276546,2.301544016807914
1959.408999334042,2.297682006779988
1959.6090009735947,2.2891879919911418
1959.808999779982,2.2918899892267417
1960.0090014195348,2.3111970136508226
1960.2090002259224,2.286870992122039
1960.4089990323098,2.2996130117939506
1960.6090006718625,2.2999990066490916
1960.8089994782501,2.304247011532156
1961.0090011178027,2.29806899912377
1961.2089999241903,2.301930011663053
1961.409001563743,2.2988409888340504
1961.6090003701306,2.2880290099370795
1961.808999176518,2.303859985938752
1962.0090008160707,2.293434999385564
1962.2089996224581,2.2953660043995283
1962.6090000683985,2.320464015638591
1962.8090017079512,2.2984549939789103
1963.0090005143386,2.316217008244168
1963.208999320726,2.315057992940485
1963.4090009602787,2.2999990066490916
1963.6089997666663,2.304247011532156
1963.809001406219,2.3189200029684107
1964.0090002126065,2.301544016807914
1964.2089990189938,2.3212360053488714
1964.4090006585466,2.3177609876647276
1964.6089994649342,2.315443987795625
1964.809001104487,2.326641994797356
1965.0089999108745,2.320464015638591
1965.2090015504273,2.3131279854151643
1965.608999163202,2.31969199267869
1965.8090008027548,2.2957519992546676
1966.0089996091424,2.3289589946664595
1966.2090012486951,2.3227810155076947
1966.4090000550825,2.308880013781719
1966.6090016946353,2.3243249949282534
1966.8090005010226,2.323167010362834
1967.0089993074102,2.316217008244168
1967.209000946963,2.3216220002040107
1967.4089997533504,2.3193059978235517
1967.609001392903,2.315057992940485
1968.2090006452308,2.3335929944046656
1968.4089994516182,2.3208500104937304
1968.609001091171,2.3397710068130513
1968.8089998975584,2.334364984114945
1969.0090015371113,2.3193059978235517
1969.4089991498863,2.3389979863645074
1969.609000789439,2.3173749928095875
1969.8089995958264,2.3490380088008207
1970.0090012353792,2.341701014338372
1970.2090000417666,2.3285729998113194
1970.4090016813193,2.3486520139456806
1970.609000487707,2.3436319861027126
1970.8089992940943,2.3173749928095875
1971.009000933647,2.3486520139456806
1971.2089997400344,2.3440180142074745
1971.4090013795872,2.330889999680422
1971.8089989923621,2.356760000629765
1972.009000631915,2.3324340123506024
1972.4090010778552,2.3486520139456806
1972.6089998842426,2.34131498623361
1972.8090015237954,2.3513540111812805
1973.0090003301827,2.345562991116677
1973.2089991365704,2.353671011050384
1973.409000776123,2.346335014076577
1973.6089995825105,2.3629380130381525
1973.8090012220632,2.357145995484906
1974.0090000284508,2.338225996654229
1974.409000474391,2.3621659900782506
1974.6089992807783,2.342474001537293
1975.0089997267187,2.364096995092214
1975.2090013662714,2.3478789934971367
1975.6089989790464,2.3660270026175336
1975.8090006185992,2.3552159879595846
1976.0089994249865,2.3675720127763578
1976.2090010645393,2.3667999898164567
1976.4089998709267,2.3559880109194866
1976.6090015104796,2.3741359867902627
1976.809000316867,2.3667999898164567
1977.4089995691947,2.3849479989368545
1978.0090016546876,2.3683440024866362
1978.8089997134027,2.3841760092265742
1979.0090013529555,2.3803139991986484
1979.2090001593428,2.386492011607035
1979.6090006052832,2.367185984671597
1980.0090010512235,2.379542009488369
1980.208999857611,2.3691159921969165
1980.609000303551,2.3891950063312777
1980.8089991099387,2.3803139991986484
1981.0090007494914,2.383402988778032
1981.2089995558788,2.3891950063312777
1981.4090011954315,2.3729780022248432
1981.609000001819,2.3930570163592044
1981.8090016413719,2.3853339937919937
1982.0090004477593,2.3764529866593653
1982.4090008936994,2.3996209903731085
1982.6089997000868,2.383402988778032
1983.0090001460271,2.402710013202113
1983.2089989524145,2.374908009750164
1983.6089993983546,2.40116500304329
1984.008999844295,2.3930570163592044
1984.2090014838477,2.405799002781495
1984.4090002902353,2.3934430112143437
1984.6089990966227,2.409273987216017
1984.8090007361754,2.4003930133330096
1985.0089995425628,2.4034820029123924
1985.2090011821156,2.387264998805958
1985.4089999885032,2.4077290103068147
1985.609001628056,2.4050270130712157
1985.8090004344433,2.397689985359146
1986.2090008803837,2.4150660047692636
1986.408999686771,2.398076013463907
1986.6090013263238,2.405799002781495
1986.8090001327112,2.408887992360877
1987.0089989390985,2.3918980010555204
1987.408999385039,2.409660015320779
1987.6090010245916,2.400779008188149
1988.009001470532,2.4258780169158554
1988.2090002769194,2.3988480031741872
1988.4089990833068,2.4135209946104395
1988.6090007228595,2.4181549943486456
1988.808999529247,2.3922839959106597
1989.2089999751872,2.420085999362609
1989.40900161474,2.401937990242211
1989.808999227515,2.427807991191555
1990.0090008670677,2.4154519996244037
1990.208999673455,2.4301249910606577
1990.6090001193954,2.408501997505738
1991.0090005653356,2.428580014151456
1991.409001011276,2.419699007018826
1991.6089998176633,2.423947011901893
1991.809001457216,2.4482730001810546
1992.0090002636034,2.4154519996244037
1992.2089990699908,2.4301249910606577
1992.4090007095438,2.428967006495239
1992.6089995159311,2.412749004900161
1993.0089999618713,2.4436399979314913
1993.209001601424,2.4254909913224516
1993.4090004078116,2.43205599607462
1993.608999214199,2.4451840106016727
1993.8090008537517,2.424333006757032
1994.2090012996919,2.4378480136278666
1994.4090001060795,2.4208579890728883
1994.8090005520198,2.44286701073257
1995.0089993584072,2.4235610170467528
1995.4089998043473,2.446341995167092
1996.2090006962278,2.4382340084830076
1996.609001142168,2.449044989891335
1996.8089999485555,2.438620003338147
1997.408999200883,2.4583119918791043
1997.6090008404358,2.4336000087448006
1997.8089996468234,2.445956000311952
1998.0090012863761,2.4540649844846802
1998.2090000927635,2.439005998193286
1998.408998899151,2.4451840106016727
1998.6090005387039,2.468352014315416
1998.8089993450913,2.4339860035999408
1999.009000984644,2.460242996893066
1999.2089997910316,2.4594710071827874
1999.4090014305843,2.438620003338147
1999.808999043359,2.4598570020379267
2000.0090006829118,2.4363030034690434
2000.2089994892995,2.468352014315416
2000.4090011288522,2.4637180145772097
2000.6089999352396,2.4447980157465325
2000.8090015747923,2.471826998749938
2001.00900038118,2.4668070041565935
2001.2089991875673,2.446728987510875
2001.40900082712,2.4664210093014534
2001.6089996335074,2.46410400943235
2001.8090012730602,2.4447980157465325
2002.0090000794478,2.4714410038947987
2002.2090017190005,2.4660350144463132
2002.409000525388,2.453678989629541
2002.8090009713283,2.4664210093014534
2003.0089997777156,2.442094987772669
2003.4090002236558,2.4629459916173095
2003.6089990300434,2.454451012589441
2004.0089994759835,2.4772329881984234
2004.2090011155362,2.4540649844846802
2004.809000367864,2.4807080058825672
2005.0089991742514,2.464876996631273
2005.4089996201917,2.4841829903170893
2005.6090012597444,2.4706690141845193
2005.8090000661318,2.491133989924398
2006.0090017056846,2.48379699546195
2006.2090005120722,2.479549988067526
2006.4089993184596,2.48379699546195
2006.6090009580123,2.4822530160413905
2006.8089997643997,2.476460998488145
2007.0090014039524,2.4930639974497195
2007.20900021034,2.48379699546195
2007.6090006562802,2.488430995200156
2007.8089994626675,2.4961529870291006
2008.0090011022203,2.4857280004759126
2008.208999908608,2.4888169900552946
2008.8089991609354,2.4822530160413905
2009.0090008004881,2.4922920077394393
2009.2089996068758,2.486885985041332
2009.4090012464285,2.478777000868604
2009.609000052816,2.5038760095963113
2010.0090004987562,2.479936016172288
2010.4090009446963,2.499242009858105
2010.608999751084,2.479163993212387
2010.8090013906367,2.5042620044514496
2011.009000197024,2.5004009919121675
2011.2089990034115,2.494609007608542
2011.6089994493518,2.5042620044514496
2011.8090010889046,2.487272013146093
2012.008999895292,2.502330999437487
2012.2090015348447,2.5011730148720677
2012.409000341232,2.494609007608542
2012.8090007871724,2.5173899857288813
2013.2090012331125,2.506193009465414
2013.4090000395,2.5154600114531824
2013.8090004854403,2.498083992043064
2014.408999737768,2.512370988624178
2014.6090013773207,2.5119849937690386
2014.8090001837081,2.505419989016869
2015.0089989900957,2.519706985597984
2015.4089994360359,2.50310398663641
2015.6090010755886,2.5027169942926273
2015.808999881976,2.5112120065701165
2016.009001521529,2.5000149970570273
2016.4089991343037,2.518163006177425
2016.6090007738565,2.4976979971879247
2017.0090012197968,2.518163006177425
2017.2090000261842,2.493449992304858
2017.6090004721243,2.517003990873741
2017.808999278512,2.50310398663641
2018.208999724452,2.521251995756807
2018.4090013640048,2.5115980014252557
2018.6090001703924,2.5146869910046385
2018.8089989767798,2.5173899857288813
2019.0090006163325,2.498083992043064
2019.20899942272,2.5262709928615106
2019.4090010622726,2.517777011322285
2019.6089998686602,2.5004009919121675
2020.0090003146004,2.532835997613679
2020.208999120988,2.5027169942926273
2020.4090007605407,2.525113008296091
2020.608999566928,2.521251995756807
2020.8090012064808,2.5100539887550752
2021.2090016524212,2.531677015559616
2021.4090004588086,2.512370988624178
2021.608999265196,2.5378549947183817
2021.8090009047487,2.531290987454856
2022.0089997111363,2.5143009961494993
2022.209001350689,2.5339940154287204
2022.4090001570764,2.532835997613679
2022.6089989634638,2.506193009465414
2022.8090006030166,2.5189349958877045
2023.0089994094042,2.5332219924688184
2023.209001048957,2.52395499048105
2023.4089998553443,2.530904992599716
2023.6090014948973,2.5297470080342963
2023.8090003012844,2.5324490052698962
2024.008999107672,2.5216379906119473
2024.4089995536121,2.5366970101529622
2024.609001193165,2.527816003020333
2025.0090016391052,2.5521419912994956
2025.2090004454926,2.5254990031512303
2025.4089992518802,2.5374689998632425
2025.609000891433,2.5444190019819084
2026.009001337373,2.5297470080342963
2026.2090001437605,2.547895017154695
2026.408998950148,2.538240989573522
2026.6090005897008,2.5517559964443564
2026.8089993960882,2.547895017154695
2027.009001035641,2.538240989573522
2027.4090014815813,2.5521419912994956
2027.6090002879687,2.536311015297823
2027.808999094356,2.5451919891808306
2028.009000733909,2.5590919934181615
2028.2089995402962,2.5401719945874843
2028.4090011798492,2.5482810120098343
2028.6089999862365,2.5575480139976037
2029.009000432177,2.5366970101529622
2029.2089992385643,2.5610229984321258
2029.409000878117,2.542874989311728
2029.6089996845044,2.5486670068649735
2029.8090013240571,2.553300009114537
2030.0090001304447,2.538240989573522
2030.2089989368321,2.5451919891808306
2030.4090005763849,2.5602510087218455
2030.6089993827723,2.5339940154287204
2030.8090010223252,2.546350006995871
2031.0089998287126,2.549824991430393
2031.2090014682653,2.5339940154287204
2031.4090002746527,2.5401719945874843
2031.60899908104,2.5590919934181615
2031.809000720593,2.5370830050081024
2032.2090011665332,2.562181016247166
2032.4089999729208,2.5336079873239594
2032.809000418861,2.554844986023739
2033.0089992252483,2.535151999994139
2033.4089996711887,2.5590919934181615
2033.6090013107414,2.5339940154287204
2033.8090001171288,2.5679730005507917
2034.0089989235162,2.5602510087218455
2034.209000563069,2.539014010022065
2034.6090010090093,2.561794988142405
2034.8089998153966,2.5378549947183817
2035.0090014549496,2.565656998170331
2035.209000261337,2.561794988142405
2035.4089990677244,2.550598011878937
2035.8089995136645,2.565271003315191
2036.0090011532175,2.550984006734076
2036.2089999596049,2.5556170089836394
2036.4090015991576,2.5575480139976037
2036.609000405545,2.5486670068649735
2037.2089996578727,2.579557002407663
2037.4090012974254,2.5536870014583197
2037.6090001038128,2.57646801282828
2037.8089989102004,2.5706759952750335
2038.0090005497532,2.5556170089836394
2038.4090009956935,2.5745380053029603
2038.6089998020807,2.554072996313459
2038.8090014416334,2.5822599971319056
2039.009000248021,2.57646801282828
2039.2089990544084,2.5683599928945746
2039.6089995003488,2.5776269948823423
2039.8090011399015,2.561408993287264
2040.008999946289,2.57646801282828
2040.2090015858416,2.572607000288997
2041.0089996445568,2.583031986842185
2041.2090012841095,2.5749240001580995
2041.409000090497,2.587665986580391
2041.6089988968845,2.5699040055647533
2041.8090005364372,2.5745380053029603
2042.2090009823773,2.579557002407663
2042.408999788765,2.5672010108405114
2042.6090014283177,2.5980920038718427
2042.8090002347053,2.564884010971408
2043.0089990410925,2.569132015854475
2043.2090006806454,2.5950030142924607
2043.6090011265856,2.5633399983012284
2043.8089999329732,2.5950030142924607
2044.009001572526,2.565656998170331
2044.2090003789133,2.581102012566486
2044.4089991853007,2.5903690145542546
2044.6090008248534,2.566815015985372
2045.0090012707938,2.5865080020149716
2045.2090000771811,2.5633399983012284
2045.6090005231215,2.5892109967392134
2045.8089993295089,2.569518010709614
2046.0090009690616,2.5953890091476
2046.208999775449,2.583805007290728
2046.4090014150017,2.558320003707883
2046.6090002213894,2.5865080020149716
2046.8089990277767,2.584191002145869
2047.0090006673295,2.5606370035769856
2047.208999473717,2.5903690145542546
2047.4090011132698,2.583805007290728
2047.6089999196572,2.579942997262803
2048.0090003655973,2.5865080020149716
2048.208999171985,2.572221005433857
2048.4090008115377,2.5934580041336375
2048.6089996179253,2.581102012566486
2048.809001257478,2.5849629918561483
2049.009000063865,2.580329989606585
2049.209001703418,2.5969329885681596
2049.608999316193,2.577241000027202
2049.809000955746,2.6004080062523034
2050.008999762133,2.599249988437262
2050.209001401686,2.5783989845926216
2050.608999014461,2.6007940011074426
2050.8090006540137,2.583031986842185
2051.2090010999536,2.5973190166729205
2051.4089999063413,2.590755009409394
2051.8090003522816,2.599636016542023
2052.0089991586688,2.5826459919870457
2052.2090007982215,2.6042700162802292
2052.408999604609,2.599249988437262
2052.609001244162,2.6011809934512256
2052.8090000505495,2.5977050115280598
2053.009001690102,2.612763997819454
2053.20900049649,2.599636016542023
2053.408999302877,2.6042700162802292
2054.00900138837,2.594229993843916
2054.808999447085,2.608902985280171
2055.009001086638,2.5977050115280598
2055.2089998930255,2.599249988437262
2055.808999145353,2.5953890091476
2056.0090007849058,2.6034969958316854
2056.2089995912934,2.583031986842185
2056.409001230846,2.6112199851492734
2056.6090000372333,2.605813995700788
2056.8090016767865,2.5899829864494937
2057.2089992895612,2.609289013384932
2057.409000929114,2.5884380095402912
2057.8090013750543,2.610447995438995
2058.0090001814415,2.598863993582123
2058.409000627382,2.6123780029643147
2058.6089994337694,2.602725006121406
2058.809001073322,2.608902985280171
2059.0089998797093,2.605813995700788
2059.2090015192625,2.6042700162802292
2059.80900077159,2.620486987137042
2060.008999577977,2.6123780029643147
2060.2090012175304,2.6224179921510054
2060.6090016634707,2.606199990555928
2060.809000469858,2.6266649995454285
2061.2090009157982,2.610062000583854
2061.4089997221854,2.6340019940078774
2061.6090013617386,2.613923013123138
2061.8090001681257,2.6231900151109064
2062.0089989745134,2.624734992020109
2062.4089994204533,2.6011809934512256
2062.6090010600064,2.629367994269672
2062.8089998663936,2.6046560111353685
2063.0090015059463,2.6154669925436975
2063.209000312334,2.6316849941387748
2063.408999118721,2.6034969958316854
2063.6090007582743,2.613923013123138
2063.8089995646615,2.6309130044284945
2064.009001204214,2.5953890091476
2064.209000010602,2.613150990163237
2064.4090016501546,2.6193290025716234
2064.609000456542,2.599249988437262
2065.0090009024825,2.620873015241804
2065.2089997088697,2.608902985280171
2065.4090013484224,2.6150809976885565
2065.60900015481,2.6150809976885565
2065.808998961197,2.598477998726983
2066.0090006007504,2.627436989255709
2066.2089994071375,2.620486987137042
2066.4090010466903,2.603111000976546
2066.8090014926306,2.6340019940078774
2067.009000299018,2.612763997819454
2067.2089991054054,2.624734992020109
2067.8090011908985,2.620486987137042
2068.008999997286,2.637091016836881
2068.209001636839,2.621645004952083
2068.409000443226,2.635546006678058
2068.6089992496136,2.633229006808955
2068.8090008891663,2.6177839924128
2069.2090013351067,2.6351600118229177
2069.6089989478814,2.609289013384932
2069.809000587434,2.6336159991527373
2070.008999393822,2.6181699872679394
2070.2090010333745,2.624734992020109
2070.6090014793144,2.625507014980009
2071.0089990920897,2.6409519961265433
2071.40899953803,2.691535010948453
2071.6090011775823,2.66643699970939
2071.80899998397,2.669525989288771
2072.0090016235226,2.7235839885452044
2072.2090004299102,2.6706840071038123
2072.408999236298,2.688059993264309
2072.8089996822378,2.759880006785999
2073.209000128178,2.747137987114087
2073.4089989345657,2.659100005246941
2073.808999380506,2.7602660016411393
2074.0090010200583,2.721266988676101
2074.208999826446,2.747910010073988
2074.6090002723863,2.666822994564529
2075.208999524714,2.7119999866883324
2075.4090011642666,2.774552998222253
2075.809001610207,2.6973269952520784
2076.009000416594,2.6973269952520784
2076.2089992229817,2.796949012225718
2076.4090008625344,2.7915429895276107
2076.8090013084748,2.6930799878576552
2077.4090005608023,2.8046710040546623
2077.8090010067426,2.6984850130671187
2078.40900025907,2.819343995490917
2078.6089990654577,2.703505007660464
2078.8090007050105,2.71045500977913
2079.408999957338,2.819343995490917
2079.609001596891,2.702732984700564
2079.8090004032783,2.7880680050930877
2080.008999209666,2.7818889951960593
2080.4089996556063,2.8208890056497395
2080.609001295159,2.695395990238114
2080.809000101546,2.812007998517111
2081.008998907934,2.789225989658507
2081.408999353874,2.8139380060424317
2081.609000993427,2.711227996978052
2081.808999799814,2.8313139922029276
2082.0090014393672,2.8096909986480085
2082.408999052142,2.787294984644544
2082.6090006916947,2.7243560115051046
2082.8089994980824,2.845600988784043
2083.009001137635,2.830156007637509
2083.6090003899626,2.7428900154806426
2083.80899919635,2.8571849906409135
2084.009000835903,2.840580994190697
2084.20899964229,2.777255992946496
2084.4090012818433,2.7838200002100217
2084.6090000882305,2.777641987801636
2084.808998894618,2.860274013469918
2085.009000534171,2.859501990510017
2085.208999340558,2.7637409860756614
2085.409000980111,2.8089190089377283
2085.6089997864983,2.797335007080857
2086.0090002324387,2.8768770124314926
2086.208999038826,2.7575630069168966
2086.409000678379,2.8320860151628287
2086.608999484766,2.815096988096493
2086.809001124319,2.8614319980353375
2087.2090015702593,2.7494549869831895
2087.409000376647,2.8398090044804167
2087.608999183034,2.834016986927171
2087.8090008225868,2.8494620013233263
2088.209001268527,2.7529300046673333
2088.4090000749147,2.873401994747349
2088.608998881302,2.8494620013233263
2088.809000520855,2.845214993928902
2089.209000966795,2.759880006785999
2089.4089997731826,2.8915500038677466
2089.6090014127353,2.8691549873529256
2090.209000665063,2.7876810127493057
2090.4089994714504,2.8957980087508117
2090.808999917391,2.8232050080302002
2091.0090015569435,2.8212750005048806
2091.2090003633307,2.8062160142134855
2091.4089991697183,2.9054510055937213
2091.609000809271,2.805828988620082
2091.8089996156586,2.8135520111872916
2092.0090012552114,2.844828999073763
2092.2090000615985,2.819343995490917
2092.408998867986,2.9127880000561692
2092.609000507539,2.797335007080857
2092.8089993139265,2.8096909986480085
2093.4090013994196,2.9019759879095774
2093.8089990121944,2.7911569946724706
2094.2089994581347,2.9232129866093572
2094.4090010976875,2.8950259857909115
2094.8090015436273,2.7907700023286877
2095.009000350015,2.911628984752486
2095.2089991564026,2.9073820106076838
2095.4090007959553,2.8938670037368492
2095.809001241895,2.7981069967911365
2096.009000048283,2.9239850095692583
2096.2090016878356,2.8757189946164514
2096.409000494223,2.886531006763044
2096.809000940163,2.8212750005048806
2097.0089997465507,2.9394299907157926
2097.2090013861034,2.856026008586852
2097.409000192491,2.8625910133390207
2097.6089989988786,2.8571849906409135
2098.0089994448185,2.949470013152104
2098.2090010843713,2.84174000949438
2098.408999890759,2.8498479961784655
2098.8090003366992,2.9479250029932818
2099.008999143087,2.941746990584895
2099.209000782639,2.828996992333825
2099.4089995890267,2.8382639943215944
2099.809000034967,2.957578997324833
2100.00900167452,2.941360995729756
2100.4089992872946,2.8251360130441636
2100.808999733235,2.9517870130212085
2101.0090013727877,2.930162988728023
2101.209000179175,2.8475319937980057
2101.609000625115,2.944063990453998
2102.208999877443,2.8730159998922087
2102.609000323383,2.9691620016930615
2102.8089991297707,2.881897007024838
2103.0090007693234,2.9069960157525445
2103.208999575711,2.8830549915902566
2103.609000021651,2.978043008825691
2103.809001661204,2.8683829976426463
2104.0090004675912,2.878421989340694
2104.208999273979,2.8954120138956725
2104.4090009135316,2.9749539859966863
2104.6089997199188,2.9691620016930615
2104.809001359472,2.8579570136008154
2105.009000165859,2.904679015883442
2105.2089989722467,2.9220550020439378
2105.4090006117995,2.9846080135778594
2105.6089994181866,2.967231994167741
2105.80900105774,2.866837987483823
2106.4090003100673,2.9749539859966863
2106.608999116455,2.9618260047192555
2106.8090007560077,2.878035994485554
2107.209001201948,2.961054015008976
2107.409000008335,2.956806010125911
2107.609001647888,2.9432920007437184
2107.8090004542755,2.893481008881709
2108.209000900216,2.9915580156965262
2108.609001346156,2.8772640047752756
2109.2090005984837,3.000438989579533
2109.609001044424,2.8938670037368492
2109.8089998508112,2.9208959867402546
2110.009001490364,3.0015970073945732
2110.2090002967516,3.000438989579533
2110.4089991031387,2.8869170016181833
2110.609000742692,2.9278469863475634
2110.808999549079,2.9359550062812705
2111.009001188632,3.0070029968430587
2111.2089999950194,2.9919440105516655
2111.409001634572,2.8842140068939406
2112.0090008868997,3.0151120142654086
2112.2089996932873,2.874947004906172
2112.40900133284,2.9058370004488605
2112.808998945615,2.986151992998418
2113.009000585168,2.9811329958937156
2113.208999391555,2.8803529943546566
2113.409001031108,2.9201239970299744
2113.8090014770482,3.0097059915673015
2114.208999089823,2.901203998199297
2114.4090007293757,2.9243710044243985
2114.809001175316,3.01897299355507
2115.209001621256,2.91510400243663
2115.608999234031,3.012795014396306
2116.0089996799716,2.9108569950422067
2116.608998932299,3.031716010715625
2117.0089993782394,2.907768005462824
2117.609001463732,3.034418007951225
2117.8090002701197,2.8954120138956725
2118.0089990765073,2.9251439916233206
2118.4089995224476,3.0147259861606477
2118.609001162,3.0112510017261256
2118.8089999683875,2.9058370004488605
2119.0090016079403,2.9429060058885783
2119.209000414328,3.012408986291544
2119.4089992207155,2.983063003419036
2119.8089996666554,2.929390999017744
2120.009001306208,2.9533309924417672
2120.2090001125957,3.031716010715625
2120.6090005585356,2.9359550062812705
2121.009001004476,2.971479001562164
2121.2089998108636,3.045229986848196
2121.609000256804,2.930549016832785
2122.2089995091314,3.0525670145602657
2122.409001148684,2.926688004293501
2122.608999955072,2.93441099361109
2123.0090004010117,3.0216759882793136
2123.2089992073993,3.0278540006876993
2123.409000846952,2.9139459846215887
2123.6089996533397,2.956033987166009
2123.8090012928924,3.0220620163840746
2124.0090000992795,3.0151120142654086
2124.208998905667,3.0039140072636767
2124.40900054522,2.937886011295234
2124.6089993516075,2.9653009891537776
2124.8090009911602,3.0402099922548516
2125.4090002434878,2.9579649921799724
2125.6089990498754,2.979974013839654
2125.809000689428,3.0579720065201093
2126.2090011353685,2.948310997848421
2126.4089999417556,2.9768849910106496
2126.809000387696,3.0687839854170793
2127.2090008336363,2.9506279977175245
2127.809000085964,3.071487013390943
2128.0089988923514,2.9351830165709902
2128.209000531904,2.9591230099950137
2128.408999338292,3.033645984991325
2128.6090009778445,3.0324880004259054
2128.8089997842317,3.049863986586402
2129.009001423785,2.9398170163091963
2129.209000230172,2.981904985603996
2129.4089990365596,3.045229986848196
2129.6090006761124,3.020132008858754
2129.8089994824995,3.0035280124085366
2130.0090011220527,2.960280994560433
2130.20899992844,3.079595997563671
2130.4090015679926,3.0707149904310427
2130.808999180768,2.978815996024613
2131.0090008203206,2.993875015565629
2131.4090012662605,3.0846149946683745
2131.8089988790357,2.964528999443499
2132.409000964529,3.08963498926172
2132.608999770916,2.964528999443499
2132.8090014104687,2.9772709858657898
2133.4090006627966,3.064537011272277
2133.608999469184,2.9502420028623844
2133.8090011087365,3.0776649925497086
2134.008999915124,3.0629920011134546
2134.4090003610645,3.0405969845986327
2134.6089991674517,2.9695489940368445
2134.8090008070044,3.093496001801003
2135.008999613392,3.0734179851552845
2135.6089988657195,2.9950330001310483
2135.8090005052723,3.0954270068149663
2136.00899931166,3.0884770046963004
2136.4089997576,2.983063003419036
2137.0089990099277,3.1070110086718383
2137.2090006494805,2.976113001300371
2137.408999455868,3.060675001244351
2137.609001095421,3.049477991731263
2137.8089999018084,3.079595997563671
2138.009001541361,3.079210002708532
2138.2090003477483,2.9722519887610863
2138.408999154136,3.0846149946683745
2138.6090007936887,3.0784370155096097
2139.209000046016,2.9784300011694738
2139.408998852404,3.1062389857119364
2139.6090004919565,3.0842289998132344
2140.208999744284,3.001983999738356
2140.4090013838368,3.1108719879614997
2140.6090001902244,3.105465998513014
2140.808998996612,3.019358988410211
2141.0090006361647,3.041369007558534
2141.2089994425523,3.0444579971379166
2141.6089998884922,3.1220699949632316
2141.809001528045,2.989627010682563
2142.0090003344326,3.064149985678873
2142.20899914082,3.0541109939808244
2142.60899958676,3.1151199928445656
2142.809001226313,2.9815189907488557
2143.0090000327004,3.0923380172355834
2143.209001672253,3.0757339875357452
2143.409000478641,3.0815260050889917
2143.6089992850284,3.064149985678873
2143.8090009245807,2.9919440105516655
2144.0089997309683,3.1143470056456435
2144.209001370521,3.101604985973731
2144.8090006228485,3.012408986291544
2145.008999429236,3.1255450126473763
2145.209001068789,3.10971400339608
2145.4089998751765,3.031716010715625
2145.6090015147292,3.045616014952958
2145.809000321117,3.0432990150838544
2146.2090007670568,3.1294059919370376
2146.4089995734444,3.0147259861606477
2146.609001212997,3.0811400102338515
2146.8090000193847,3.0703289955759034
2147.2090004653246,3.127862012516479
2147.408999271712,2.9961920154347315
2147.609000911265,3.1073970035269776
2147.8089997176526,3.09040701222162
2148.0090013572053,3.098130001539209
2148.40899896998,3.0035280124085366
2148.609000609533,3.121298005252952
2148.8089994159204,3.10971400339608
2149.4090015014135,3.023606993293276
2149.6090003078007,3.138286999069667
2149.8089991141883,3.1267039947014377
2150.009000753741,3.0510220044014433
2150.2089995601286,3.071487013390943
2150.4090011996814,3.1035359909876945
2150.6090000060685,3.0483190096771997
2150.8090016456217,3.0973580118289297
2151.009000452009,3.079595997563671
2151.2089992583965,3.064537011272277
2151.409000897949,3.1143470056456435
2151.6089997043364,3.052179988966862
2151.8090013438896,3.1336539968201036
2152.0090001502767,3.1321089866612795
2152.2089989566643,3.087704017497378
2152.409000596217,3.1046940088027357
2152.6089994026042,3.1992959979334072
2152.8090010421574,3.0958130016701055
2153.0089998485446,3.1220699949632316
2153.209001488098,3.1004470014083116
2154.0089995468124,3.2556709970589424
2154.2090011863656,3.1741979866943435
2154.408999992753,3.2124240124604597
2154.6090016323055,3.2568290148739827
2155.0089992450803,3.1514160110853613
2155.2090008846335,3.184237011642013
2155.4089996910207,3.3020070044864287
2155.6090013305734,3.2742050010344794
2155.809000136961,3.2313450087797797
2156.008998943348,3.24370100034693
2156.2090005829014,3.3209270033171068
2156.4089993892885,3.1560490133349246
2156.6090010288412,3.1776730043784873
2157.0090014747816,3.2630069940327484
2157.209000281169,3.1919590034709593
2157.4089990875564,3.209334989631456
2157.6090007271096,3.2070189872509953
2157.8089995334967,3.3205410084619658
2158.0090011730495,3.2896500154306345
2158.208999979437,3.276522000903582
2158.6090004253774,3.3672630107445922
2158.8089992317646,3.198910003078268
2159.0090008713173,3.24370100034693
2159.208999677705,3.299304009762186
2159.6090001236453,3.2039299976716125
2159.8089989300324,3.231731003634919
2160.009000569585,3.351431004004655
2160.208999375973,3.3305800001600145
2160.608999821913,3.2942840151688397
2160.809001461466,3.3827079918911265
2161.009000267853,3.222078006792011
2161.2089990742406,3.2336620086488823
2161.608999520181,3.3448669967411284
2161.8090011597337,3.240226015912408
2162.0089999661213,3.251423989664519
2162.2090016056736,3.264937999046712
2162.4090004120612,3.3680350004548725
2162.608999218449,3.3197689855020656
2162.8090008580016,3.3124319910396167
2163.2090013039415,3.4062619904600098
2163.409000110329,3.254513012493522
2163.6089989167167,3.283472003022248
2163.8090005562694,3.341006017451467
2164.2090010022093,3.2498790127553168
2164.408999808597,3.28694698745677
2164.6090014481497,3.3892719991546523
2164.8090002545373,3.368806990165152
2165.2090007004776,3.3162930035789
2165.408999506865,3.4244099995804076
2165.6090011464175,3.2606909916522877
2165.808999952805,3.3047090017220278
2166.009001592358,3.3359859896085
2166.408999205133,3.2711160114550974
2167.0090012906257,3.3908160118248327
2167.2090000970134,3.3595399881773833
2167.408998903401,3.350272986189614
2167.6090005429533,3.4468050160952277
2167.808999349341,3.4464189879904668
2168.0090009888936,3.306254011880852
2168.208999795281,3.370737995179115
2168.409001434834,3.3865690044304095
2168.609000241221,3.2904230026295567
2168.8089990476087,3.2969870098930834
2169.0090006871615,3.3274910105806317
2169.208999493549,3.422092999711304
2169.409001133102,3.3757569922838178
2169.6089999394894,3.3796190023117436
2169.809001579042,3.461864002386622
2170.0090003854293,3.4583890179520997
2170.208999191817,3.3236299980413486
2170.4090008313697,3.3649460108754896
2170.6089996377573,3.4271129943046503
2170.80900127731,3.310888011619058
2171.009000083697,3.313977001198441
2171.608999336025,3.3614709931913467
2171.809000975578,3.3572229883082807
2172.0089997819655,3.34370901217571
2172.209001421518,3.474220991442417
2172.4090002279054,3.447191010950368
2172.608999034293,3.392360988734035
2173.0089994802333,3.4896660058385702
2173.209001119786,3.327877005435772
2173.4089999261732,3.3568369934531397
2173.6090015657264,3.388114014589233
2173.8090003721136,3.3865690044304095
2174.008999178501,3.3417780071617464
2174.209000818054,3.3568369934531397
2174.408999624441,3.4908239904039906
2174.6090012639943,3.4711310043743904
2174.8090000703814,3.414757002737498
2175.008998876769,3.417845992316881
2175.209000516322,3.500090992391759
2175.4089993227094,3.3379169946224625
2175.609000962262,3.3479559863205113
2176.009001408202,3.4460329931353266
2176.2090002145897,3.3603120111372835
2176.4089990209773,3.3668759851511885
2176.60900066053,3.3865690044304095
2176.808999466917,3.4908239904039906
2177.0090011064704,3.4336770015681752
2177.2089999128575,3.4278850172645505
2177.609000358798,3.5236449909606424
2177.808999165185,3.3715099848893946
2178.009000804738,3.395836006418179
2178.2089996111254,3.4460329931353266
2178.409001250678,3.3668759851511885
2178.6090000570657,3.3684209953100117
2178.808998863453,3.398924995997561
2179.009000503006,3.4977739925226556
2179.208999309393,3.474993014402317
2179.6089997553336,3.41823198717202
2179.8090013948863,3.5356149876726537
2180.009000201274,3.3800049971668837
2180.208999007661,3.4232510175263453
2180.409000647214,3.4572310001370594
2180.809001093154,3.3745990077183983
2181.409000345482,3.4672699918351073
2181.6089991518693,3.4599339948613013
2181.809000791422,3.4336770015681752
2182.0089995978096,3.5514469944125917
2182.2090012373624,3.536774002976337
2182.40900004375,3.429815989028892
2182.608998850137,3.4873490059694676
2182.80900048969,3.510903004538352
2183.0089992960775,3.38734099414069
2183.2090009356302,3.387726988995829
2183.6090013815706,3.4823290113761223
2183.8090001879577,3.430202017133653
2184.0089989943453,3.4506669928735327
2184.209000633898,3.5545360172415954
2184.4089994402857,3.5460410049641062
2184.6090010798384,3.4356080065821386
2184.8089998862256,3.4645669971108646
2185.0090015257783,3.54102101037076
2185.209000332166,3.398924995997561
2185.4089991385536,3.4047170135508074
2186.0090012240466,3.456459010426779
2186.4089988368214,3.4278850172645505
2186.609000476374,3.5622580090705407
2186.8089992827618,3.5360010157774147
2187.0090009223145,3.4773100142714197
2187.4090013682544,3.5765450056516546
2187.609000174642,3.4170730051179588
2187.8089989810296,3.440241008831702
2188.0090006205824,3.4692009968490707
2188.20899942697,3.4645669971108646
2188.4090010665223,3.421707004856164
2188.60899987291,3.441012998541982
2188.8090015124626,3.581565000245
2189.00900031885,3.5460410049641062
2189.40900076479,3.488506990534888
2189.6089995711777,3.588515002363666
2189.8090012107305,3.4359940014372796
2190.009000017118,3.4417859857409043
2190.4090004630584,3.5583969965312576
2190.6089992694456,3.42904300182997
2190.8090009089983,3.4495080108194713
2191.008999715386,3.4514390158334347
2191.2090013549387,3.5468129946743856
2191.4090001613263,3.5120609891037704
2191.608998967714,3.4792399885471195
2191.809000607266,3.6016430168907183
2192.008999413654,3.5873570177982472
2192.2090010532065,3.476536993822876
2192.408999859594,3.5058830099450056
2192.609001499147,3.556079996662155
2193.0089991119216,3.428657006974831
2193.408999557862,3.537159997831477
2193.6090011974147,3.509743989234668
2194.009001643355,3.466883996979967
2194.2090004497422,3.6055049936690233
2194.40899925613,3.4838739882853247
2194.6090008956826,3.5178530066570177
2194.80899970207,3.57152501105831
2195.009001341623,3.436765991147558
2195.20900014801,3.4425580087008045
2195.6090005939504,3.4935269851282333
2195.808999400338,3.476536993822876
2196.009001039891,3.4985470129712004
2196.208999846278,3.4726760145332145
2196.409001485831,3.5950790096271925
2196.6090002922183,3.578476010665618
2196.808999098606,3.5248040062643264
2197.208999544546,3.6020300092345012
2197.409001184099,3.4460329931353266
2197.608999990486,3.4726760145332145
2198.0090004364265,3.496230013102097
2198.2089992428137,3.4645669971108646
2198.409000882367,3.4834879934301846
2198.608999688754,3.619019003051215
2198.809001328307,3.578862005520758
2199.0090001346944,3.522487006395223
2199.208998941082,3.534071008252095
2199.4090005806347,3.618633008196076
2199.608999387022,3.4533699875977764
2199.809001026575,3.4719039915733125
2200.209001472515,3.5398629925557197
2200.4090002789026,3.4722899864284535
2200.6089990852897,3.485032006100365
2200.809000724843,3.481943016520983
2201.00899953123,3.596237991681255
2201.209001170783,3.5502880123585285
2201.4089999771704,3.545268017765184
2201.809000423111,3.637167012171613
2202.008999229498,3.474993014402317
2202.209000869051,3.5251900011194657
2202.4089996754383,3.5780889850722133
2202.8090001213786,3.46997298655935
2203.008998927766,3.4919830057076746
2203.209000567319,3.60357398865506
2203.408999373706,3.555694001807014
2203.8089998196465,3.519398016815841
2204.009001459199,3.644890001489202
2204.209000265587,3.5124470172085323
2204.408999071974,3.519398016815841
2204.8089995179143,3.6298310151978077
2205.009001157467,3.476536993822876
2205.2089999638547,3.4981609848664386
2205.4090016034074,3.503180015220763
2205.609000409795,3.566118988360203
2205.808999216182,3.5437240050950036
2206.009000855735,3.5093579943795277
2206.2089996621226,3.649524001227407
2206.4090013016753,3.6294449870930467
2206.609000108063,3.5398629925557197
2207.009000554003,3.6429589964752385
2207.2089993603904,3.476922988678016
2207.409000999943,3.4869630111143284
2207.6089998063308,3.525575995974605
2207.809001445883,3.5205560013812596
2208.0090002522707,3.499704997536619
2208.2089990586583,3.503566010075903
2208.409000698211,3.513991994117733
2208.6089995045986,3.622881013079142
2208.809001144151,3.5576250068209774
2209.0089999505385,3.558782991386397
2209.2090015900912,3.6437320169237823
2209.409000396479,3.4796260166518804
2209.6089992028665,3.506654999655285
2210.008999648807,3.5769310005067947
2210.209001288359,3.4904379955488505
2210.4090000947467,3.515150011932774
2210.6089989011343,3.515536006787915
2210.809000540687,3.619019003051215
2211.0089993470747,3.600099004220538
2211.209000986627,3.567278003663886
2211.4089997930146,3.6549289931872497
2211.6090014325673,3.6518400036078678
2211.809000238955,3.504338997274825
2212.0089990453425,3.5514469944125917
2212.209000684895,3.5753869878366142
2212.609001130835,3.4985470129712004
2212.808999937223,3.5217150166849436
2213.0090015767755,3.6244249924997005
2213.2090003831627,3.58195099510014
2213.4089991895503,3.5765450056516546
2213.609000829103,3.537545992686617
2213.8089996354906,3.6618799927945584
2214.0090012750434,3.5128340095523143
2214.209000081431,3.559168986241536
2214.609000527371,3.634851009791153
2214.8089993337585,3.5051109869851045
2215.0090009733112,3.525961990829745
2215.208999779699,3.5163089939868373
2215.4090014192516,3.593534996957012
2215.6090002256387,3.5321400032381316
2215.8089990320263,3.5537629967930506
2216.009000671579,3.667672010347805
2216.2089994779667,3.6545429983321096
2216.4090011175194,3.545655010108967
2216.608999923907,3.6024160040896405
2216.80900156346,3.6502959909376873
2217.2089991762346,3.5016360025505824
2217.4090008157873,3.5302089982241682
2217.608999622175,3.6128409906428285
2218.009000068115,3.537159997831477
2218.2089988745024,3.537159997831477
2218.409000514055,3.6684440000580842
2218.6089993204428,3.5692090086778494
2218.8090009599955,3.58195099510014
2219.209001405936,3.6699880127282647
2219.409000212323,3.504338997274825
2219.6089990187106,3.5290510136587487
2219.8090006582634,3.574614000637691
2220.008999464651,3.559555014346298
2220.408999910591,3.5379319875417563
2220.6090015501436,3.6757799970318903
2220.809000356531,3.637939999370536
2221.008999162919,3.593149002101872
2221.4089996088587,3.686206014323342
2221.609001248412,3.51978401167098
2221.809000054799,3.522873001250363
2222.0089988611867,3.5699809983881297
2222.4089993071266,3.5282789906988485
2222.808999753067,3.5414070052259
2223.0090013926197,3.6502959909376873
2223.2090001990073,3.5954650044823318
2223.408999005395,3.5877430126533874
2223.6090006449476,3.686206014323342
2223.808999451335,3.5174670118018776
2224.0090010908875,3.5475850176342867
2224.409001536828,3.649137008883624
2224.6090003432155,3.518624996367296
2224.8089991496026,3.549129994543489
2225.009000789156,3.547971012489426
2225.208999595543,3.6058909885241626
2225.4090012350957,3.58233698995528
2225.6090000414833,3.5676639985190253
2225.8089988478705,3.689295003902725
2226.0090004874237,3.6800280019149563
2226.208999293811,3.570752988098408
2226.4090009333636,3.6020300092345012
2226.608999739751,3.652998985661929
2226.809001379304,3.51978401167098
2227.0090001856915,3.5290510136587487
2227.2089989920787,3.551060002068809
2227.4090006316314,3.6248109873548406
2227.608999438019,3.5614859861106396
2227.809001077572,3.5780889850722133
2228.0089998839594,3.548357007344566
2228.209001523512,3.678482991756133
2228.4090003298993,3.5684359882293055
2228.608999136287,3.6020300092345012
2229.0089995822273,3.6881369860876836
2229.20900122178,3.529437008513888
2229.4090000281676,3.5610999912554995
2229.8090004741075,3.5730699879675107
2230.008999280495,3.5356149876726537
2230.209000920048,3.548357007344566
2230.4089997264355,3.6800280019149563
2230.609001365988,3.6549289931872497
2230.8090001723754,3.607435001194343
2231.2090006183157,3.7031960056286994
2231.4089994247033,3.5302089982241682
2231.609001064256,3.5421789949361804
2231.808999870643,3.5923760149029498
2232.009001510196,3.582723018060041
2232.2090003165836,3.5406350155156208
2232.408999122971,3.5506740072136695
2232.609000762524,3.5618720142154006
2232.8089995689115,3.6641959951750183
2233.009001208464,3.614771995656792
2233.2090000148514,3.614771995656792
2233.409001654404,3.7024229851801556
2233.609000460792,3.698176011035353
2233.8089992671794,3.551060002068809
2234.0090009067317,3.593149002101872
2234.2089997131193,3.65531498804239
2234.409001352672,3.544495994805283
2234.6090001590596,3.5572380144771953
2234.8089989654472,3.56302999878082
2235.009000605,3.6688299949132235
2235.208999411387,3.615930013471833
2235.40900105094,3.5997130093653986
2235.6089998573275,3.708215002733402
2235.8090014968802,3.7062849952080823
2236.009000303268,3.575773015941375
2236.2089991096555,3.59006001252249
2236.4090007492077,3.6545429983321096
2236.6089995555953,3.5421789949361804
2236.809001195148,3.5437240050950036
2237.4090004474756,3.626741992368803
2237.608999253863,3.605118998813884
2237.809000893416,3.5665060139536067
2238.0089996998036,3.713234997326748
2238.2090013393563,3.5753869878366142
2238.409000145744,3.6143860008016526
2238.809000591684,3.693542011297148
2239.0089993980714,3.5390900053567975
2239.209001037624,3.570366993243269
2239.6090014835645,3.5946930147720524
2240.0089990963393,3.5684359882293055
2240.209000735892,3.7024229851801556
2240.4089995422796,3.689295003902725
2240.6090011818324,3.619404997906355
2240.8089999882195,3.6244249924997005
2241.0090016277727,3.697790016180214
2241.20900043416,3.5464269998192455
2241.4089992405475,3.555694001807014
2241.6090008801,3.597010014641156
2241.8089996864874,3.5780889850722133
2242.0090013260406,3.5580110016761175
2242.2090001324277,3.5695950035329886
2242.4089989388153,3.571139016203169
2242.609000578368,3.67539400217675
2242.8089993847557,3.630603004908087
2243.0090010243084,3.6163160083269723
2243.4090014702488,3.7333140114611085
2243.609000276636,3.578862005520758
2243.8089990830235,3.6240389976445613
2244.0090007225763,3.6510680138975875
2244.4090011685166,3.545655010108967
2244.608999974904,3.5722979982572323
2244.8090016144565,3.6773250071907135
2245.009000420844,3.619791990250138
2245.2089992272313,3.6259700026585246
2245.6089996731716,3.7244330043284792
2245.809001312725,3.5734560160722726
2246.009000119112,3.6093660062083064
2246.208998925499,3.6777110020458537
2246.6089993714395,3.5495159893986283
2247.2090014569326,3.635237004646293
2247.40900026332,3.6112970112222698
2247.6089990697074,3.5939209918121513
2247.8090007092605,3.7286800117229033
2248.0089995156477,3.697790016180214
2248.2090011552004,3.604346011614962
2248.609001601141,3.7086009975885412
2248.8090004075284,3.545655010108967
2249.0089992139156,3.570752988098408
2249.408999659856,3.6387119890808153
2249.8090001057963,3.5761590107965153
2250.0089989121834,3.7255909888938987
2250.2090005517366,3.6954730163111114
2250.6090009976765,3.6321480150669103
2250.808999804064,3.70551200800916
2251.009001443617,3.547971012489426
2251.2090002500045,3.555694001807014
2251.6090006959444,3.6398700068958556
2251.808999502332,3.578862005520758
2252.0090011418847,3.58195099510014
2252.2089999482723,3.578476010665618
2252.4090015878246,3.7078290078782628
2252.609000394212,3.6294449870930467
2252.8089992006,3.6363949892117127
2253.20899964654,3.7244330043284792
2253.409001286093,3.5722979982572323
2253.60900009248,3.5923760149029498
2253.8089988988677,3.6390980171855762
2254.0090005384204,3.564189014084503
2254.208999344808,3.564575008939644
2254.409000984361,3.581565000245
2254.6089997907484,3.6923839934821077
2254.8090014303007,3.6738499895065697
2255.208999043076,3.600484999075678
2255.4090006826286,3.727521993907862
2255.6089994890162,3.5688220163340665
2255.8090011285685,3.61168300607741
2256.008999934956,3.6406429940947778
2256.4090003808965,3.566118988360203
2256.608999187284,3.5834950077703214
2256.8090008268364,3.5769310005067947
2257.008999633224,3.649524001227407
2257.2090012727767,3.6398700068958556
2257.4090000791643,3.6031879937999207
2257.8090005251047,3.727521993907862
2258.008999331492,3.61168300607741
2258.2090009710446,3.6672860154926648
2258.408999777432,3.698176011035353
2258.8090002233725,3.559555014346298
2259.2090006693124,3.6321480150669103
2259.4089994757,3.5699809983881297
2259.609001115253,3.581565000245
2259.8089999216404,3.7182549919200936
2260.009001561193,3.698176011035353
2260.2090003675803,3.63407798934261
2260.408999173968,3.642187006764958
2260.6090008135207,3.7205709943005534
2260.8089996199083,3.5572380144771953
2261.009001259461,3.5699809983881297
2261.4089988722358,3.6425730016200983
2261.6090005117885,3.567278003663886
2261.808999318176,3.5792480003758973
2262.009000957729,3.589286992073946
2262.2089997641165,3.705126013154019
2262.409001403669,3.6502959909376873
2262.6090002100564,3.644504006634061
2263.0090006559967,3.7317690013022853
2263.2089994623843,3.566892008808747
2263.409001101937,3.6128409906428285
2263.608999908324,3.671146994782327
2264.0090003542646,3.5614859861106396
2264.208999160652,3.585812007639424
2264.409000800205,3.7031960056286994
2264.6089996065925,3.6611070055956363
2265.0090000525324,3.6097520010634474
2265.20899885892,3.7325409910125646
2265.409000498473,3.5854260127842847
2265.6089993048604,3.6112970112222698
2266.0089997508003,3.7070570181679825
2266.2090013903535,3.562644003925681
2266.4090001967406,3.5873570177982472
2266.6089990031282,3.5939209918121513
2266.809000642681,3.6657410053338424
2267.008999449068,3.6363949892117127
2267.2090010886213,3.5958509993374728
2267.4089998950085,3.730224988632105
2267.6090015345612,3.7178689970649534
2267.809000340949,3.6244249924997005
2268.0089991473365,3.660721010740496
2268.209000786889,3.7097600128922252
2268.4089995932763,3.56032800154522
2268.609001232829,3.5688220163340665
2269.0089988456043,3.6437320169237823
2269.209000485157,3.6136130136027305
2269.609000931097,3.5846539898243828
2269.8089997374846,3.722501999314516
2270.0090013770373,3.622107992630598
2270.209000183425,3.6387119890808153
2270.408998989812,3.69431499849607
2270.609000629365,3.559168986241536
2270.8089994357524,3.5688220163340665
2271.2089998816928,3.6174749903810346
2271.8089991340203,3.581565000245
2272.0090007735735,3.7074430130231226
2272.2089995799606,3.704353990194119
2272.4090012195134,3.6433449913303777
2272.808998832288,3.7286800117229033
2273.0090004718413,3.5607139964003602
2273.2089992782285,3.593534996957012
2273.409000917781,3.6097520010634474
2273.8090013637216,3.5680499933741663
2274.009000170109,3.5834950077703214
2274.2089989764963,3.7174820047211714
2274.409000616049,3.685819986218581
2274.8090010619894,3.6363949892117127
2275.008999868377,3.7333140114611085
2275.2090015079293,3.56302999878082
2275.409000314317,3.588900997218807
2275.8090007602573,3.656859998201213
2276.008999566645,3.5653469986499227
2276.2090012061976,3.5780889850722133
2276.409000012585,3.5896729869290853
2276.6089988189724,3.668058005202945
2276.809000458525,3.5997130093653986
2277.0089992649127,3.6170889955258954
2277.2090009044655,3.7367889958956306
2277.408999710853,3.7182549919200936
2277.609001350406,3.607049006339204
2277.809000156793,3.663424005464739
2278.0089989631806,3.7035820004838387
2278.2090006027333,3.5583969965312576
2278.408999409121,3.559555014346298
2278.6090010486737,3.5916039919430487
2278.808999855061,3.6757799970318903
2279.209000301001,3.591989986798188
2279.408999107389,3.585812007639424
2279.6090007469415,3.7182549919200936
2279.8089995533287,3.6174749903810346
2280.0090011928814,3.626741992368803
2280.409001638822,3.719413009735135
2280.6090004452094,3.5583969965312576
2280.808999251597,3.591989986798188
2281.208999697537,3.6209500080651784
2281.6090001434773,3.581565000245
2281.808998949865,3.722501999314516
2282.009000589417,3.697017993220313
2282.2089993958048,3.637939999370536
2282.608999841745,3.7170960098660313
2282.809001481298,3.5572380144771953
2283.009000287685,3.5722979982572323
2283.208999094073,3.6124549957876892
2283.4090007336254,3.5985539940617146
2283.608999540013,3.578862005520758
2283.8090011795657,3.5831090129151812
2284.008999985953,3.5838810026254606
2284.209001625506,3.7070570181679825
2284.608999238281,3.6298310151978077
2284.8090008778336,3.7136209921818875
2285.008999684221,3.5537629967930506
2285.209001323774,3.5780889850722133
2285.4090001301615,3.5977820043514352
2285.6089989365487,3.649524001227407
2285.8090005761014,3.5699809983881297
2286.008999382489,3.5765450056516546
2286.209001022042,3.5804059849413177
2286.4089998284294,3.690066993613005
2286.609001467982,3.6661270001889816
2286.8090002743693,3.6356229995014324
2287.2090007203096,3.730611016736866
2287.4089995266972,3.5769310005067947
2287.60900116625,3.6163160083269723
2287.808999972637,3.6390980171855762
2288.2090004185775,3.551060002068809
2288.408999224965,3.5765450056516546
2288.609000864518,3.69431499849607
2288.808999670905,3.6460479860546204
2289.009001310458,3.6363949892117127
2289.2090001168453,3.608980011353167
2289.408998923233,3.7364030010404905
2289.6090005627857,3.5607139964003602
2289.808999369173,3.6016430168907183
2290.208999815113,3.679256012204676
2290.409001454666,3.552605012227632
2290.6090002610536,3.5726839931123715
2290.8089990674407,3.5804059849413177
2291.009000706994,3.659948987780595
2291.208999513381,3.5912179970879095
2291.4090011529343,3.604732006470101
2291.6089999593214,3.7252049940387595
2291.809001598874,3.7074430130231226
2292.0090004052618,3.5877430126533874
2292.208999211649,3.6460479860546204
2292.409000851202,3.6962450060213907
2292.8090012971425,3.5460410049641062
2293.2089989099168,3.6696020178731255
2293.40900054947,3.604732006470101
2293.8090009954103,3.5719110059134493
2294.0089998017975,3.7020369903250163
2294.20900144135,3.630217010052947
2294.409000247738,3.626355997513664
2294.809000693678,3.72404700947334
2295.0089995000653,3.552991007082772
2295.209001139618,3.5877430126533874
2295.4089999460057,3.6313749946183664
2295.809000391946,3.5873570177982472
2296.008999198333,3.5738420109274127
2296.209000837886,3.7070570181679825
2296.4089996442735,3.6757799970318903
2296.6090012838263,3.635237004646293
2297.008998896601,3.7178689970649534
2297.209000536154,3.5549220120967346
2297.4089993425414,3.5734560160722726
2297.609000982094,3.6170889955258954
2298.0090014280345,3.566892008808747
2298.2090002344216,3.574614000637691
2298.4089990408092,3.570366993243269
2298.609000680362,3.683116991494339
2298.8089994867496,3.63330599963233
2299.0090011263023,3.6132269854979695
2299.2089999326895,3.709374018037086
2299.4090015722422,3.547971012489426
2299.60900037863,3.5873570177982472
2299.8089991850175,3.6062770166289244
2300.00900082457,3.6591769980703157
2300.208999630958,3.559168986241536
2300.40900127051,3.567278003663886
2300.6090000768977,3.5730699879675107
2300.8089988832853,3.6769390123355734
2301.009000522838,3.648751014028485
2301.2089993292257,3.615543985367072
2301.608999775166,3.7263630118538007
2301.8090014147183,3.5769310005067947
2302.009000221106,3.6093660062083064
2302.2089990274935,3.646435011648024
2302.608999473434,3.5414070052259
2302.809001112986,3.5680499933741663
2303.0089999193738,3.682345001784059
2303.2090015589265,3.6240389976445613
2303.409000365314,3.6255830103147417
2303.6089991717017,3.5908320022327693
2303.809000811254,3.7190270148799938
2304.0089996176416,3.5610999912554995
2304.2090012571944,3.600099004220538
2304.6089988699696,3.678482991756133
2304.8090005095223,3.5468129946743856
2305.0089993159095,3.5680499933741663
2305.209000955462,3.5722979982572323
2305.40899976185,3.6360089943565725
2305.6090014014026,3.574614000637691
2305.80900020779,3.5958509993374728
2306.0089990141773,3.7209579866443354
2306.20900065373,3.6989480007456335
2306.4089994601177,3.5842679949692435
2306.6090010996704,3.645275996344341
2306.808999906058,3.6923839934821077
2307.209000351998,3.5437240050950036
2307.4089991583855,3.5734560160722726
2307.6090007979383,3.65261299080679
2308.0090012438786,3.5792480003758973
2308.209000050266,3.570752988098408
2308.4089988566534,3.7062849952080823
2308.609000496206,3.5993270145102585
2308.8089993025937,3.605118998813884
2309.208999748534,3.711689987167924
2309.409001388087,3.5379319875417563
2309.609000194474,3.5680499933741663
2310.0090006404143,3.5997130093653986
2310.4090010863547,3.5665060139536067
2310.608999892742,3.7028090132849165
2310.809001532295,3.675008007321611
2311.009000338682,3.615930013471833
2311.4090007846225,3.704739985049258
2311.6089995910097,3.538318015646518
2311.809001230563,3.5622580090705407
2312.00900003695,3.608594016498027
2312.4090004828904,3.549129994543489
2312.6089992892776,3.56032800154522
2312.8090009288308,3.5541489916481916
2313.008999735218,3.6684440000580842
2313.209001374771,3.6167020031821124
2313.4090001811583,3.591989986798188
2313.608998987546,3.705899000352942
2313.8090006270986,3.5379319875417563
2314.0089994334858,3.575773015941375
2314.209001073039,3.5896729869290853
2314.408999879426,3.660335015885357
2314.609001518979,3.5464269998192455
2314.8090003253665,3.56032800154522
2315.008999131754,3.5537629967930506
2315.209000771307,3.645275996344341
2315.408999577694,3.6240389976445613
2315.6090012172467,3.596623986536395
2316.008998830022,3.712849002471608
2316.2090004695747,3.5614859861106396
2316.408999275962,3.596623986536395
2316.6090009155146,3.63407798934261
2317.009001361455,3.5275060034999255
2317.2090001678425,3.5537629967930506
2317.4089989742297,3.6584050083600355
2318.009001059723,3.566892008808747
2318.2089998661104,3.7001070160493166
2318.409001505663,3.552991007082772
2318.6090003120507,3.5842679949692435
2319.0090007579906,3.6757799970318903
2319.2089995643782,3.529437008513888
2319.409001203931,3.5553080069518748
2319.6090000103186,3.5553080069518748
2319.8089988167058,3.6178609852361747
2320.0090004562585,3.5618720142154006
2320.208999262646,3.5854260127842847
2320.409000902199,3.699719990455913
2320.6089997085865,3.675008007321611
2320.809001348139,3.5665060139536067
2321.009000154527,3.61206900093255
2321.208998960914,3.607435001194343
2321.4090006004667,3.593534996957012
2321.6089994068543,3.7321549961574254
2322.0089998527947,3.6140000059465125
2322.209001492347,3.7441249928694367
2322.4090002987346,3.693542011297148
2322.608999105122,3.7109179974576447
2323.0089995510625,3.589286992073946
2323.209001190615,3.686206014323342
2323.4089999970024,3.675008007321611
2323.60899880339,3.671532989637467
2323.8090004429428,3.6143860008016526
2324.4089996952703,3.7522340102917857
2324.8090001412106,3.6325340099220504
2325.6090010330913,3.6931560164420087
2325.8089998394785,3.6580180160162534
2326.009001479031,3.663424005464739
2326.209000285419,3.697403988075453
2326.609000731359,3.6584050083600355
2327.009001177299,3.6726910074525074
2327.2089999836867,3.6502959909376873
2327.4090016232394,3.672305012597368
2327.808999236014,3.656088008490933
2328.2089996819545,3.664969015623562
2328.609000127895,3.6502959909376873
2329.009000573835,3.6696020178731255
2329.2089993802224,3.667672010347805
2329.6089998261627,3.6653550104787014
2330.0090002721026,3.712463007616468
2330.2089990784903,3.735631011330212
2330.6089995244306,3.674622012466471
2330.8090011639833,3.7553229998711686
2331.0089999703705,3.7337000063162487
2331.2090016099237,3.756094989581448
2331.409000416311,3.7062849952080823
2331.6089992226985,3.7109179974576447
2331.809000862251,3.7244330043284792
2332.2090013081915,3.7912329900072033
2332.4090001145787,3.7252049940387595
2332.6089989209663,3.7263630118538007
2332.809000560519,3.731383006447145
2333.0089993669067,3.7966390127053096
2333.2090010064594,3.7893030157315044
2333.6090014523998,3.7182549919200936
2333.809000258787,3.711689987167924
2334.0089990651745,3.7966390127053096
2334.2090007047273,3.7850550108484375
2334.408999511115,3.7086009975885412
2334.6090011506676,3.716710015010891
2334.8089999570548,3.7062849952080823
2335.009001596608,3.761501012279555
2335.209000402995,3.755708994726308
2335.8089996553226,3.7101460077473654
2336.009001294876,3.734086001171388
2336.209000101263,3.709374018037086
2336.4089989076506,3.7205709943005534
2336.6090005472033,3.709374018037086
2336.8089993535905,3.711303992312785
2337.0090009931437,3.711303992312785
2337.4090014390836,3.6881369860876836
2337.8089990518583,3.699719990455913
2338.4090011373514,3.686592009178483
2338.608999943739,3.6989480007456335
2338.809001583292,3.6962450060213907
2339.4090008356193,3.6815720145851367
2339.8090012815596,3.729452001433182
2340.2089988943344,3.6950869882063495
2341.008999786215,3.797796997270729
2341.209001425768,3.730224988632105
2341.4090002321554,3.742967008304017
2341.6089990385426,3.808609009417321
2341.809000678096,3.7997280022846924
2342.008999484483,3.8225100111432955
2342.4089999304233,3.7479870028973625
2342.6090015699756,3.7506899976216053
2343.008999182751,3.8198070164190527
2343.408999628691,3.7460559978834
2343.609001268244,3.7483729977525027
2343.8090000746315,3.8151730166808475
2344.0089988810187,3.813629004010667
2344.408999326959,3.7394919906198734
2344.6090009665118,3.7217300096042374
2344.8089997728994,3.8186480011153696
2345.009001412452,3.8074509916022805
2345.408999025227,3.730611016736866
2345.6090006647796,3.7182549919200936
2345.808999471167,3.7669070017280406
2346.00900111072,3.7665210068729005
2346.808999169435,3.711689987167924
2347.009000808988,3.7028090132849165
2347.4090012549277,3.71593799205099
2347.808998867703,3.7039679953389797
2348.608999759583,3.719799004590274
2348.809001399136,3.709374018037086
2349.0090002055235,3.711303992312785
2349.208999011911,3.7217300096042374
2349.809001097404,3.76729299658318
2350.209001543344,3.7290660065780425
2350.6089991561194,3.8097669939827403
2350.8090007956716,3.798956012574412
2351.209001241612,3.7580259945954113
2351.608998854387,3.8313910182759248
2351.8090004939395,3.83872701524973
2352.20900093988,3.76806498629346
2352.60900138582,3.8375689974346887
2352.8090001922073,3.8379549922898297
2353.008998998595,3.7580259945954113
2353.2090006381477,3.7618870071346944
2353.4089994445353,3.7580259945954113
2353.8089998904757,3.835251997565586
2354.2090003364156,3.7333140114611085
2354.408999142803,3.742967008304017
2354.609000782356,3.805906014693078
2354.8089995887435,3.793936017981066
2355.2090000346834,3.741421998145194
2355.408998841071,3.749531015567543
2355.6090004806238,3.7769459934260885
2355.8089992870114,3.7630459891887558
2356.2089997329513,3.74528400817312
2356.4090013725045,3.7460559978834
2356.6090001788916,3.730224988632105
2356.8089989852792,3.741421998145194
2357.2089994312196,3.7205709943005534
2357.4090010707723,3.7398779854750135
2357.6089998771595,3.7298389937769647
2358.2089991294874,3.7178689970649534
2358.40900076904,3.7321549961574254
2358.6089995754273,3.7205709943005534
2358.80900121498,3.727521993907862
2359.2089988277553,3.7201849994454133
2359.409000467308,3.7468279875936785
2359.608999273695,3.7333140114611085
2360.0089997196355,3.7371749907507708
2360.2090013591883,3.786986015862401
2360.409000165576,3.7595710047542337
2360.608998971963,3.7854410057035777
2361.0089994179034,3.741808990488976
2361.4089998638437,3.8298460081171006
2361.809000309784,3.7661350120177604
2362.0089991161713,3.7726989860316653
2362.6090012016643,3.8526280169757046
2363.008998814439,3.771154009122463
2363.2090004539923,3.8526280169757046
2363.4089992603795,3.843361014987936
2363.609000899932,3.8557170065550874
2364.0090013458725,3.7773329857698714
2364.20900015226,3.7587980175553115
2364.6090005982,3.839500002448652
2365.0090010441404,3.755708994726308
2365.208999850528,3.761115017424415
2365.4090014900808,3.8286879903020603
2365.609000296468,3.797411002415589
2365.8089991028555,3.7476010080422233
2366.0090007424083,3.756094989581448
2366.208999548796,3.7584119894505505
2366.4090011883486,3.816331998734909
2366.608999994736,3.7877580055726803
2366.8089988011234,3.7599569996093747
2367.009000440676,3.760342994464514
2367.2089992470637,3.769224001597143
2367.809001332557,3.7433530031591564
2368.2089989453316,3.761501012279555
2368.608999391272,3.730224988632105
2368.8090010308247,3.7348579908816673
2369.008999837212,3.74528400817312
2369.60899908954,3.731383006447145
2369.8090007290925,3.7286800117229033
2370.00899953548,3.749144987462782
2370.2090011750324,3.7402640135797753
2370.40899998142,3.7394919906198734
2370.6089987878076,3.7298389937769647
2370.8090004273604,3.730997011592006
2371.408999679688,3.761115017424415
2371.8090001256282,3.734471996026528
2372.209000571568,3.790846995152063
2372.6090010175085,3.7553229998711686
2372.808999823896,3.7618870071346944
2373.408999076224,3.827143013392859
2373.6090007157763,3.754165015305748
2373.808999522164,3.764590001858938
2374.0090011617167,3.830618995316023
2374.2089999681043,3.8074509916022805
2374.409001607657,3.8360239872758664
2374.808999220432,3.771541001466246
2375.0090008599846,3.7796489881503312
2375.208999666372,3.8588059961344703
2375.409001305925,3.8483800120926386
2375.6090001123125,3.7804220085988742
2375.8089989186997,3.794708007691346
2376.0090005582524,3.7850550108484375
2376.20899936464,3.8657559982531353
2376.4090010041928,3.864211985582955
2376.809001450133,3.7896890105866436
2377.0090002565203,3.7738570038467056
2377.208999062908,3.8665289854520575
2377.4090007024606,3.8607370011484328
2377.6089995088482,3.7703819861625627
2377.809001148401,3.7920060104557463
2378.008999954788,3.7703819861625627
2378.4090004007285,3.8588059961344703
2378.608999207116,3.8522419888709436
2378.809000846669,3.760728989319653
2379.008999653056,3.7669070017280406
2379.209001292609,3.8325490028413443
2379.4090000989963,3.813243009155526
2379.608998905384,3.842201999684252
2379.8090005449367,3.7599569996093747
2380.008999351324,3.7626599943336165
2380.209000990877,3.820579006129333
2380.408999797264,3.797796997270729
2380.8090002432045,3.7657490171626202
2381.0089990495917,3.76729299658318
2381.6090011350852,3.749144987462782
2381.8089999414724,3.754551010160889
2382.0090015810256,3.7553229998711686
2382.2090003874127,3.7518480154366456
2382.4089991938,3.737560985605911
2382.609000833353,3.7402640135797753
2383.2090000856806,3.7503030052778223
2383.408998892068,3.730997011592006
2383.609000531621,3.7464419927385393
2383.808999338008,3.742581013448878
2384.0090009775613,3.74528400817312
2384.2089997839485,3.7638180121486577
2384.409001423501,3.741808990488976
2384.808999036276,3.7742439961904886
2385.009000675829,3.748758992607642
2385.2089994822163,3.7599569996093747
2385.409001121769,3.7510759924767454
2385.6089999281567,3.753006000002066
2385.8090015677094,3.7522340102917857
2386.009000374097,3.8186480011153696
2386.208999180484,3.7916190181119633
2386.409000820037,3.7599569996093747
2386.6089996264245,3.772312991176525
2386.8090012659773,3.753006000002066
2387.208998878752,3.8337080181450274
2387.4090005183048,3.7649759967140772
2387.6089993246924,3.7777190138746324
2387.809000964245,3.7777190138746324
2388.2090014101855,3.8483800120926386
2388.6089990229602,3.790846995152063
2388.809000662513,3.7931639950211657
2389.0089994689006,3.8657559982531353
2389.2090011084533,3.853786001541124
2389.408999914841,3.869618008281062
2389.609001554393,3.785827000558718
2389.8090003607813,3.793549989876306
2390.209000806721,3.871161987701621
2390.408999613109,3.868458992977378
2390.809000059049,3.774629991045628
2391.0089988654363,3.8638259907278147
2391.209000504989,3.857260985975646
2391.4089993113766,3.839500002448652
2391.808999757317,3.7630459891887558
2392.209000203257,3.856874991120507
2392.4089990096445,3.8333209925516236
2392.6090006491972,3.761501012279555
2392.808999455585,3.7626599943336165
2393.009001095137,3.761501012279555
2393.4090015410775,3.8097669939827403
2393.609000347465,3.761501012279555
2393.8089991538527,3.7638180121486577
2394.2089995997926,3.7726989860316653
2394.4090012393453,3.7564820151748526
2394.609000045733,3.761501012279555
2395.2089992980605,3.756868010029992
2395.409000937613,3.7445119852132196
2395.608999744001,3.7506899976216053
2395.8090013835536,3.7618870071346944
2396.009000189941,3.7584119894505505
2396.409000635881,3.7394919906198734
2397.008999888209,3.753778987200988
2397.409000334149,3.742581013448878
2398.2090012260296,3.7464419927385393
2398.409000032417,3.742581013448878
2398.608998838805,3.74528400817312
2399.0089992847447,3.7804220085988742
2399.408999730685,3.7506899976216053
2399.609001370238,3.7564820151748526
2399.809000176625,3.808995004272461
2400.0089989830126,3.7893030157315044
2400.2090006225653,3.8082230145621816
2400.6090010685057,3.757639999740271
2401.009001514446,3.8333209925516236
2401.408999127221,3.771926996321386
2401.6090007667735,3.7920060104557463
2402.209000019101,3.8526280169757046
2402.4089988254887,3.7703819861625627
2402.6090004650414,3.790846995152063
2402.808999271429,3.85803400642419
2403.0090009109817,3.8367970077244102
2403.208999717369,3.864211985582955
2403.409001356922,3.793936017981066
2403.6090001633092,3.8024309970089343
2403.808998969697,3.7896890105866436
2404.0090006092496,3.864211985582955
2404.208999415637,3.8634399958726755
2404.608999861577,3.7931639950211657
2404.80900150113,3.7920060104557463
2405.208999113905,3.8688449878325173
2405.409000753458,3.7893030157315044
2405.608999559845,3.7927780001660265
2405.8090011993977,3.7738570038467056
2406.0090000057853,3.8657559982531353
2406.208998812173,3.8541719963962633
2406.4090004517257,3.769224001597143
2406.608999258113,3.7808080034540152
2406.8090008976656,3.7634320172935176
2407.209001343606,3.8456780148570386
2407.4090001499935,3.842974986883174
2407.809000595934,3.761501012279555
2408.008999402321,3.827916000591781
2408.2090010418738,3.8198070164190527
2408.4089998482614,3.8379549922898297
2408.8090002942017,3.7445119852132196
2409.008999100589,3.8225100111432955
2409.209000740142,3.8043620020228976
2409.4089995465292,3.7958669897454085
2409.8089999924696,3.74528400817312
2410.20900043841,3.805906014693078
2410.408999244797,3.794322012836207
2410.8089996907374,3.7402640135797753
2411.408998943065,3.7823520161241957
2411.8089993890053,3.7394919906198734
2412.2089998349456,3.754551010160889
2412.808999087273,3.7337000063162487
2413.2089995332135,3.7468279875936785
2413.6089999791534,3.730224988632105
2414.0090004250937,3.7364030010404905
2414.2089992314814,3.719413009735135
2414.409000871034,3.7394919906198734
2414.8090013169744,3.7201849994454133
2415.0090001233616,3.731383006447145
2415.409000569302,3.7074430130231226
2415.8090010152423,3.72404700947334
2416.0089998216295,3.719413009735135
2416.209001461182,3.70551200800916
2416.40900026757,3.711689987167924
2416.6089990739574,3.70551200800916
2417.0089995198973,3.712463007616468
2417.20900115945,3.704739985049258
2417.809000411778,3.722887994169657
2418.0089992181656,3.7178689970649534
2418.209000857718,3.7221160044593766
2418.6090013036583,3.7031960056286994
2418.809000110046,3.7101460077473654
2419.0089989164335,3.730997011592006
2419.4089993623734,3.709374018037086
2419.8089998083137,3.711303992312785
2420.2090002542536,3.734471996026528
2420.4089990606417,3.7066709900632215
2421.0090011461343,3.8479940172374993
2421.4090015920747,3.7263630118538007
2421.609000398462,3.7201849994454133
2422.009000844402,3.834866002710447
2422.4090012903425,3.74567000302826
2422.8089989031173,3.8893099968220186
2423.2089993490576,3.715551997195851
2423.608999794998,3.8584200012793293
2423.8090014345507,3.853786001541124
2424.009000240938,3.886992996952916
2424.2089990473255,3.88004299483425
2424.4090006868782,3.805519986588317
2424.608999493266,3.871161987701621
2424.8090011328186,3.8557170065550874
2425.0089999392058,3.8584200012793293
2425.6089991915337,3.753006000002066
2426.209001277027,3.8819739998482126
2427.2090009752947,3.7769459934260885
2427.809000227622,3.8804289896893893
2428.0089990340093,3.831004990171163
2428.2090006735625,3.8669150135568184
2428.4089994799497,3.8093809991276
2428.609001119503,3.8491529992915607
2428.80899992589,3.7846690159932983
2429.0090015654428,3.8074509916022805
2429.2090003718304,3.825213005867538
2429.4089991782175,3.894329991415364
2429.6090008177707,3.839885997303792
2429.808999624158,3.8784990154136905
2430.009001263711,3.8097669939827403
2430.209000070098,3.853400006685985
2430.4089988764854,3.7622739994784773
2430.6090005160386,3.768452011886864
2431.009000961979,3.868072998122238
2431.208999768366,3.8479940172374993
2431.6090002143064,3.8958740040855444
2432.009000660247,3.7777190138746324
2432.208999466634,3.7854410057035777
2432.6089999125743,3.871161987701621
2432.809001552127,3.8213509958396115
2433.208999164902,3.902439008837714
2433.4090008044545,3.871934010661522
2433.608999610842,3.771541001466246
2433.809001250395,3.8209650009844722
2434.2089988631697,3.7896890105866436
2434.4090005027224,3.8159460038797697
2434.8090009486627,3.901665988389169
2435.8090006469306,3.772312991176525
2436.209001092871,3.8962609964293273
2436.408999899258,3.876568010399728
2436.609001538811,3.8773400001100065
2436.8090003451985,3.8858350123874965
2437.4089995975264,3.778491003584911
2438.008998849854,3.88004299483425
2438.4089992957943,3.882745989558492
2438.6090009353466,3.8472219942775983
2438.8089997417346,3.8788850102688306
2439.009001381287,3.774629991045628
2439.2090001876745,3.8182620062602286
2439.408998994062,3.823282000853575
2439.8089994400025,3.8939439965602247
2440.0090010795548,3.9001220089686104
2440.2089998859424,3.8483800120926386
2440.409001525495,3.8850629894275954
2440.6090003318827,3.780035016255093
2440.8089991382703,3.8259849955778176
2441.0090007778226,3.8198070164190527
2441.2089995842102,3.846450004567318
2441.409001223763,3.8286879903020603
2441.6090000301506,3.901665988389169
2441.808998836538,3.8831320176632538
2442.009000476091,3.8808150177941503
2442.208999282478,3.774629991045628
2442.409000922031,3.826756985288097
2442.6089997284184,3.831004990171163
2442.809001367971,3.853786001541124
2443.009000174359,3.820193011274192
2443.208998980746,3.8970329861396067
2443.4090006202987,3.8781129873089286
2443.6089994266863,3.8831320176632538
2443.809001066239,3.7777190138746324
2444.0089998726266,3.8209650009844722
2444.2090015121794,3.8035890148239755
2444.4090003185665,3.853400006685985
2444.608999124954,3.812083993851843
2445.0089995708945,3.9155669901151438
2445.2090012104472,3.8854490175323564
2445.4090000168344,3.7966390127053096
2445.608998823222,3.8194209883142918
2446.0089992691624,3.7730850141364263
2446.4089997151027,3.914023010694585
2446.8090001610426,3.8854490175323564
2447.00899896743,3.7931639950211657
2447.209000606983,3.8584200012793293
2447.6090010529233,3.7734710089915664
2448.0090014988637,3.9051420035619557
2448.209000305251,3.8819739998482126
2448.609000751191,3.87927100512397
2449.2090000035187,3.7665210068729005
2449.808999255846,3.8885380071117392
2450.0090008953994,3.8781129873089286
2450.2089997017865,3.890855006980842
2450.8089989541145,3.768838006742003
2451.4090010396076,3.853786001541124
2451.8090014855475,3.902825003692853
2452.009000291935,3.882745989558492
2452.2089990983227,3.8854490175323564
2452.4090007378754,3.781965988019434
2452.6089995442626,3.823667995708714
2452.8090011838153,3.8109260092864234
2453.008999990203,3.8337080181450274
2453.2089987965905,3.81749001654995
2453.4090004361433,3.909003016101239
2453.6089992425304,3.8885380071117392
2453.809000882083,3.872706997860444
2454.008999688471,3.771541001466246
2454.2090013280235,3.8302320029722408
2454.409000134411,3.7966390127053096
2455.0089993867387,3.9163390130750457
2455.6090014722317,3.8024309970089343
2455.8090002786194,3.823667995708714
2456.0089990850065,3.8066780044033584
2456.2090007245592,3.826756985288097
2456.408999530947,3.8151730166808475
2456.6090011704996,3.90938901095638
2456.808999976887,3.882745989558492
2457.0089987832744,3.884290999717316
2457.209000422827,3.78659998775764
2457.4089992292147,3.8491529992915607
2457.6090008687675,3.8140149988658063
2457.808999675155,3.830618995316023
2458.009001314708,3.8186480011153696
2458.2090001210954,3.9047550112181737
2458.4089989274826,3.898963991153569
2458.6090005670353,3.872706997860444
2458.808999373423,3.768838006742003
2459.0090010129757,3.816717993590048
2459.4090014589156,3.7846690159932983
2459.609000265303,3.8101539863265224
2460.0090007112435,3.9105469955217984
2461.0090004095114,3.7630459891887558
2461.4090008554517,3.9005080038237505
2461.8090013013916,3.881202010137933
2462.0090001077792,3.876182015544588
2462.608999360107,3.7726989860316653
2463.2090014456,3.905913993272236
2463.4090002519874,3.8815880049930733
2463.608999058375,3.871161987701621
2463.809000697928,3.8221240162881553
2464.008999504315,3.876568010399728
2464.2090011438677,3.783125003323118
2464.4089999502553,3.8159460038797697
2464.608998756643,3.8360239872758664
2464.8090003961956,3.912863995390902
2465.008999202583,3.8854490175323564
2465.2090008421355,3.87965699997911
2465.408999648523,3.812469988706983
2465.609001288076,3.876182015544588
2465.8090000944635,3.775788008860669
2466.0089989008507,3.8082230145621816
2466.8089997927314,3.882745989558492
2467.4089990450593,3.7726989860316653
2467.6090006846116,3.7769459934260885
2468.009001130552,3.891626996691121
2468.208999936939,3.8209650009844722
2468.4090015764923,3.871934010661522
2468.6090003828795,3.8356379924207262
2468.808999189267,3.871161987701621
2469.00900082882,3.7649759967140772
2469.208999635207,3.793936017981066
2469.6090000811473,3.876954005254867
2469.808998887535,3.8140149988658063
2470.2089993334753,3.89934998600871
2470.409000973028,3.876182015544588
2470.608999779415,3.7649759967140772
2470.8090014189684,3.771926996321386
2471.0090002253555,3.8198070164190527
2471.208999031743,3.790846995152063
2471.809001117236,3.9062999881273752
2472.0089999236234,3.8661419931082754
2472.2090015631766,3.7580259945954113
2472.4090003695637,3.7777190138746324
2472.6089991759513,3.8190349934591525
2472.809000815504,3.805519986588317
2473.0089996218912,3.805906014693078
2473.4090000678316,3.902825003692853
2474.008999320159,3.768452011886864
2474.2090009597123,3.8147869885760857
2474.4089997660994,3.8147869885760857
2474.609001405652,3.824053990563855
2474.80900021204,3.8039760071677575
2475.008999018427,3.8900830172705616
2475.20900065798,3.8595779858447488
2475.4089994643673,3.861508990858712
2475.60900110392,3.7584119894505505
2476.209000356248,3.85764801156905
2476.408999162635,3.8151730166808475
2476.609000802188,3.8958740040855444
2476.8089996085755,3.8325490028413443
2477.0090012481282,3.869232013425921
2477.209000054516,3.7634320172935176
2477.408998860903,3.771541001466246
2477.8089993068434,3.8337080181450274
2478.009000946396,3.8286879903020603
2478.4090013923364,3.8927850145061615
2478.609000198724,3.8657559982531353
2478.808999005111,3.7626599943336165
2479.0090006446644,3.7927780001660265
2479.4090010906043,3.8445189995533546
2479.608999896992,3.8116979989967037
2480.0090003429323,3.8939439965602247
2480.2089991493194,3.8703899979913414
2480.409000788872,3.7553229998711686
2480.60899959526,3.7808080034540152
2480.8090012348125,3.8093809991276
2481.0090000412,3.7896890105866436
2481.40900048714,3.8854490175323564
2481.6089992935276,3.876954005254867
2481.8090009330804,3.853400006685985
2482.008999739468,3.8584200012793293
2482.2090013790207,3.756868010029992
2482.409000185408,3.813243009155526
2482.6089989917955,3.772312991176525
2483.2090010772886,3.8854490175323564
2483.809000329616,3.764590001858938
2484.0089991360037,3.798956012574412
2484.2090007755564,3.7765599985709484
2484.4089995819436,3.794708007691346
2484.6090012214963,3.7889159901381007
2484.809000027884,3.872706997860444
2485.0089988342716,3.8479940172374993
2485.2090004738243,3.8472219942775983
2485.4089992802114,3.748758992607642
2485.609000919764,3.785827000558718
2485.808999726152,3.7931639950211657
2486.0090013657045,3.813629004010667
2486.209000172092,3.7885299952829596
2486.4089989784798,3.871161987701621
2486.609000618032,3.846835999422458
2486.80899942442,3.84992498900184
2487.0090010639724,3.7549370050160285
2487.20899987036,3.7958669897454085
2487.4090015099127,3.74567000302826
2488.0090007622402,3.865370003397995
2488.208999568628,3.8669150135568184
2488.4090012081806,3.8472219942775983
2488.609000014568,3.757639999740271
2488.808998820956,3.7587980175553115
2489.009000460508,3.7665210068729005
2489.2089992668957,3.738720000909593
2489.608999712836,3.8603510062932926
2489.809001352389,3.8491529992915607
2490.009000158776,3.839113010104869
2490.2089989651636,3.742194985344116
2490.4090006047163,3.771926996321386
2490.608999411104,3.7777190138746324
2490.8090010506567,3.748758992607642
2491.409000302984,3.8599640139495097
2491.608999109372,3.8340940130001666
2491.8090007489245,3.8321630079862032
2492.008999555312,3.7518480154366456
2492.209001194865,3.760728989319653
2492.409000001252,3.7622739994784773
2492.6089988076396,3.7773329857698714
2492.8090004471924,3.771541001466246
2493.00899925358,3.8588059961344703
2493.2090008931327,3.8367970077244102
2493.4089996995203,3.827143013392859
2493.609001339073,3.7325409910125646
2493.8090001454602,3.7726989860316653
2494.008998951848,3.7329280166059684
2494.609001037341,3.84992498900184
2495.2090002896684,3.7367889958956306
2495.609000735609,3.7518480154366456
2495.808999541996,3.7669070017280406
2496.0090011815487,3.7657490171626202
2496.408998794324,3.8510830068168813
2496.6090004338766,3.824827011012398
2496.808999240264,3.7140069870370267
2497.009000879817,3.7549370050160285
2497.409001325757,3.805906014693078
2497.6090001321445,3.7522340102917857
2498.009000578085,3.8491529992915607
2498.208999384472,3.8159460038797697
2498.409001024025,3.705126013154019
2498.6089998304124,3.7217300096042374
2499.60899952868,3.839113010104869
2500.208998781008,3.7105320026025046
2500.409000420561,3.7703819861625627
2500.608999226948,3.742967008304017
2501.209001312441,3.8414300099739727
2501.8090005647687,3.701650995469876
2502.4089998170966,3.7738570038467056
2502.6090014566494,3.7657490171626202
2502.8090002630365,3.8159460038797697
2503.008999069424,3.787372010717541
2503.209000708977,3.7889159901381007
2503.4089995153645,3.697790016180214
2503.609001154917,3.7170960098660313
2504.008998767692,3.757639999740271
2504.2090004072447,3.7406500084349146
2504.4089992136323,3.8225100111432955
2504.609000853185,3.7889159901381007
2504.8089996595727,3.8001139971398317
2505.0090012991254,3.689680998757864
2505.2090001055126,3.7209579866443354
2505.4089989119,3.739105995764734
2505.609000551453,3.794708007691346
2505.8089993578405,3.749144987462782
2506.0090009973933,3.8255990007226774
2506.208999803781,3.824053990563855
2506.409001443333,3.7966390127053096
2506.609000249721,3.692769988337247
2506.8089990561084,3.700879005759597
2507.009000695661,3.7549370050160285
2507.2089995020488,3.71632398690613
2507.8089987543763,3.8159460038797697
2508.2089992003166,3.6873639988887614
2508.409000839869,3.701265000614736
2508.6089996462565,3.7468279875936785
2508.8090012858092,3.7279079887630013
2509.4090005381368,3.808609009417321
2509.608999344525,3.7889159901381007
2509.809000984077,3.7954809948902684
2510.0089997904647,3.78659998775764
2510.6089990427927,3.5205560013812596
2511.2090011282853,3.5692090086778494
2513.0089988852683,3.476536993822876
2513.808999777149,3.447963998149291
2516.409001259178,3.365718000585769
2517.0090005115053,3.350272986189614
2517.809001403386,3.328263000290912
2520.209001245862,3.2703439884951964
2521.0089993045767,3.249492984650556
2522.2090006423978,3.2259389860816725
2523.009001534278,3.2077910102108964
2523.6090007866055,3.194276003340062
2524.6090004848734,3.176127994219664
2527.208999133737,3.127089989556577
2527.40900077329,3.1267039947014377
2528.208998832005,3.1104859931063604
2529.209001363438,3.093881996656142
2530.0089994221535,3.079595997563671
2531.609001205914,3.0556560041396486
2532.209000458242,3.045229986848196
2533.408998962897,3.0282399955428394
2546.0090002607703,2.8625910133390207
2547.2089987654253,2.8502339910336048
2548.209001296859,2.837492004611314
2548.4090001032464,2.837492004611314
2549.008999355574,2.8274530129132662
2552.009001283543,2.797335007080857
2552.408998896318,2.7903840074735484
2553.208999788198,2.7834340053548825
2555.2089991847342,2.7641270141804224
2556.208998883002,2.7529300046673333
2557.4090002208222,2.7428900154806426
2558.00899947315,2.7340090083480133
2558.4089999190905,2.7316930059675535
2562.2089999057744,2.696169010686659
2562.4090015453276,2.698098984962358
2563.208999604042,2.6876739984091698
2564.4090009418633,2.676475991407438
2565.409000640131,2.669138996944989
2566.0089998924586,2.662188994826323
2566.2090015320114,2.6625749896814632
2566.8090007843393,2.6560110156675583
2567.409000036667,2.651377015929352
2568.4089997349347,2.6417239858368227
2569.808999879143,2.6297539891248114
2570.609000771023,2.6228039870061455
2571.4089988297383,2.6150809976885565
2571.8089992756786,2.614309007978278
2572.8089989739465,2.6054280008456487
2573.8090015053795,2.59577500400274
2574.608999564095,2.587279991725251
2575.809000901915,2.580329989606585
2577.008999406571,2.569518010709614
2577.4089998525114,2.5660429930254702
2578.808999996719,2.557161985892842
2593.009000245188,2.4517479846155767
2594.008999943456,2.4447980157465325
2594.6089991957833,2.439391993048427
2596.209000979544,2.4293530013503775
2596.609001425484,2.427807991191555
2597.209000677812,2.4220160068879286
2597.80899993014,2.4181549943486456
2598.4089991824676,2.4119770151898816
2598.6090008220203,2.4135209946104395
2599.209000074348,2.4077290103068147
2599.808999326676,2.405413007926355
2600.4090014121684,2.401550997898429
2602.8090012546445,2.3837890168827913
2603.409000506972,2.379928004343509
2603.8090009529124,2.378383991673328
2604.40900020524,2.3741359867902627
2606.809000047716,2.3586910056437285
2607.0089988541035,2.3590770004988677
2607.2090004936563,2.3548299931044454
2607.408999300044,2.356760000629765
2607.6090009395966,2.3575329878286873
2608.209000191924,2.3509680163261404
2610.0090007820727,2.3393840144692684
2610.20899958846,2.3405429965233315
2611.0090004803405,2.3335929944046656
2611.409000926281,2.330889999680422
2611.608999732668,2.330889999680422
2611.809001372221,2.3250980153767973
2612.0090001786084,2.3262559999422168
2612.608999430936,2.3220089925477936
2613.0089998768763,2.318533010624628
2613.209001516429,2.3208500104937304
2613.809000768757,2.3146719980853447
2614.008999575144,2.315443987795625
2614.4090000210845,2.3111970136508226
2616.8089998635605,2.2949800095443873
2617.209000309501,2.2918899892267417
2617.408999115888,2.293434999385564
2618.009001201381,2.286484997266898
2618.8089992600962,2.286484997266898
2619.4090013455893,2.2795339976595903
2619.808998958364,2.2768310029353476
2633.8090004004453,2.1934269875567853
2634.0089992068324,2.189566008267124
2634.2090008463856,2.1918830081362266
2635.4089993510406,2.1837739907138767
2635.808999796981,2.182230011293319
2638.4090012790098,2.1648539918831995
2638.8089988917845,2.1652399867383396
2639.6089997836652,2.156745007710472
2640.2089990359927,2.156745007710472
2641.2089987342606,2.1505669953020856
2641.608999180201,2.1494080132480233
2643.2090009639614,2.137825008879795
2643.609001409902,2.137825008879795
2644.6090011081697,2.130488014417346
2645.408999166885,2.126627001878062
2646.408998865153,2.1204489894696765
2647.0090009506457,2.118131989600574
2649.409000793122,2.10307300330918
2649.809001239062,2.10307300330918
2650.80900093733,2.0941919961765505
2651.809000635598,2.0911030065971676
2652.4089998879253,2.0860830120038223
2653.408999586193,2.0833799840299587
2654.008998838521,2.0791330098851564
2655.2090001763418,2.069866007897388
2655.4089989827294,2.074113015291811
2655.609000622282,2.0710239924628073
2656.2089998746096,2.065618003014322
2657.8089988252054,2.0575100163302364
2659.208998969413,2.048242016853825
2660.008999861294,2.0420640044454386
2660.2090015008466,2.043609014604262
2660.8090007531746,2.0393610097211967
2661.2090011991145,2.0382029919061555
2663.808999847978,2.022372015904482
2664.0090014875304,2.0239159953250416
2664.4089991003057,2.017351988061515
2664.6090007398584,2.0204410108905195
2665.0090011857983,2.0131050139167135
2665.4089987985735,2.0127179883233097
2666.009000884066,2.0084710141785074
2666.208999690454,2.010401985942849
2667.0090005823345,2.0022930017701217
2667.6089998346624,2.0019070069149816
2669.4090004248105,1.9910949947683898
2669.608999231198,1.991480989623529
2669.8090008707504,1.9876200103338668
2669.8090008707504,1.9876200103338668
