time_s,q_lpm,q_smoothed_lpm
1750.008999620475,0.0028847386327246483,0.0029987848342170054
1758.4090004857237,0.0029576218028903867,0.0038283240401043852
1764.8089991212712,0.002646471845581644,0.004460353711407895
1766.8090013509723,0.0025873540186847066,0.0046578632459917425
1782.808999356424,0.005128855331658855,0.047967005707865606
1783.0090009959767,-0.0018045552259149389,0.05456768418104119
1783.4090014419169,0.0035468715938105078,0.0814570807523549
1783.6090002483045,0.004876856450868772,0.09490168381049977
1783.8089990546919,0.06401290413965732,0.10834628686862935
1784.0090006942446,0.24185784748270045,0.12653379790190533
1784.208999500632,0.01673237471630884,0.14472105129616275
1784.409001140185,0.2911145016562884,0.1629085623294594
1784.6089999465723,-0.000496049624297612,0.1810958157237168
1784.809001586125,0.25417526948899827,0.1992833267569928
1785.0090003925125,-0.006472735574945432,0.2174705801512502
1785.4090008384528,0.5115340225037084,0.3949530028718815
1785.6089996448402,0.5066486888771387,0.40743986694400125
1785.809001284393,0.3990492897323783,0.41992690790392995
1786.0090000907803,0.584797402091521,0.4324137719760497
1786.209001730333,0.5745125294430231,0.44490081293597844
1786.4090005367207,0.5467821456756283,0.45738767700811234
1786.8090009826608,0.4016718536223891,0.47659702209180815
1787.0089997890484,0.5015750626444326,0.48331940787467104
1787.2090014286011,0.4691645951635355,0.4900418888862471
1787.608999041376,0.584346736722706,0.5034866604519576
1787.8090006809289,0.5555729465853272,0.5102091414635412
1788.0089994873163,0.5481554880390256,0.5169315272463966
1788.209001126869,0.550682126771223,0.5236540082579726
1788.4089999332564,0.5703642734242376,0.5262059434435156
1788.6090015728091,0.5030221194185351,0.5287579147795461
1788.8090003791967,0.5278036275112399,0.531309849965092
1789.0089991855841,0.5478265495342534,0.533861785150635
1789.4089996315242,0.4819815594821417,0.5389656916722085
1789.8090000774646,0.6423339434919679,0.5408257752436693
1790.0090017170173,0.643213961222262,0.5417558236167971
1790.2090005234047,0.6133762496984758,0.5426858588151288
1790.8089997757324,0.3987748806067444,0.5450660433177091
1791.0090014152852,0.4345025298188787,0.5455861516165323
1791.2090002216726,0.6152620352273015,0.546106252547652
1791.4089990280602,0.5874541798419806,0.5466263534787721
1791.609000667613,0.5263685738504726,0.5471464617775954
1791.8089994740003,0.5399946012072512,0.5478092102786025
1792.009001113553,0.5264932599308221,0.5484719681680462
1792.2089999199407,0.5391727370648312,0.5491347166690541
1792.6090003658808,0.6292831345858687,0.5504602230595048
1793.2089996182085,0.4697814421402384,0.5524484779509635
1793.4090012577612,0.5193390386373551,0.5531112358404071
1793.8090017037014,0.492046519134524,0.5544367422308578
1794.2089993164764,0.6019168674227107,0.5557622392328729
1794.409000956029,0.6352674346998235,0.5564249971223165
1794.6089997624165,0.6204464159489778,0.5570877456233236
1795.0090002083568,0.4901016490284267,0.5584132520137751
1795.2089990147442,0.6085880382160962,0.5590760005147823
1795.409000654297,0.5097330567591438,0.5597387584042259
1795.6089994606843,0.6393815101077838,0.5584704797501029
1795.8090011002373,0.6268821461730418,0.5572021831296553
1796.0089999066247,0.6095779126955811,0.5559339044755323
1796.2090015461774,0.42317139133295356,0.5547864650017742
1796.4090003525648,0.5050094160415721,0.5536390417823118
1796.8090007985052,0.6564474767980997,0.55134417908909
1797.0089996048926,0.5174828452716014,0.5501967558696275
1797.2090012444453,0.543279397807213,0.5490493163958695
1797.4090000508327,0.5770307560209993,0.547901893176407
1797.6090016903856,0.47606658482886033,0.5469504343668737
1797.809000496773,0.561899651300731,0.5459989890354319
1798.0089993031604,0.5456259233401433,0.5450475437039899
1798.2090009427131,0.5432968206088411,0.5440960848944577
1798.4089997491008,0.6068823658865412,0.5431446395630146
1799.0089990014285,0.4585500192689711,0.5402902900905975
1799.2090006409812,0.4922847194224218,0.5412916071679776
1799.4089994473686,0.5986078983479715,0.5422929100609897
1799.6090010869214,0.5630936452061555,0.5432942271383698
1799.8089998933087,0.5634186935052199,0.5397812383865581
1800.0090015328615,0.5303866576013743,0.543951306157
1800.209000339249,0.6123557190680344,0.5400264875941989
1800.6090007851892,0.46195484700228384,0.5403018609588521
1800.8089995915766,0.4659627896186507,0.5427128461231259
1801.209000037517,0.6209784431414231,0.5475348506054782
1801.4090016770697,0.5301982319967511,0.5429227623677928
1801.609000483457,0.586849202980126,0.5492243968686434
1801.8089992898445,0.525304718963314,0.5433378506416826
1802.0090009293974,0.5298030269964755,0.550291011474382
1802.2089997357848,0.5756566489163077,0.5442319994610809
1802.4090013753375,0.48971562092366483,0.5512853746527622
1802.6090001817252,0.6229251087270775,0.545572358200026
1803.0090006276653,0.49650775383979884,0.5466561296104206
1803.2089994340527,0.4881826471277968,0.5530460751057795
1803.4090010736054,0.6086140061704306,0.549120890797143
1803.608999879993,0.5308733323101933,0.5549316943864948
1803.8090015195457,0.6385521980501636,0.5507442703136682
1804.0090003259331,0.6152214041899171,0.5561841078767653
1804.6089995782609,0.4970379855526854,0.5504299948919442
1804.8090012178136,0.4991028867921319,0.5555124322743303
1805.009000024201,0.6142221533171863,0.5512747347739051
1805.409000470141,0.5308484283437451,0.5516055352574778
1806.008999722469,0.5832190425624049,0.5544770723127321
1806.2090013620218,0.6092760393826513,0.5536614513965743
1806.4090001684092,0.5683233119122164,0.5528458420342663
1806.6089989747966,0.5825217980010944,0.5520302326719584
1806.8090006143493,0.5984463051878386,0.5522884549585264
1807.2090010602897,0.4197562562169992,0.5528048958737607
1808.0089991190048,0.6348482234728792,0.5538377740463266
1808.6090012044976,0.5083302552311615,0.5546124372481286
1809.009001650438,0.5782876914597832,0.5551288781633629
1809.2090004568254,0.5250368932627225,0.5553870967920287
1809.4089992632128,0.5839087727092771,0.5556453154206946
1809.6090009027657,0.5757831304762142,0.555903537707263
1809.8089997091529,0.550130648550244,0.5561617563359286
1810.0090013487059,0.4785765987503421,0.5564199786224969
1810.2090001550932,0.514253509040179,0.5566781972511627
1810.4089989614808,0.6391414478410837,0.5580652873248273
1810.6090006010336,0.5926515279160149,0.5594523970478852
1810.808999407421,0.5492080713045215,0.5608394871215481
1811.0090010469737,0.6044821422150051,0.5585353216063158
1811.4090014929138,0.49583188878506057,0.5609370804309106
1811.6090002993014,0.5342348025371653,0.562137951337494
1811.8089991056888,0.637484619205404,0.5613868791856318
1812.0090007452416,0.6152463081563653,0.5606357963941482
1812.208999551629,0.612261589389778,0.559884724242286
1812.6089999975693,0.5354621790625025,0.5588668535815593
1812.809001637122,0.5475671692375048,0.5584434821536982
1813.0090004435094,0.5788998834894876,0.5580201167231944
1813.2089992498968,0.5429126877325015,0.5575967512926905
1813.4090008894498,0.5737477549005927,0.5560231722787721
1814.0090001417775,0.4188521990104128,0.5540420010163665
1814.4090005877176,0.6234883573140415,0.5511601608577439
1815.0089998400454,0.5681182947465011,0.5477716700906631
1815.209001479598,0.6071833082100717,0.5467978727465628
1815.6089990923729,0.45414042122577314,0.5448554511553659
1816.209001177866,0.6062478966104798,0.5419417912523977
1816.4089999842533,0.5020227687969392,0.5409705804567992
1816.609001623806,0.5179297201835737,0.5399993559031149
1816.8090004301937,0.5139098742027368,0.5396236802112753
1817.4089996825212,0.5825652220066768,0.5384966478139692
1817.6090013220742,0.6149386826589289,0.538120966800341
1818.0090017680143,0.49359508700283783,0.5373696100948742
1818.2090005744017,0.4843067720077361,0.5386740309168259
1818.8089998267294,0.6137492772012614,0.5385519998824222
1819.4089990790571,0.4085858796506727,0.5424796114134214
1819.8089995249973,0.5996035250119647,0.5424831955808996
1820.6090004168777,0.4556299045168135,0.5467660229292202
1821.009000862818,0.6235086728327346,0.5483808715140935
1821.2089996692055,0.5619512879628061,0.5492926140086037
1821.4090013087582,0.6031229309407156,0.5502043694187773
1821.6090001151456,0.5769375573321405,0.5511161119132876
1821.8090017546983,0.603375029570369,0.5520278673234611
1822.2089993674733,0.5201423494910173,0.5496583044282595
1822.409001007026,0.5400295798089925,0.5532687478204732
1822.6089998134134,0.5950137140206362,0.5496597674116028
1822.8090014529662,0.5669103692496993,0.5528368352381428
1823.0090002593538,0.5533424954807948,0.5514296514048109
1823.2089990657412,0.497863407404596,0.5500224675714807
1823.6089995116813,0.5853985884965329,0.5484413695157355
1823.8090011512343,0.5474960482972744,0.5482674727639907
1824.0089999576217,0.5616095151041627,0.5481115492165112
1824.2090015971744,0.6029428177414466,0.5479556234602325
1824.6089992099494,0.4268892310023755,0.5476437763652733
1825.2090012954422,0.5953120961233171,0.545458544745884
1825.4090001018299,0.5369544553217445,0.5481765682990094
1825.6090017413826,0.6193963596547096,0.5466393018675384
1825.80900054777,0.5901636249927797,0.5451020572125389
1826.20900099371,0.4275653288044605,0.546941843607339
1826.6090014396505,0.590025140319538,0.5471693707667598
1826.8090002460378,0.6048071905140731,0.5426406393299885
1827.4089994983656,0.39647995848627104,0.5438990504899273
1827.8089999443057,0.6350327921214163,0.5478925832824064
1828.209000390246,0.5793598587523014,0.5489383836251331
1828.4089991966334,0.5831923098667797,0.5431392174032794
1828.6090008361862,0.5017642529903483,0.5486750133738134
1828.8089996425738,0.5207907503584561,0.5422918508012273
1829.0090012821265,0.47322959413026844,0.548844519943847
1829.209000088514,0.5655583398936361,0.5430495099246713
1829.4090017280666,0.5079581254681553,0.5501726428221048
1829.609000534454,0.5872786218408486,0.544462918081889
1829.8089993408416,0.5519591449813479,0.5517410274647911
1830.0090009803944,0.5596988256088924,0.5453797431431013
1830.2089997867818,0.5895144593840502,0.5526130652859429
1830.6090002327219,0.5222192870934226,0.5521160166952388
1830.8089990391095,0.6105467734143293,0.5457132700956304
1831.0090006786622,0.5298962921845778,0.5511656760156267
1831.2089994850496,0.531563128956309,0.5451231558145544
1831.4090011246026,0.5009174183822385,0.5502470554748573
1831.6089999309897,0.5085684555190593,0.5453422043205105
1832.00900037693,0.6000624695365175,0.5463238993931281
1832.4090008228704,0.5016210136212447,0.5468518701317588
1832.6089996292578,0.5112169541137845,0.548056243315261
1833.009000075198,0.5723700900864088,0.550465006743309
1833.2090017147507,0.5307892440176065,0.5500970186245662
1833.6089993275257,0.6192108932663913,0.5493610528127064
1834.2090014130185,0.4945703981481433,0.5504924044313633
1834.4090002194062,0.5239537203455136,0.5501095313069492
1834.8090006653463,0.6383175887213799,0.5493437796343752
1835.0089994717337,0.503411771732031,0.5489609065099615
1835.2090011112866,0.5324560807893359,0.5485780279618008
1835.408999917674,0.5061452896087442,0.5481951548373871
1835.8090003636144,0.554328812250791,0.5482793652440717
1836.0089991700017,0.5615347699551982,0.5483214701491868
1836.2090008095545,0.5906816540946043,0.5470167377603843
1836.4089996159419,0.5147659189559803,0.5457120238540434
1836.6090012554946,0.5331829507633419,0.5444072914652409
1836.8090000618822,0.5328810109511668,0.5439220333023953
1837.009001701435,0.6254692035105229,0.5434367682654262
1837.6090009537625,0.5093524815922965,0.5436792577544889
1837.80899976015,0.5209976295029719,0.5430115530930906
1838.0090013997028,0.46596641382738646,0.542343838973048
1838.6090006520303,0.5987584858834136,0.5440829914235692
1838.808999458418,0.5168244695177364,0.5452864114557592
1839.0090010979707,0.5325761784219285,0.5459986217097013
1839.208999904358,0.5823370298548269,0.5467108218746789
1839.6090003502984,0.5032012351291595,0.5488103913210547
1839.8089991566858,0.6048036328045789,0.5501977505134877
1840.0090007962385,0.5921768895701529,0.551585129359128
1840.4090012421789,0.5783383306332173,0.5543598673972028
1840.809001688119,0.4667836230228062,0.554002814573664
1841.0090004945064,0.6047602087989965,0.5555764119764336
1841.208999300894,0.5408866220508788,0.557150009379205
1841.4090009404467,0.5514069020190764,0.5569848466464901
1841.6089997468341,0.6168088408656818,0.5568196862534226
1841.8090013863869,0.5964016862174617,0.5566545235207077
1842.2089989991618,0.4962890045804329,0.5580852923074678
1842.4090006387146,0.6113999587001313,0.5588006868349193
1842.608999445102,0.5980806258513915,0.5582633422403724
1842.8090010846547,0.5919228624624537,0.5577259900338496
1843.0089998910423,0.5697380500542906,0.557188645439302
1843.4090003369824,0.48301671994601136,0.556446563763495
1843.8090007829228,0.6194369906920922,0.5557044820876875
1844.0089995893102,0.6097505779796499,0.5550585852516687
1844.209001228863,0.6099760104129217,0.5544126792659326
1844.4090000352503,0.4908781939368403,0.5537667824299138
1844.609001674803,0.49469322224969225,0.5531208764441778
1845.2090009271308,0.5984758308516671,0.5498029076799191
1845.4089997335182,0.5975144180481209,0.5484668811788161
1845.6090013730711,0.5804744193121376,0.5471308357516785
1846.008998985846,0.43950217564390925,0.5444587827494723
1846.2090006253986,0.6293312800376931,0.5431227373223364
1846.408999431786,0.6140421066171644,0.5417867108212333
1846.609001071339,0.5990807412142782,0.5404506653940958
1846.8089998777264,0.5152220705123316,0.5391146388929927
1847.009001517279,0.5818873619746547,0.5377785934658567
1847.408999130054,0.41920687272216917,0.535106540463649
1847.6090007696068,0.5396279243821596,0.533770495036513
1847.8089995759942,0.5146117737110494,0.5324344685354099
1848.009001215547,0.5431020443265258,0.5323732098302478
1848.4090016614873,0.4795914436955222,0.5322506932876966
1848.6090004678747,0.5349329780878787,0.5321894354503076
1848.808999274262,0.5024734341657542,0.5321281776129186
1849.2089997202024,0.6058259256649556,0.5320056610703674
1849.4090013597552,0.5099777739728424,0.5319444023652053
1849.6090001661426,0.513354805022642,0.5331386012125928
1849.80899897253,0.5050767797745817,0.5343328000599804
1850.009000612083,0.4210944537305501,0.5355270158242842
1850.6089998644106,0.6195257006820576,0.539109629283363
1851.2089991167381,0.5365823255587383,0.5409287611168223
1851.6089995626785,0.6116549167972298,0.5421415185357445
1851.8090012022312,0.6028467263355246,0.5427479015401284
1852.0090000086186,0.6080699093654065,0.5433542759546661
1852.6089992609463,0.3971320168120638,0.5425972591944098
1853.2090013464392,0.6244995448008641,0.5418402388595598
1853.4090001528266,0.5440531829970503,0.5415879011310057
1853.6089989592142,0.5576635165325161,0.5413355634024514
1853.809000598767,0.5123261614845713,0.5410832220993035
1854.0089994051543,0.5243240546289609,0.5408308843707494
1854.2090010447073,0.5707445825941129,0.5405785430676011
1854.4089998510947,0.5042595040799185,0.5403262053390471
1854.6090014906474,0.5459842545102571,0.5400738640358992
1855.2090007429751,0.42697966997265446,0.5393168472756428
1855.4089995493625,0.6269366755521801,0.5390645095470887
1855.6090011889153,0.6192108932663913,0.5443284566128401
1855.8089999953027,0.5933764361623552,0.5394640037485274
1856.0090016348554,0.5086275400963363,0.5456504283111343
1856.209000441243,0.5960128983941235,0.5390812008570443
1856.4089992476304,0.4810163229721329,0.5460261490332545
1856.6090008871831,0.5233626418254129,0.5387393947487809
1856.8089996935705,0.47428151240333705,0.5466441597467071
1857.0090013331233,0.5924788293823262,0.5400619981898824
1857.2090001395109,0.57579699556835,0.5478918185411139
1857.4089989458982,0.571162995830143,0.5405165205147817
1857.609000585451,0.5802850627181133,0.5470779010582163
1858.0090010313913,0.48892966637238544,0.5448932014327674
1858.2089998377787,0.6164163290847426,0.5393517530265921
1858.4090014773315,0.5558581618379232,0.5426858920647515
1858.609000283719,0.6015990342914961,0.5406761503539829
1859.2089995360466,0.4465400232623846,0.5387526945973509
1859.8090016215397,0.5535152605137288,0.5380734217337648
1860.009000427927,0.5377855296092982,0.5393057355505366
1860.2089992343144,0.5832984426583732,0.5367775340861325
1860.6089996802548,0.49915166398676547,0.5394623681782691
1860.8090013198075,0.6201195721703563,0.5408047947325496
1861.009000126195,0.5846440215878808,0.540955165080384
1861.2090017657479,0.5058469407556831,0.5411055375583516
1861.4090005721353,0.5927326902419168,0.5408758170086497
1861.8090010180754,0.44427848376182055,0.540416372655045
1862.008999824463,0.4858148750867777,0.5410334439237034
1862.2090014640157,0.6297727352613727,0.541650523933738
1862.409000270403,0.5570189393715399,0.5422675952023956
1862.6089990767905,0.5107238622280317,0.5428846664710534
1862.8090007163432,0.5844296945281648,0.5435017464810878
1863.408999968671,0.5099795362027795,0.5449860343757909
1863.809000414611,0.5988895891406987,0.5456836446829385
1864.0089992209987,0.5763169198985949,0.5408032984995845
1864.2090008605514,0.46372602108604966,0.5450376377882442
1864.4089996669388,0.49622426756751636,0.5396038516562474
1864.6090013064916,0.5672704626497485,0.5452983813194727
1864.8090001128792,0.5038707162565803,0.5392913384644586
1865.2090005588193,0.5968404149721831,0.5391100615284419
1865.4089993652067,0.49622975375505085,0.5443142590244907
1865.6090010047596,0.5754598444070833,0.5380410197003389
1865.808999811147,0.4998591494314777,0.5427184766937483
1866.0090014506998,0.5385307866239497,0.5369894671731057
1866.4089990634748,0.5830555874234733,0.5386047993150483
1866.808999509415,0.5072331174729534,0.534319688820668
1867.0090011489676,0.507273748510336,0.533428177031722
1867.208999955355,0.6263244835224757,0.5325366778716738
1867.4090015949077,0.4963129775574817,0.5314667030172973
1867.6090004012954,0.5186528661999787,0.5303967433198736
1867.8089992076827,0.6109687443598517,0.5293267836224512
1868.4090012931758,0.4318585864222886,0.5261168742162745
1869.0090005455033,0.6180703315026008,0.5220837948861092
1869.208999351891,0.6102419741347127,0.523680242209279
1869.608999797831,0.41703766742030624,0.5205474481084923
1870.2089990501588,0.6122293372569931,0.5207343650377515
1870.4090006897115,0.5578112446005132,0.5194558052705679
1870.608999496099,0.6024919861245266,0.5181772636150921
1870.8090011356517,0.3974025357319899,0.5187287998564081
1871.0089999420393,0.449716891591196,0.5192803282848217
1871.4090003879794,0.5426274059806637,0.5201172792764623
1871.8090008339195,0.49053382760772557,0.5208833084907141
1872.0089996403071,0.44272323271959735,0.5213639161463963
1872.6090017258002,0.6043307899382722,0.5246139054768649
1872.8090005321876,0.5469918842875856,0.5259985831025248
1873.008999338575,0.5537719143415192,0.5273832607281845
1873.2090009781277,0.5754266612849008,0.5287679579690647
1873.609001424068,0.44012274657821315,0.5315373328356063
1874.4089994827832,0.5884661653197174,0.5370760629534673
1875.009001568276,0.5178078270714241,0.5412301350608876
1875.2090003746634,0.6006303730704801,0.5426148126865473
1875.408999181051,0.5987714199861482,0.5439994903122086
1875.6090008206038,0.533316846988825,0.5453841875530889
1875.8089996269912,0.5385880757216697,0.5467688651787487
1876.0090012665441,0.5238511452634125,0.5481535624196304
1876.2090000729313,0.47906786190691797,0.5495382400452886
1876.8089993252593,0.6122495862764428,0.5504390387889746
1877.009000964812,0.5150530294369986,0.5510915324408594
1877.2089997711994,0.5762595310520116,0.5517440168497081
1877.6090002171395,0.500326406361383,0.5518254429748226
1878.2089994694672,0.6287042254272119,0.5501122323048191
1878.40900110902,0.6199689181356725,0.5495411566883568
1878.80900155496,0.40175491117671314,0.5483990135451242
1879.208999167735,0.5958596841385884,0.5466315749033732
1879.4090008072878,0.6007643025455849,0.545435186840706
1879.8090012532282,0.5064323668401389,0.5430424276630574
1880.2090016991683,0.5724549098706682,0.5406496684854101
1880.409000505556,0.533612303124821,0.5394532973704287
1880.809000951496,0.5893233073104689,0.537854482956441
1881.0089997578834,0.5777593882249388,0.5370550814115729
1881.4090002038238,0.3924110693138285,0.5354562669975843
1881.6089990102112,0.6101532641447456,0.5346568654527162
1881.809000649764,0.5133779467591548,0.5338574525835966
1882.0089994561513,0.5539151204610029,0.5343810881925036
1882.4089999020916,0.45616728489830827,0.5354283668280937
1883.0089991544191,0.5852866702708095,0.5369992810725902
1883.2090007939719,0.5329428884966418,0.5375229240992727
1883.6090012399122,0.6110452849883767,0.5380116340244263
1883.8090000462996,0.4784582633476866,0.5382559872562599
1884.0090016858526,0.4986891285031021,0.5385003439495799
1884.20900049224,0.6045533296544789,0.5387446971814135
1884.4089992986274,0.5768801684855589,0.5389890504132471
1884.8089997445677,0.4830396954344156,0.5394777603384007
1885.0090013841204,0.6065174512913831,0.5397221170317203
1885.2090001905078,0.5593654649044719,0.5399664702635539
1885.4089989968952,0.5513128388400617,0.5402108234953875
1885.609000636448,0.5754516317505942,0.5402786845257821
1885.8089994428356,0.5320968518794444,0.540346544594877
1886.0090010823883,0.5548653946413715,0.5404144056252715
1886.4090015283284,0.5197841180697704,0.5405501267247609
1886.609000334716,0.41595343051521105,0.5406179867938559
1886.8089991411034,0.5554462322780704,0.5406858468629506
1887.0090007806562,0.4980805939317534,0.5407537078933452
1887.2089995870435,0.6039013710775514,0.5408215679624401
1887.6090000329839,0.4983796742764852,0.5409572890619295
1888.2089992853116,0.5910852047498558,0.5411608702305138
1888.4090009248644,0.5044404817693433,0.5412287312609084
1888.6089997312517,0.5939582380380735,0.5412965913300032
1888.8090013708045,0.5617184408639577,0.5413644523603978
1889.2089989835795,0.3902557623537213,0.5429795191662197
1889.8090010690723,0.6274575973710697,0.5454021422538442
1890.2090015150127,0.595063588452776,0.5470172204991126
1890.4090003214,0.4718813219814244,0.5471105406625946
1890.8090007673402,0.6015242226432864,0.5472971823115236
1891.0089995737278,0.5936976940045771,0.5473905024750055
1891.2090012132805,0.5854188042663591,0.5474838239604526
1891.409000019668,0.5621653822751718,0.5475771441239345
1891.8090004656083,0.4207195642489676,0.546594524634373
1892.2090009115484,0.618675241865212,0.545611905144812
1892.4089997179358,0.6043446550304079,0.5451205988799319
1892.6090013574885,0.5774638323400776,0.5446292856552509
1892.8090001638761,0.5049945202111719,0.5441379793903703
1893.0089989702635,0.5140327648035274,0.5436466731254903
1893.2090006098163,0.5826973560022246,0.5426865012750853
1893.4089994162036,0.564169370208166,0.541726343026197
1893.6090010557564,0.5175280647567408,0.5407661711757922
1893.808999862144,0.5816472997079565,0.5398060129269027
1894.0090015016967,0.5449045728032971,0.5388458410764978
1894.6090007540245,0.49843516789464637,0.5359653527283151
1894.8089995604118,0.5915701172287395,0.5350051944794268
1895.0090011999646,0.49734348307435283,0.5340450226290219
1895.2090000063522,0.5665575575167416,0.5330848643801325
1895.409001645905,0.5459870474784569,0.5378733418594859
1895.8089992586797,0.48948945699872226,0.5350288479954013
1896.0090008982324,0.506802701123588,0.5373409376722533
1896.20899970462,0.499956005578694,0.5396529945967146
1896.4090013441728,0.582685253140026,0.5391823794550454
1896.6090001505602,0.5611053510944739,0.5442256219925915
1896.8089989569476,0.4586440824479876,0.5492688645301376
1897.0090005965003,0.4822593933187811,0.5543121785098101
1897.208999402888,0.6119633070359605,0.5593554210473618
1897.4090010424407,0.5081806651843621,0.5643987350270344
1897.608999848828,0.5956425641106744,0.5694419775645805
1898.2089991011558,0.4729516272951422,0.5911234868123468
1898.4090007407085,0.5481480401238255,0.6027186037959535
1898.608999547096,0.509370004142788,0.6143135565264881
1898.8090011866489,0.5130713187503613,0.6426210324732762
1899.4090004389764,0.7753640495877843,0.7287337821112269
1899.608999245364,0.6782360867173445,0.7582319808512126
1899.8090008849167,0.8962128908770488,0.7877305974600319
1900.008999691304,0.7481640637813847,0.8172287961999842
1900.4090001372442,0.9829249775905708,0.8762256115487558
1900.6089989436318,0.9451692344699119,0.9057238102887415
1900.8090005831846,1.0399028588518124,0.9352224268975609
1901.008999389572,1.0248410795922176,0.9647206256375132
1901.2090010291247,1.0438555738469883,0.9942192422463325
1901.408999835512,1.0248750274556944,1.0064003158348518
1901.609001475065,1.1575303770684133,1.018581561979393
1901.8090002814524,0.8914911121382776,1.0307626355679123
1902.0089990878398,1.0976084413275888,1.0429437091564315
1902.2090007273928,1.0703971174002813,1.0551249553009727
1902.609001173333,1.0117320173493773,1.0794872750340194
1903.009001619273,1.2413687322516687,1.1038495947670661
1903.2090004256606,1.2342320335086931,1.1095044863457375
1903.6090008716008,1.0428561567261507,1.12081434960976
1903.8089996779881,1.250896311522558,1.126469241188425
1904.0090013175409,1.1622317737892516,1.1321242128737825
1904.4089989303159,1.0879801822030224,1.1401181222669858
1904.808999376256,1.248379747425652,1.1447961910303688
1905.0090010158087,1.0426891106281069,1.1471352419792196
1905.409001461749,1.2630695299207275,1.1494925139652086
1906.0090007140768,1.043278127671675,1.149547275962405
1906.2089995204642,1.2303330499017413,1.1481976630225634
1906.409001160017,1.175738767501322,1.1468480309642244
1906.6089999664046,1.2209247037732887,1.1454984180243812
1907.0090004123447,1.032324771384399,1.1427991730262006
1907.208999218732,1.176936551863589,1.1414495600863588
1907.4090008582848,1.0656485727162632,1.14009992802802
1907.8090013042251,1.2050167216483914,1.1391524556621064
1908.0090001106125,1.00414006478983,1.1386787228345785
1908.2090017501653,1.0641904105686049,1.1382049832961934
1908.4090005565527,1.0918155260345639,1.1377312504686654
1908.6089993629403,1.182000735203811,1.137257517641137
1908.809001002493,1.1040136151495616,1.1373930317092682
1909.0089998088804,1.1091169000445813,1.137528543857746
1909.2090014484331,1.093574597256131,1.1376640579258772
1909.6089990612081,1.2087725656351047,1.1379350822228333
1910.0089995071485,1.1766666979360902,1.1382061084394426
1910.209001146701,1.0610883206383797,1.1383416225075735
1910.4089999530886,1.1024300686795065,1.1384771346560518
1910.8090003990287,1.247701721145523,1.1387481608726608
1911.209000844969,1.0048215822802096,1.13901918708927
1911.4089996513565,1.1348551992434537,1.1391546992377481
1911.8090000972966,1.195241698694847,1.1394257254543572
1912.209000543237,1.0890256832991572,1.138159564776969
1912.4089993496243,1.2318420507205587,1.1375264889223236
1912.609000989177,0.979391673320066,1.1368934040995815
1913.0090014351174,1.2031743601251517,1.1368941828473953
1913.2090002415048,1.1919633192718209,1.1375280284708544
1913.8089994938325,0.999283525335418,1.1393811791661104
1914.2089999397726,1.2437392307616477,1.1406450746484258
1914.609000385713,1.0222874089177996,1.1419535611729246
1914.8089991921004,1.2119373311017156,1.1426077998012303
1915.009000831653,1.1700657170935393,1.1432620476974225
1915.2089996380405,1.2018786223781621,1.1439162863257284
1915.4090012775932,1.1762752501430374,1.1431998572935411
1915.6090000839808,1.2018778576368696,1.1424834384100793
1915.8090017235336,1.1496530097585431,1.141767009377892
1916.009000529921,1.2427639861155875,1.141050590494431
1916.2089993363084,1.0197987412532736,1.14033417161097
1916.409000975861,1.1322380217921122,1.139382111832554
1916.6089997822487,1.183434924374417,1.1384300655407404
1916.8090014218014,1.137487239275572,1.1374780057623244
1917.009000228189,1.2463407143916747,1.1365259594705106
1917.2089990345764,0.9743966491924123,1.135573913178698
1917.4090006741292,0.9948849329169125,1.134621853400282
1917.6089994805166,1.208685717623938,1.1336698071084694
1917.8090011200693,1.1650807011019335,1.1327177473300534
1918.008999926457,1.1414792885728975,1.1317657010382398
1918.409000372397,0.9894446963583583,1.1303841913616794
1918.6089991787844,1.0170003866147805,1.1299547414635351
1918.8090008183372,1.264283074603549,1.1295252854818416
1919.0089996247248,1.1595103255251153,1.1290958355836969
1919.409000070665,1.2183787137614228,1.1282369297038592
1919.6090017102176,1.0567932675409946,1.1278074737221657
1920.0089993229926,1.2308179623806232,1.1269485739258767
1920.408999768933,1.1139567814386577,1.1260896680460384
1920.8090002148729,1.01725913516872,1.1231456038607033
1921.0089990212605,1.2522277926125795,1.1216735821942976
1921.2090006608132,1.0189934021727023,1.1202015396753648
1921.4089994672008,1.167894649812876,1.1187295180089591
1921.6090011067536,1.0988412707908406,1.1172574754900264
1921.808999913141,1.1434362615411953,1.1157854538236223
1922.0090015526937,1.0048197868006525,1.1143134113046897
1922.209000359081,1.0657778472443677,1.1128413896382856
1922.4089991654687,1.004684028596369,1.1135745688519902
1922.8089996114088,1.256957152265036,1.1150409376655497
1923.209000057349,0.9899831074781158,1.1165073064791091
1923.409001696902,1.0269316495394047,1.1172404960789655
1923.6090005032893,1.0340275842465125,1.1179736752926692
1923.8089993096767,1.2373217878293676,1.118706854506373
1924.0090009492294,1.2044967973181464,1.1194400441062287
1924.8089990079447,1.0124754123852302,1.1223727713471974
1925.0090006474975,1.2306442996079134,1.1231059609470528
1925.2089994538849,1.1582378625131273,1.1238391401607566
1925.608999899825,1.217620356395928,1.125305508974316
1925.8090015393777,0.985927119158788,1.1256283658473647
1926.0090003457653,1.0998072720421437,1.125951218146917
1926.2089991521527,1.0167668080242596,1.1262740704464687
1926.6089995980929,1.156465690940717,1.1284985392450917
1926.8090012376456,1.1494443351344703,1.1296107815222542
1927.0090000440332,1.0527853914238712,1.1307230080437158
1927.209001683586,1.210950216340807,1.1318352503208784
1927.4090004899733,1.1518638435864315,1.1329474768423389
1927.6089992963607,1.113021303339826,1.1340597033637991
1928.008999742301,1.1970369787541486,1.1362841721624233
1928.2090013818538,1.164428742525006,1.137396414439586
1928.8090006341815,0.9788995789229542,1.140225388673002
1929.008999440569,1.2188096953543521,1.140829901300024
1929.2090010801217,1.151857426409494,1.1414344224905184
1929.4089998865093,1.224729457953119,1.142038935117541
1929.609001526062,1.1885685329241777,1.1426434563080352
1929.8090003324494,1.1861407120668606,1.1432479689350572
1930.2090007783895,1.0055650438153059,1.1417925655688435
1930.4089995847771,1.2575287132573578,1.1410648690399778
1930.6090012243299,1.212483190136675,1.1403371622026288
1930.8090000307172,1.203657277626748,1.139609465673764
1931.0090016702702,1.0149401735719543,1.1388817588364142
1931.2090004766574,1.2268950390462443,1.1381540623075503
1931.408999283045,1.0701660990306099,1.137426365778685
1931.6090009225977,1.1668186920635168,1.1366986589413357
1931.808999728985,1.0861250195755332,1.135970962412471
1932.009001368538,1.1414496631602056,1.135243255575121
1932.2090001749254,0.9830560808478559,1.1356686011498744
1932.4089989813128,1.1317828677244055,1.1360939467246278
1932.6090006208656,1.0205298671788192,1.136519298324789
1933.009001066806,1.2500624442668027,1.137369995499704
1933.409001512746,1.156553303693176,1.1382206926746186
1933.6090003191334,1.2206680166958765,1.139268671460627
1934.0090007650738,1.0565689323452307,1.1413646438782195
1934.6090000174013,1.2226108253254466,1.140403995815964
1934.8090016569543,1.0734399565051245,1.1399541751264823
1935.0090004633416,1.2169768764724616,1.1395043608090312
1935.208999269729,1.1322860342454515,1.1385100545477105
1935.409000909282,1.2324079592772375,1.1375157342011342
1935.6089997156691,1.2017283008396937,1.1353514600628845
1935.809001355222,1.1981562275106068,1.1331871552657145
1936.0090001616095,1.1683673596806976,1.1310228811274623
1936.208998967997,1.1777704191193443,1.1286948034576785
1936.4090006075498,1.0449469594206917,1.1263666928085556
1936.6089994139372,1.1469314949951652,1.1240386151387747
1936.80900105349,0.9907672000505947,1.1217105044896518
1937.0089998598773,1.01197587007292,1.1193824268198707
1937.20900149943,1.1492919188698512,1.1170543161707478
1937.4090003058177,0.9524897038705102,1.117086019572501
1937.608999112205,1.226198625725468,1.1171177229742542
1937.8090007517578,1.001448175439144,1.1171494268251148
1938.0089995581452,1.013313934587984,1.117181130226868
1938.8090004500257,1.219713021069266,1.1237851035353479
1939.209000895966,1.1571166187793835,1.1270870901895886
1939.4089997023534,1.1908458992445414,1.1293194370646706
1939.6090013419062,1.1697627797927233,1.1315518155629805
1939.8090001482938,1.0341864509376872,1.1337841624380651
1940.008998954681,1.0579117183065385,1.1350687192137943
1940.2090005942339,1.0754078685988695,1.1363532941864438
1940.4089994006213,1.0656817558384457,1.1373242486296213
1940.609001040174,1.2582343367232696,1.1382952168272535
1940.8089998465616,1.0926918198072588,1.1392661712704322
1941.2090002925017,1.2304808112193601,1.1412080939112417
1941.4089990988891,1.0688161976503174,1.1421790483544192
1941.6090007384419,1.1803531499628868,1.1431500165520514
1941.8089995448295,1.1679712569406444,1.14412097099523
1942.0090011843822,1.17193398007187,1.1426011236232543
1942.2089999907696,1.071938303852642,1.1410812977809965
1942.8089992430973,1.208191561750299,1.136669631084695
1943.00900088265,1.137420640283855,1.1337834354411036
1943.2089996890375,1.174489213478493,1.1308972806825242
1943.4090013285904,1.1874197585038946,1.1280110850389293
1943.6090001349778,1.1351895574365187,1.12512493028035
1943.8089989413652,1.2067529503800394,1.122205180159564
1944.009000580918,1.0461964469442755,1.1192853886778567
1944.2089993873055,1.0740872601350535,1.1163656385570673
1944.4090010268583,1.1599617556352229,1.1134458470753599
1944.8090014727984,1.0232367521087689,1.1076063054728664
1945.0090002791858,1.0588525828440432,1.1046865553520804
1945.2089990855734,1.0151508764229327,1.101766805231291
1945.4090007251261,1.0645643358111663,1.1020141426045316
1945.6089995315135,1.0620440810062828,1.1022614764740624
1945.8090011710665,1.0024945742750564,1.1025088138473031
1946.0089999774536,1.0478216219403595,1.1027561477168337
1946.2090016170064,1.2000160450850945,1.1049908620894957
1946.409000423394,1.0145459660603215,1.1072255448058428
1946.6089992297814,1.2386323881571357,1.1094602275221876
1946.8090008693343,1.2070150238961226,1.111694941894852
1947.0089996757217,1.0926031763165351,1.1139296246111967
1947.2090013152745,1.2448512311006343,1.1161643389838585
1947.4090001216618,0.9912048648174316,1.1183990217002033
1947.6089989280492,1.0286316694333184,1.120633704416548
1947.8090005676022,1.2391144744181979,1.122750464216863
1948.0089993739896,1.025408816878075,1.1248671940317692
1948.2090010135423,1.1451343862066885,1.126983953832082
1948.4089998199297,1.0464521697826665,1.129100683646988
1949.0089990722574,1.234886785053824,1.1354509030771152
1949.4089995181976,1.1421294516702698,1.139684392692334
1949.808999964138,1.1527124736740966,1.143917882307555
1950.2090004100783,1.2243109782178454,1.1435561658135802
1950.6090008560184,1.0986409085721238,1.1431944493196056
1950.8089996624058,1.1568563407428574,1.1430135923536202
1951.0090013019585,1.1856419677454646,1.1424898066154112
1951.2090001083461,1.0547440933724825,1.1419660282969988
1951.6090005542862,1.1964321016411592,1.1409184642403778
1951.8089993606736,1.0780952027514221,1.140394685921966
1952.0090010002264,1.1205633149679883,1.139870900183757
1952.208999806614,1.1810449748359062,1.1393471218653446
1952.4090014461667,1.035229059316757,1.1388233361271356
1952.609000252554,1.1327525264340643,1.1382995578087236
1953.0090006984942,0.9866926584425109,1.1382712449956045
1953.4090011444346,1.2101476702284373,1.1392621689875695
1953.608999950822,1.1897588361216247,1.1397576274742411
1953.8090015903747,1.1413158334339641,1.1402530929795338
1954.0090003967623,1.1847833627713698,1.1407485514662061
1954.2089992031497,1.0852004473525287,1.1412440099528778
1954.60899964909,1.2658511599996434,1.1422349339448428
1954.8090012886428,1.186008677820178,1.1427303994501354
1955.0090000950302,1.1752067735584983,1.143225857936807
1955.209001734583,1.258860393845108,1.1407955425728686
1955.608999347358,1.1553491021539735,1.1359349806992771
1955.8090009869106,1.2123002174699646,1.1324244691285221
1956.2090014328508,1.0452885992808483,1.1254034957159036
1956.4090002392384,1.1846160174267286,1.1218930338740358
1956.6089990456258,1.0283363130461876,1.118382572032172
1956.8090006851785,1.0668980602398452,1.114872060461417
1957.0089994915659,1.1537514245948106,1.1113615986195533
1957.2090011311186,1.1123482645029092,1.1078510870487985
1957.4089999375062,1.0407995346424386,1.1043406252069308
1957.609001577059,1.1004617908399226,1.1008301136361758
1957.8090003834463,1.0999393062888263,1.097319651794312
1958.0089991898337,1.0058855036666134,1.0938091899524482
1958.2090008293865,1.132553859946043,1.0902986783816935
1958.408999635774,1.012005362487125,1.0867882165398257
1958.6090012753268,1.056086081342876,1.083277704969071
1958.8090000817142,1.1336805233680778,1.0797672431272072
1959.009001721267,1.0856521767092282,1.0762567315564522
1959.2090005276546,1.1481847729755916,1.0727462697145844
1959.6090009735947,0.9547947006262785,1.067540235421748
1960.0090014195348,1.147760873552027,1.0641491145387914
1960.2090002259224,0.970765391537185,1.0671109575658413
1960.4089990323098,1.1748327818166953,1.0631542858657141
1960.6090006718625,1.0554256773621056,1.0671315723311245
1960.8089994782501,1.0798332934618688,1.0631293154000208
1961.2089999241903,1.008014077931092,1.066888774719503
1961.409001563743,1.0167390445903663,1.0687685176931918
1962.0090008160707,1.0814549107484588,1.0760246688011699
1962.2089996224581,1.06968148579832,1.0795057083291542
1962.4090012620109,1.1201359243341749,1.0829867971692355
1962.6090000683985,1.0045417202166629,1.0864678366972238
1962.8090017079512,1.0671049393843628,1.0899489255373052
1963.0090005143386,1.106354754243819,1.0939237323329885
1963.208999320726,1.0040097262738392,1.0978985391286717
1963.6089997666663,1.1522971526528618,1.1058482090268031
1963.809001406219,1.0678021174464316,1.109823072129247
1964.2089990189938,1.1791242107053428,1.1177726857206136
1964.4090006585466,1.1451917085540266,1.1217475488230573
1964.809001104487,1.1904322074547533,1.129697218721189
1965.0089999108745,1.169510681163068,1.1309413139315234
1965.4090003568144,1.100179401805148,1.1334295219759305
1965.608999163202,1.2127987955432555,1.1319853162278564
1965.8090008027548,1.052691261745613,1.1305410900212933
1966.2090012486951,1.2257792150007951,1.1276526580666562
1966.4090000550825,1.0853131635691629,1.1262084523185836
1966.8090005010226,1.222833431540895,1.1233200203639482
1967.0089993074102,1.113268747022481,1.121875814615874
1967.209000946963,1.121540421592849,1.120431588409311
1967.609001392903,1.0231480421188035,1.1176939746943721
1967.8090001992905,1.0810588080084056,1.1164005850495486
1968.008999005678,1.0367224328135052,1.1151071954047238
1968.8089998975584,1.158164680096366,1.113814004510087
1969.0090015371113,1.0410202123798467,1.1144608124498614
1969.2090003434987,1.1641351483678086,1.1147588938984179
1969.4089991498863,1.111655442141247,1.1150569753469748
1969.609000789439,1.1342384187659924,1.1153550610181266
1969.8089995958264,0.9777618433769835,1.1162830114606386
1970.0090012353792,1.228067686694713,1.117210975048414
1970.2090000417666,1.155822011519522,1.118138925490926
1970.4090016813193,0.995010583236283,1.1190668890787014
1970.609000487707,1.1841781531621667,1.1199948395212143
1970.8089992940943,1.1357852244043727,1.1209227899637262
1971.2089997400344,1.1359725527714897,1.1227787039940136
1971.6090001859748,1.1068710211157082,1.1220939574803952
1971.8089989923621,1.216494557464049,1.1217515866485837
1972.009000631915,1.0420628207589164,1.1214092109667773
1972.2089994383023,1.2279782784626985,1.1210668401349657
1972.4090010778552,1.20303308248371,1.1207244644531589
1972.6089998842426,1.0245748166238346,1.1203820936213473
1972.8090015237954,1.0918921331623306,1.120039717939541
1973.0090003301827,1.0766823265881467,1.1196973471077294
1973.2089991365704,1.1885620824976222,1.1193549762759176
1973.6089995825105,1.0319544371009517,1.1186702297622997
1974.0090000284508,1.1457827870741255,1.1179854832486813
1974.2090016680036,1.1694802910090853,1.117643107566875
1974.409000474391,1.0327522617670795,1.1173007367350634
1974.6089992807783,1.0373512164043017,1.1169583659032518
1974.809000920331,1.150765941086929,1.1166159902214454
1975.0089997267187,1.056442317786841,1.1162736193896334
1975.6089989790464,1.2515758340356502,1.1173462965810705
1975.8090006185992,0.9613432468158418,1.1180538330404488
1976.0089994249865,0.986827618655882,1.118584443365694
1976.2090010645393,1.1406934005208615,1.1191150612075178
1976.4089998709267,1.1243764813020398,1.1196456715327627
1976.809000316867,1.2367050406015299,1.1206555417582906
1977.0089991232544,1.0931397587071157,1.121134794141994
1977.4089995691947,1.2057776392347375,1.122093305698448
1977.6090012087475,0.9232762872386306,1.1225725648711982
1977.8090000151349,1.0373077923987193,1.1230518172549016
1978.0090016546876,1.1382831354636576,1.1235310764276516
1978.209000461075,1.0161832439186025,1.1239020267026836
1978.6090009070153,1.194038494644289,1.1246439325075965
1978.8089997134027,1.190463528598137,1.1250148827826283
1979.0090013529555,1.2512452662994278,1.125385838312509
1979.2090001593428,1.0163919185426753,1.1257567885875408
1979.4089989657305,1.0481863702874072,1.1261277388625732
1979.6090006052832,1.2241383794330218,1.1256499479987858
1979.8089994116706,1.119546674543253,1.1251721639032457
1980.0090010512235,1.2250626524094326,1.1246943730394579
1980.4090014971637,0.9915327725839393,1.1237387980801303
1980.609000303551,1.2541292387130945,1.1232610139845902
1980.8089991099387,1.1260747057163965,1.1227832298890494
1981.0090007494914,0.9879727356178094,1.122305439025262
1981.2089995558788,1.246408111374306,1.121827654929722
1981.4090011954315,1.1156135768247175,1.1213498640659345
1981.8090016413719,0.9950981959887422,1.1203942891066065
1982.4090008936994,1.2162996814328668,1.1189609300517387
1982.6089997000868,0.9151644103488383,1.1184831459561986
1982.8090013396397,1.184380709855894,1.1180053550924107
1983.0090001460271,1.0212271449897532,1.1197385119617358
1983.2089989524145,1.0512431742332478,1.1214716688310609
1983.6089993983546,1.1494673771221198,1.1249380071214576
1983.8090010379076,1.101760454553597,1.1266711885425311
1984.008999844295,1.1730948573543536,1.1284043454118562
1984.2090014838477,1.1282855395442848,1.130137526832928
1984.6089990966227,1.2519859348663243,1.13360384057158
1984.8090007361754,1.190376713836594,1.1353370219926515
1985.0089995425628,1.2284352280099622,1.1370701788619766
1985.2090011821156,1.009438059467925,1.1388033602830483
1985.4089999885032,1.0923474534781459,1.1405365171523754
1985.609001628056,1.1008396395378135,1.1422696985734468
1985.8090004344433,1.1971911239990796,1.1403687761228265
1986.0089992408307,1.1770889016289647,1.1384678536722064
1986.2090008803837,1.2248558397641602,1.136566904293285
1986.408999686771,1.2173377346138015,1.1346659818426648
1986.6090013263238,1.184696514760203,1.1327650324637457
1986.8090001327112,1.2150530533767263,1.1308641100131254
1987.2090005786515,1.0442654419303121,1.127062238183584
1987.408999385039,1.0584444769906547,1.1251613157329636
1987.6090010245916,1.1273177428134247,1.1232603663540446
1988.009001470532,0.9852797157799937,1.1210750246272416
1988.4089990833068,1.1915256877546039,1.1205061941328793
1988.808999529247,0.9534889214936193,1.12171109676044
1989.40900161474,1.1577981362697614,1.1261791046668683
1989.6090004211273,1.1489670035692718,1.1276684265706098
1990.208999673455,1.2227845213477782,1.1310269876088788
1990.6090001193954,1.1527052585062485,1.1332660335873754
1990.8089989257828,1.1966056979146238,1.1328811941115795
1991.0090005653356,1.110890867096547,1.132496349184182
1991.208999371723,1.1739202792062642,1.132111509708386
1991.409001011276,1.0359835264765458,1.1317266647809878
1991.6089998176633,1.1682909520506595,1.1313418253051921
1992.0090002636034,1.0463440087641658,1.1301619081013454
1992.2089990699908,1.0846843799783663,1.1293668358248965
1992.6089995159311,1.232917775722571,1.1277766800090743
1993.0089999618713,1.1928691719579625,1.126186524193253
1993.209001601424,0.9300214051900664,1.1261136682150759
1993.4090004078116,1.0614062535184594,1.1260408132689552
1993.608999214199,1.0098738955055815,1.1259679583228348
1994.0089996601391,1.1443523883603586,1.125822247398537
1994.2090012996919,1.166764262433242,1.12574939142036
1994.4090001060795,1.15642123619687,1.1264534003804947
1994.6089989124669,1.1668225157699812,1.1271574093406287
1994.8090005520198,1.1235212677893305,1.127861428273692
1995.0089993584072,1.180985890258631,1.1285654372338259
1995.8090002502877,1.0239976696951132,1.132322524307587
1996.008999056675,1.1937345266052084,1.1339675645550873
1996.2090006962278,1.1231445163289457,1.1356126281060819
1996.609001142168,1.2116639859639697,1.1389027319045768
1996.8089999485555,1.0518342860029684,1.140547772152079
1997.0090015881083,1.0599691716307866,1.1421928357030735
1997.2090003944957,1.117912987644086,1.1438378759505738
1997.408999200883,1.0250715992175667,1.1454829161980742
1997.8089996468234,1.219420324651848,1.1487730199965709
1998.0090012863761,1.1991710724557851,1.1504180835475655
1998.2090000927635,1.25135326106982,1.150498514096953
1998.6090005387039,1.1534669408338853,1.1506593763351003
1998.8089993450913,1.2253443764517797,1.1507398068844878
1999.2089997910316,1.1057460534243653,1.1478150729417527
1999.4090014305843,1.1220058165439557,1.1463526956125787
1999.6090002369717,1.1362534123236792,1.144890338999019
1999.808999043359,1.2352689894521198,1.1434279823854592
2000.0090006829118,1.0561071948524816,1.1418655882332291
2000.2089994892995,1.1458022713522809,1.1403032162134208
2000.4090011288522,1.1753072539144505,1.1387408220611908
2000.6089999352396,1.1485726298095322,1.1371784500413842
2000.8090015747923,0.9810605050690828,1.1356160558891542
2001.40900082712,1.2023848146147582,1.1309289176973092
2001.6089996335074,1.2111790402354643,1.1316806110750173
2002.0090000794478,0.9922014224708242,1.1331840084788563
2002.2090017190005,1.185792555280905,1.1339357125049863
2002.409000525388,0.9975860989119756,1.1346874058826943
2002.6089993317755,1.180209245601354,1.1354390992604033
2002.8090009713283,1.1562956191271212,1.1361908032865333
2003.2090014172684,1.2428158555250128,1.138406345858973
2003.4090002236558,0.9789779150310363,1.1395141092989536
2003.6089990300434,1.1271699814958058,1.1406218727389352
2004.4089999219236,1.2621682989319645,1.1450529578838147
2004.809000367864,1.0614042252915539,1.1435168918731546
2005.0089991742514,1.1633861341459362,1.1427488643077302
2005.209000813804,1.0972926364232816,1.1419808258624953
2005.4089996201917,1.1798315299019482,1.1412127982970701
2005.6090012597444,1.078003001551206,1.1404447598518352
2006.0090017056846,1.2455463809357958,1.1373328022144233
2006.4089993184596,1.010478872367436,1.1342208666187115
2006.6090009580123,1.1945075138041314,1.1326648767791547
2006.8089997643997,1.1008904449593526,1.1311089089812996
2007.0090014039524,1.208567481970146,1.1295529191417428
2007.20900021034,1.0313079979611768,1.127996951343886
2007.4089990167274,1.0795636722817221,1.126440983546031
2007.8089994626675,1.201234111716433,1.1260468430919737
2008.0090011022203,0.9280295201192708,1.1258497714691151
2008.208999908608,1.0159015531258788,1.1256527026379162
2008.8089991609354,1.258267519845452,1.1239304632576619
2009.0090008004881,1.061797601562649,1.1231678685762685
2009.4090012464285,1.2135553574291915,1.1216426900161762
2009.609000052816,1.0227603515329715,1.1208801061374776
2009.8090016923688,1.0700387197309258,1.1201175114560842
2010.0090004987562,1.0773342186658343,1.1193549275773862
2010.2089993051436,1.1917186353077422,1.1185923436986884
2010.4090009446963,1.1798490524524379,1.117829749017295
2010.608999751084,1.0869302256576177,1.1170671651385962
2011.009000197024,1.236619190079006,1.1137952965836613
2011.6089994493518,1.0253394249181564,1.106267439416883
2012.008999895292,1.2023119314445925,1.1012488561236489
2012.2090015348447,0.9828399915582047,1.0987395467039565
2012.409000341232,1.018929596149185,1.096230272830415
2012.8090007871724,1.136765888738724,1.091211689537178
2013.00899959356,0.9711810118050153,1.0887024156636338
2013.2090012331125,1.024514003066244,1.086193106243944
2013.4090000395,0.9500267714129667,1.0836838323704026
2013.6090016790529,1.0014111021112555,1.0853442471008645
2013.8090004854403,1.230449423576733,1.0870046383103702
2014.0089992918279,0.9637923141812497,1.0886650295198776
2014.2090009313806,1.1373726278305156,1.0903254442503378
2014.408999737768,1.0960496325758733,1.0927761217234246
2014.6090013773207,1.0444979897825686,1.0952268339125912
2014.8090001837081,1.0589450167916095,1.097677511385678
2015.4089994360359,1.2546778242170102,1.1050295785210211
2015.6090010755886,1.0508645607940643,1.1074802907101877
2015.808999881976,1.1823101894304262,1.1099309681832745
2016.009001521529,1.1701110030779223,1.1123816803724438
2016.4089991343037,1.0336156879362814,1.110747701801857
2016.8089995802438,1.1916143312453293,1.1091137116578726
2017.0090012197968,1.0902232016644504,1.1082967107991806
2017.2090000261842,1.1240531952329107,1.1074797215138872
2017.409001665737,1.1702237525441799,1.106662720655196
2017.6090004721243,1.0202742108396716,1.1058457313699026
2017.808999278512,1.0545215536562758,1.1050287420846083
2018.208999724452,1.242900708558894,1.103394751940624
2018.4090013640048,0.9694115334519449,1.1025777510819328
2018.6090001703924,1.0402592947935023,1.1017607617966385
2018.8089989767798,1.1822122692953254,1.1009437725113451
2019.0090006163325,0.9250217261154106,1.1001267716526542
2019.20899942272,1.0351442395324995,1.0993097823673608
2019.4090010622726,1.2166470069782882,1.0984927815086696
2019.6089998686602,0.9822406006327498,1.099585253619655
2020.0090003146004,1.1812027442895747,1.1017702133174865
2020.4090007605407,1.0012636067906069,1.1039551730153192
2020.8090012064808,1.1281968295543194,1.1064364313057853
2021.0090000128682,1.0518989565166414,1.1078251978121239
2021.4090004588086,1.1658038471183385,1.110602750497946
2021.608999265196,1.1188900610193233,1.1119915170042847
2022.0089997111363,1.206474883796048,1.114769069690107
2022.209001350689,1.0107246203193991,1.1144600716819606
2022.6089989634638,1.2204590760748335,1.1138420844200205
2022.8090006030166,1.0065477031269427,1.113533086411874
2023.209001048957,1.1883256776892797,1.11233596048391
2023.4089998553443,1.153609315712833,1.1114478407679418
2023.6090014948973,1.050941167921831,1.1105597084709473
2023.8090003012844,1.0577333673372067,1.10967158875498
2024.008999107672,1.2236341821737096,1.1087834690390106
2024.609001193165,0.9489702979417611,1.106119084729054
2025.0090016391052,1.165142645146652,1.1043428327160922
2025.2090004454926,1.0159069728141699,1.103454713000124
2025.4089992518802,1.0713880891172742,1.1025665932841546
2025.8089996978204,1.176373037279653,1.102935800567489
2026.009001337373,0.9828890015001868,1.104193157959178
2026.408998950148,1.1891845154107248,1.1067078371198356
2026.6090005897008,1.0490518911827582,1.1079651945115245
2027.009001035641,1.175965862415664,1.1112629907512024
2027.2089998420283,1.037017922199123,1.1133034185060338
2027.6090002879687,1.1566890618974597,1.1173843029202175
2027.808999094356,1.0164565890563484,1.1194247306750487
2028.009000733909,1.0906037768312995,1.121465187334401
2028.2089995402962,1.2595085619651947,1.12350561508923
2028.4090011798492,1.0044569004324053,1.1255460717485823
2028.6089999862365,1.1079347097547636,1.1275864995034137
2028.8090016257893,1.23923713227164,1.1294317259307434
2029.009000432177,1.0174715005007702,1.1312769262191316
2029.2089992385643,1.1322048386699297,1.1331221265075175
2029.409000878117,1.108579320165358,1.1349673529348472
2029.8090013240571,1.2106840198716675,1.1386577796505628
2030.0090001304447,1.1289874390525974,1.140502979938951
2030.2089989368321,1.163539581148818,1.1405209279828967
2030.4090005763849,1.2065699444637072,1.140538876281093
2030.6089993827723,1.0906960445307572,1.1405568243250388
2030.8090010223252,1.2041976504741712,1.1405747726232351
2031.0089998287126,1.1883302993866582,1.1405927206671809
2031.2090014682653,1.0921801746327482,1.1388867924242254
2031.4090002746527,1.2099269259917875,1.1371808883469559
2031.809000720593,1.122167476203332,1.133769056026729
2032.0089995269805,1.1973759253949705,1.1320631519494595
2032.2090011665332,1.187814032514769,1.130357223706504
2032.4089999729208,1.007320557327379,1.1284585061023662
2032.6090016124735,1.156529397215369,1.1265597616011653
2032.809000418861,1.0758427403975066,1.1246610439970297
2033.0089992252483,1.0002153459758958,1.122762326392894
2033.4089996711887,1.155833781885507,1.1189648642875554
2033.6090013107414,0.9922207072512528,1.1170661197863545
2033.8090001171288,1.232029611835026,1.1190568411203987
2034.0089989235162,1.122177584088245,1.1174438652685978
2034.209000563069,1.1276021600751065,1.1158308665675243
2034.4089993694565,1.1937225899911148,1.1142178907157216
2034.6090010090093,0.9850746986142767,1.1171477808565786
2034.8089998153966,1.1293235927252194,1.1132805506380876
2035.0090014549496,1.1173432886305648,1.1177606046290887
2035.4089990677244,1.1102545690913086,1.1185435334648162
2035.6090007072771,1.172827031653764,1.114551816663706
2035.8089995136645,1.023004968997805,1.1191772712492067
2036.0090011532175,1.2051431034594327,1.1161290457056925
2036.2089999596049,1.15366840029011,1.1201443364883943
2036.609000405545,1.03120176542072,1.1191686087193393
2037.0090008514853,1.1943607499751554,1.1219408135340672
2037.2089996578727,1.024581300300012,1.1224993008897435
2037.6090001038128,1.2077622758880597,1.1236162835125787
2037.8089989102004,1.0868811159667722,1.1241747708682557
2038.2089993561406,1.186282155956409,1.1252917534910907
2038.4090009956935,1.1501849372021233,1.12585024875825
2038.6089998020807,1.1782810335555887,1.1264087361139257
2038.8090014416334,1.1682040375402512,1.1269672313810846
2039.009000248021,0.9810151525854565,1.1275257187367616
2039.4090006939614,1.1801372601709659,1.1286427013595972
2039.6089995003488,0.9839120591018577,1.1292011887152735
2040.008999946289,1.2003670613384934,1.1303181713381085
2040.2090015858416,1.0643852865997854,1.1308766666052674
2040.4090003922292,1.0934823295566733,1.1314351539609444
2040.6089991986166,1.1942489314982954,1.1319936413166207
2040.8090008381694,1.1873855446434476,1.1325521365837794
2041.0089996445568,1.0875886014114844,1.1331106239394557
2041.2090012841095,1.1875066730143047,1.1336691192066144
2041.409000090497,1.0456107881124694,1.1342276065622916
2041.8090005364372,1.234354857610242,1.1353445891851266
2042.0089993428246,0.9347681543945292,1.135903076540803
2042.408999788765,1.2235215989555606,1.1370200591636386
2042.8090002347053,1.1312535005016748,1.1381370417864745
2043.0089990410925,1.2157182120533623,1.13869552914215
2043.2090006806454,0.9776102251032803,1.1392540244093095
2043.4089994870328,1.21852062314567,1.1335168687314159
2043.6090011265856,1.0541818422741613,1.1392273249633043
2043.8089999329732,1.179025326331221,1.1328272715830323
2044.009001572526,1.1716050748167213,1.1389671134260215
2044.2090003789133,1.096741390949651,1.1319021341164621
2044.4089991853007,1.1883755188717977,1.1374835485675927
2044.808999631241,1.0361102407838008,1.1352873445731344
2045.0090012707938,1.1909325810075995,1.1302734346605092
2045.2090000771811,1.1162857844210965,1.1335798767640188
2045.6090005231215,1.2445518515093106,1.1302771840701755
2046.208999775449,1.0163168408974936,1.1268873159604142
2046.8089990277767,1.191736922599528,1.1242795219285913
2047.0090006673295,0.9560978530388464,1.1234102490420719
2047.208999473717,1.0775062189574722,1.1225409884694195
2047.4090011132698,1.2058570393307022,1.1216717155829001
2047.6089999196572,1.118065437158327,1.1208024550102489
2047.80900155921,1.190936471213309,1.1199331821237293
2048.0090003655973,0.9900319844216128,1.119063921551078
2048.208999171985,1.1940559174459153,1.118194660978426
2048.4090008115377,1.1731557374111858,1.1173253880919065
2048.6089996179253,1.1656468091563408,1.1164561275192542
2048.809001257478,1.0449708991481188,1.1155868546327348
2049.009000063865,1.057532140628334,1.1147175940600844
2049.209001703418,1.154488369204108,1.113848321173565
2049.4090005098055,1.027301850824367,1.112184379897471
2050.008999762133,1.1964734974198343,1.1071925324979506
2050.209001401686,1.176414599306435,1.1055285676506141
2050.4090002080734,1.0511850538949954,1.103948298188649
2050.608999014461,1.062249098171998,1.102368028726684
2050.8090006540137,1.1633723023034204,1.1007877368787635
2051.008999460401,0.9901244848684225,1.0992074674168018
2051.2090010999536,1.2225203198559225,1.0976271755688816
2051.4089999063413,1.118512378569541,1.0960469061069162
2052.0089991586688,0.9544346737254727,1.0913060753350692
2052.8090000505495,1.2351545110055504,1.092457255397204
2053.009001690102,1.0181438078460143,1.0927450524511624
2053.20900049649,1.062723902765967,1.093498054023308
2053.408999302877,1.1799026175925569,1.0942510555954514
2053.6090009424297,1.0235839114060816,1.0950040678345496
2053.8089997488173,1.0960856086662574,1.0957570694066951
2054.00900138837,1.1826943223067659,1.096510081645793
2054.2090001947577,1.0907331178586475,1.0972630832179386
2054.6090006406976,1.1792599024103847,1.0987690970291804
2054.808999447085,0.9899119532882636,1.0995220986013259
2055.009001086638,1.0338641956068226,1.1002751108404238
2055.2089998930255,1.214957992709067,1.1010281124125694
2055.4090015325783,1.0636584831250246,1.1017811246516673
2055.6090003389654,1.0682177377142636,1.102534126223811
2055.808999145353,1.188351545894749,1.1032871277959566
2056.0090007849058,1.013960240729272,1.1040401400350546
2056.2089995912934,1.0620341061198548,1.1047931416072
2056.409001230846,1.1620546530559128,1.105546153846298
2056.6090000372333,1.0111565994009712,1.1062991554184418
2056.8090016767865,1.2210779180288238,1.1070521676575416
2057.0090004831736,1.0187016034950638,1.1078051692296853
2057.2089992895612,1.182405183598842,1.106621451893807
2057.409000929114,1.1439265272091284,1.1054377177894952
2057.8090013750543,1.2145165707350092,1.103070266349305
2058.409000627382,1.0373965023886846,1.0995190975732392
2058.6089994337694,1.1023080425688683,1.0981840929380429
2058.809001073322,0.9975704383402828,1.096849069391291
2059.4090003256497,1.1319776440067209,1.0928440365741494
2059.6089991320373,0.9881066318432925,1.093362096479332
2060.008999577977,1.2268847981628461,1.0943982236284864
2060.4090000239175,1.0264097302318742,1.0945527013696346
2060.6090016634707,1.1020024452983392,1.09512273691685
2061.008999276245,0.9811942682960808,1.0970217898147288
2061.2090009157982,1.2338737688378227,1.0983508340672137
2061.4089997221854,0.9622925235075677,1.0996798594928379
2061.6090013617386,1.0876494814683149,1.10166987963342
2061.8090001681257,1.2269855112661467,1.1036598715839459
2062.0089989745134,0.958390746932416,1.1056498635344763
2062.209000614066,1.1237502579320946,1.1076398836750538
2062.4089994204533,1.0450531254619069,1.1096298756255796
2062.8089998663936,1.2455620747571103,1.1136098877166876
2063.0090015059463,1.0050027262177412,1.1155999078572651
2063.408999118721,1.234260561683877,1.1195798917583213
2063.6090007582743,1.1210853340243858,1.1215699118989035
2063.8089995646615,1.2195254599548004,1.1235599038494293
2064.009001204214,1.0680005511871045,1.1229662201629644
2064.4090016501546,1.192074073760791,1.1217788611999855
2064.609000456542,1.05293311949187,1.1211851859234714
2065.0090009024825,1.2352219079881817,1.1198815732333727
2065.808998961197,0.9716316771738303,1.11704185374934
2066.2089994071375,1.1723521605605516,1.1156219889789387
2066.4090010466903,0.9357784108919489,1.1171283701906505
2066.608999853078,1.0400563058546926,1.1186347300634039
2067.2089991054054,1.1814587331249378,1.1281175438591589
2067.409000744958,1.1324762553296335,1.132105816647899
2067.6089995513457,1.1501803820039882,1.1360940329399252
2067.8090011908985,1.2441234633868508,1.140082305728665
2068.008999997286,1.127378622870257,1.1454311113547089
2068.209001636839,1.1377927367972376,1.1507799927514526
2068.409000443226,1.2218305897090538,1.1561287983774842
2068.6089992496136,1.141185561417215,1.1614776040035277
2068.8090008891663,1.2203059283185418,1.1668264854002715
2069.008999695554,1.072814896871927,1.1721752910263152
2069.2090013351067,1.142998364027008,1.177524172423059
2069.4090001414943,1.1838199217409162,1.1857039991951892
2069.6089989478814,1.167283322273331,1.1938838259673008
2069.809000587434,0.9989797235444442,1.2020637686141222
2070.008999393822,1.0447362898193315,1.2102435953862525
2070.2090010333745,1.1716107272523644,1.2274975778947022
2070.408999839762,1.0800400728575195,1.244751315988248
2070.809000285702,1.395144108395991,1.3800088982930514
2071.0089990920897,1.405559253061238,1.4476372104372324
2071.40899953803,1.6958877986884833,1.5828947927421895
2071.6090011775823,1.6940924853795618,1.6505240629028117
2071.80899998397,1.7710188427614408,1.718152375046993
2072.408999236298,2.0957039229620547,1.921038269496131
2072.6090008758506,2.2210988852400932,1.9886675396569071
2073.209000128178,1.9118167586645294,2.011622295843341
2073.4089989345657,1.977281805292602,2.0192738451084384
2073.6090005741185,2.1719809152374765,2.026925502764695
2073.808999380506,2.0352331357203433,2.034577052029792
2074.0090010200583,2.068866324779581,2.042228709686032
2074.4090014659987,2.109369849864545,2.0527144933808033
2074.6090002723863,2.1128470287740804,2.055548687661536
2074.808999078774,2.1659815862946354,2.058382881942269
2075.4090011642666,2.001379169174837,2.0608495076895337
2075.608999970654,1.9590473804061173,2.0606657046502006
2076.009000416594,2.085160767254316,2.0611567362187366
2076.2089992229817,2.1235599902984426,2.06140225026404
2076.608999668922,1.9469949578825902,2.059311803704126
2077.0090001148624,2.1110024727758265,2.057221357144212
2077.20899892125,2.140262837873161,2.056176141267472
2077.4090005608023,1.9859731898342359,2.055751057162496
2077.60899936719,1.9991198573989086,2.0553259790791367
2078.0089998131302,2.09408616263155,2.054475816890801
2078.6089990654577,1.946582961823494,2.053200576619106
2078.8090007050105,2.1588543304441457,2.052775492514129
2079.008999511398,2.119772825168347,2.05235041443077
2079.408999957338,1.9798671628562383,2.051500252242435
2079.609001596891,1.9820672238067845,2.0510751681374564
2079.8090004032783,2.1272343394630395,2.0506500900540985
2080.008999209666,2.0386574144821905,2.0502250119707393
2080.2090008492187,2.110064933200464,2.049799927865762
2080.4089996556063,1.9420967566525293,2.051386344763819
2080.609001295159,1.9654372926518544,2.0529727841349157
2080.809000101546,2.136660440889333,2.054559201032969
2081.408999353874,1.9665100584375574,2.0593184742001798
2081.609000993427,2.1495399144962217,2.0609049135712763
2081.808999799814,2.135278054628907,2.0624913304693298
2082.408999052142,2.0018701663344416,2.0673589967881956
2082.6090006916947,2.1717895636661666,2.069053830846435
2082.8089994980824,2.1466525838707913,2.0707486408961473
2083.009001137635,1.9913583317700878,2.0724434749543867
2083.2089999440223,2.066418820146378,2.074138285004095
2083.409001583575,2.0199094824423955,2.0758331190623345
2083.80899919635,2.1485419603587284,2.079222739161759
2084.20899964229,2.032060689591181,2.0826123832697068
2084.4090012818433,2.061537542973624,2.0818593790932622
2084.6090000882305,2.16236455947738,2.0834849232426143
2084.808998894618,2.1564062938170006,2.08511046739197
2085.009000534171,2.041375670782669,2.086736034568638
2085.208999340558,2.1132495486910683,2.0828138427259297
2085.409000980111,2.1009611868538993,2.0873369882263004
2085.6089997864983,2.091359760173823,2.082443807689075
2086.0090002324387,2.00725760249417,2.0819925105774537
2086.409000678379,2.125772486607403,2.0826720663401685
2086.608999484766,2.05989205245885,2.0870744492155175
2086.809001124319,2.137518580368729,2.0830318272440023
2087.0089999307065,1.9934636312995675,2.0864633211736976
2087.2090015702593,2.137427775652613,2.0834381708674545
2087.409000376647,2.1210831262495224,2.0835676282684785
2087.608999183034,2.1344667971157225,2.0836970856695025
2087.8090008225868,2.1174245706551043,2.0836668116747674
2088.0089996289744,1.9795837430831993,2.083636538108885
2088.209001268527,2.1451278227314168,2.0836062641141497
2088.4090000749147,2.1208402710146226,2.083575990548267
2088.809000520855,1.9719439443184186,2.0825149039576987
2089.209000966795,2.1722523318971794,2.0826624049851814
2089.4089997731826,2.147884582093506,2.0833404359452334
2089.6090014127353,1.9918329701159498,2.084018476510211
2089.809000219123,2.0540173763467378,2.0813574428082093
2090.00899902551,2.0326702216511716,2.0842340338059175
2090.4089994714504,2.1502160455479293,2.0824039124642213
2090.808999917391,2.0531911232542894,2.0812295832253547
2091.2090003633307,2.154845556587243,2.080561380372017
2091.4089991697183,2.1126503905129645,2.0801524432780925
2091.609000809271,2.022613341656795,2.0791976789338067
2092.2090000615985,2.1196193781654644,2.07633341295078
2092.609000507539,2.0321832809453806,2.074102889977971
2093.0090009534792,2.1202970719493788,2.0715513637433127
2093.208999759867,2.1204152411039283,2.070275609662093
2093.4090013994196,1.9381075335730253,2.0689998375086547
2093.6090002058068,1.957249274128996,2.0677240834274375
2093.8089990121944,2.158743542705553,2.0664483293462172
2094.009000651747,2.0990361667717927,2.0651725571927795
2094.2089994581347,2.0921871105037777,2.063896803111559
2094.4090010976875,1.9515431070982716,2.066198807401399
2095.009000350015,2.141301123801445,2.0638575762897307
2095.2089991564026,2.030411541618051,2.0622202396636604
2095.4090007959553,2.0420055516109707,2.060582879843227
2095.6089996023425,2.0665378205414635,2.0604811533469976
2095.809001241895,2.167632197251109,2.060379425409719
2096.009000048283,1.9849951854695984,2.060706566890182
2096.2090016878356,2.009787399940403,2.0610337130049015
2096.409000494223,2.003619395668066,2.0613608544853643
2096.608999300611,1.9819775163281754,2.061687995965827
2096.809000940163,2.1487968187069626,2.0620151420805457
2097.0089997465507,2.0429267323725924,2.0623422835610086
2097.2090013861034,2.088453976008501,2.060825302833048
2097.409000192491,2.032824699392319,2.062529415466835
2097.8090006384314,2.156239214469333,2.065937664874716
2098.2090010843713,1.9625472355574667,2.0665664817151335
2098.8090003366992,2.1739116875040896,2.063745883079905
2099.209000782639,1.9481557354162078,2.0644104765129763
2099.6090012285795,2.1395769979319983,2.066582774029632
2100.209000480907,1.9875385155117504,2.0697446801887867
2100.6090009268473,2.1457384852785344,2.07437126510143
2100.808999733235,2.1311386097597973,2.069492681148011
2101.0090013727877,1.9658616575701204,2.073989958442912
2101.4089989855624,2.1434332557754177,2.0741151765172035
2102.0090010710555,1.993911736447533,2.0678706981155868
2102.208999877443,2.0295168940543276,2.0720951622666828
2102.409001516996,2.1675407275425647,2.0680456576235313
2102.8089991297707,2.041302022871208,2.0676775843143416
2103.0090007693234,2.0650726427236856,2.070624165765155
2103.208999575711,2.1325175048099743,2.069713861928168
2103.4090012152637,2.1272880708512636,2.0688035451958986
2103.609000021651,1.9525931633925415,2.067893241358914
2103.809001661204,1.9563683254093016,2.068210698142646
2104.4090009135316,2.1725855928527373,2.069163059499839
2104.809001359472,1.989953668263304,2.0701244655468334
2105.009000165859,2.1150758506471607,2.0707684101850323
2105.2089989722467,2.0757365278068223,2.071412354823233
2105.4090006117995,2.161322715839603,2.0720563085834955
2105.6089994181866,1.971006238494951,2.072700253221695
2105.80900105774,1.9910877131012965,2.073344206981959
2106.008999864127,2.146174088568843,2.073988151620158
2106.608999116455,1.9515542124718284,2.075919994656822
2107.008999562395,2.1804399514245816,2.077207893055284
2107.209001201948,2.077206294072358,2.0778518468155482
2107.409000008335,2.119623567617765,2.078495791453747
2107.609001647888,2.05241331486026,2.07913974521401
2108.0089992606627,2.161895507067916,2.08042763449041
2108.209000900216,1.9983473356946861,2.081071588250674
2108.408999706603,2.0855872933979756,2.081715532888873
2108.609001346156,2.0669841634594928,2.0823594866491373
2109.0089989589305,2.1452617522065216,2.081297190898247
2109.408999404871,1.9934902974959519,2.080234887623161
2110.009001490364,2.1228229791899045,2.078641428948436
2110.2090002967516,1.999435762052081,2.0781102810729895
2110.4089991031387,2.084531052674121,2.077579133197544
2110.609000742692,2.0812892145850412,2.077047977797904
2110.808999549079,2.0828213571403724,2.0765168299224586
2111.009001188632,2.0700412334023053,2.0768851469001404
2111.2089999950194,1.999780128381195,2.0772534586603513
2111.808999247347,2.1367758170756828,2.0777651693246333
2112.2089996932873,1.9861394379413682,2.0773153299912415
2112.40900133284,2.1420268300386995,2.077090408731461
2112.6090001392276,2.133116064494894,2.0768654906578496
2112.808998945615,2.1076803368510015,2.0766405725842385
2113.009000585168,2.108637460453383,2.0764156513244574
2113.208999391555,1.9589375569065455,2.0761907332508467
2113.409001031108,2.1490286018179257,2.075965811991066
2113.6089998374955,2.14463931929342,2.075740893917455
2114.208999089823,2.03496148631329,2.0750661365104524
2114.6089995357634,2.1475335325904856,2.0739114667502787
2114.809001175316,1.964061922061548,2.0729817050791524
2115.0089999817037,2.0402341780294773,2.0720519565787594
2115.4090004276436,2.0935089492035868,2.070192446407242
2115.608999234031,2.156149107995267,2.0692626979068494
2115.809000873584,1.9598600011537792,2.0683329362357226
2116.0089996799716,2.092948028090123,2.0674031877353296
2116.209001319524,2.066284524925437,2.066473426064205
2116.4090001259115,2.103138072818311,2.0655436775638125
2116.809000571852,2.0116634100805264,2.0636841673922928
2117.209001017792,2.1033965221256583,2.0618246572207735
2117.8090002701197,1.9643185093900968,2.0590353985488634
2118.20900071606,2.1388463375011515,2.0584630630000604
2118.4089995224476,2.094665703533013,2.058820470888642
2118.609001162,1.9593279739613347,2.0591778838402313
2118.8089999683875,1.968417090474472,2.0592986709747034
2119.0090016079403,2.1463256735929264,2.059419459820235
2119.209000414328,2.126760499108091,2.0595402469547066
2119.4089992207155,1.994229370081019,2.0596610340891788
2120.009001306208,2.116263626873378,2.0598026696656446
2120.2090001125957,2.134007852591173,2.059849881078605
2120.4089989189833,1.9421807451962527,2.0598970924915654
2120.8089993649232,2.091260909049322,2.0599915159862783
2121.009001004476,2.086591165968083,2.0600387280680312
2121.4090014504163,1.991131669100823,2.0601331515627446
2121.609000256804,2.0859841608793213,2.0601803629757045
2121.8089990631915,2.077834612168454,2.060227574388665
2122.009000702744,2.0950935929111507,2.060658957013998
2122.2089995091314,1.9898528886607618,2.061090333528491
2122.409001148684,1.9912526977228158,2.061521716153825
2122.608999955072,2.145002205661667,2.060765002676165
2122.8090015946245,2.105841998531954,2.0600082784789704
2123.0090004010117,2.094665703533013,2.059251565001312
2123.2089992073993,1.9762156894311849,2.059259855201108
2123.409000846952,2.016426119103274,2.0592681455183426
2123.8090012928924,2.133228647713043,2.058376547015467
2124.40900054522,2.0102776988579576,2.055676906402578
2124.6089993516075,2.148896567571242,2.054777030447468
2124.8090009911602,1.9588437597245019,2.0546426066588563
2125.008999797548,1.9597825960350992,2.054508184774453
2125.6089990498754,2.1023752267539244,2.054104917217034
2126.0089994958157,2.0264679037695217,2.0538360715440187
2126.2090011353685,2.10353849800915,2.053701647755407
2126.4089999417556,2.0928053539645814,2.0535672258710034
2126.609001581309,2.0729836586504407,2.0534328020823915
2126.809000387696,1.9565473746206825,2.053298380197988
2127.0089991940836,2.014037699047347,2.0531639583135846
2127.408999640024,2.105094979287365,2.0528951126405692
2127.809000085964,1.935637917941575,2.052626266967554
2128.0089988923514,1.9577100141331014,2.0524918450831504
2128.408999338292,2.1337431191053744,2.052222999410135
2128.6090009778445,2.1058112758817558,2.0520885756215232
2128.8089997842317,1.9775612683606916,2.0519541537371198
2129.009001423785,1.9777156463529746,2.051819729948508
2129.209000230172,2.141022990718213,2.0516853080641044
2129.4089990365596,2.0370137859462165,2.051550886179701
2129.6090006761124,2.0596682492570286,2.0527671187415844
2129.8089994824995,2.0594381951263783,2.053983334074668
2130.0090011220527,2.0088209996936426,2.0551995666365546
2130.20899992844,2.150097277900194,2.0531167106015378
2130.4090015679926,1.9906868224157588,2.0544735628833513
2130.6090003743802,2.030916337370547,2.0558303959443895
2131.0090008203206,2.0972056421137806,2.054955281667935
2131.2089996267077,2.1603689504489845,2.056042439406188
2131.609000072648,1.9407059914875031,2.058216770283278
2132.0090005185884,2.122826769646747,2.057784723682414
2132.2089993249756,2.096800162980486,2.0575687019120545
2132.608999770916,1.9279730157126185,2.0590248545612893
2132.8090014104687,2.168532464000852,2.059752936042802
2133.0090002168563,2.1357609721305044,2.059042998467804
2133.2089990232435,2.1255008372003488,2.0583330608928074
2133.608999469184,1.9663497620126602,2.0569131756859
2133.8090011087365,2.1645635231904174,2.05620322805399
2134.008999915124,2.0156810283367284,2.0554932904789918
2134.209001554677,2.0592149571681215,2.054783342847082
2134.4090003610645,2.065268117248051,2.0540734052720837
2134.6089991674517,2.06362571894807,2.0533634676970873
2134.8090008070044,2.134532797614253,2.0526535200651774
2135.2090012529447,1.966703970229716,2.05123363485827
2135.6089988657195,2.1276795186443165,2.0498137597082753
2135.8090005052723,2.114424922808495,2.0496463383661667
2136.2090009512126,1.9422149590566997,2.0493114980535916
2136.609001397153,2.0952747368486824,2.048976657741016
2136.8090002035406,2.05800004925082,2.0488092387705494
2137.0089990099277,1.955956362599827,2.0486418198000833
2137.609001095421,2.1137421418325015,2.0512880323988107
2138.2090003477483,1.9489586805240364,2.054901533323229
2138.408999154136,2.140889061243107,2.056004872467504
2138.6090007936887,2.1083413393249604,2.057296369467166
2139.009001239629,1.978741563422088,2.059879345171519
2139.408998852404,2.1412455304344196,2.0624623025808977
2139.808999298344,2.013543011179764,2.0650452782852504
2140.4090013838368,2.161923204002564,2.065100273159091
2140.808998996612,1.9681632296148814,2.0666467279157366
2141.409001082105,2.1311711943887968,2.066987830980799
2141.6089998884922,2.0280894213072482,2.0667717648778208
2141.809001528045,2.029075970824592,2.067408613589699
2142.0090003344326,2.1458074117437516,2.068045453280163
2142.409000780373,2.0150064267676076,2.0693191416825054
2142.60899958676,2.0158312168767116,2.069955981372968
2143.0090000327004,2.1422899342930473,2.072329863031927
2143.209001672253,2.0071924997354174,2.073516812268396
2143.409000478641,2.014277395568211,2.0747037446908863
2143.6089992850284,2.0029016693399546,2.0758906771133767
2143.8090009245807,2.1779279092761916,2.0770776263498427
2144.0089997309683,2.1579550944326664,2.078264558772333
2144.4090001769086,1.9716085886367125,2.0808847523913507
2144.8090006228485,2.1603847107695406,2.083751261459656
2145.008999429236,2.1290094037525114,2.085184505842205
2145.4089998751765,2.038065138975721,2.0880510149105134
2145.809000321117,2.1466053029091228,2.0909175239788222
2146.008999127504,2.1316283434337873,2.0923507683613676
2146.2090007670568,1.9808054671728925,2.0937840330471276
2146.609001212997,2.142810689863828,2.096650542115436
2147.0090016589374,2.1265454073070815,2.099517051183745
2147.2090004653246,1.9868089190687899,2.10095029556629
2147.408999271712,2.1535956700682,2.102383539948839
2147.609000911265,2.153103908167303,2.103816804634599
2147.8089997176526,2.0024827241099805,2.1052500490171475
2148.0090013572053,2.102127151328461,2.1066833137029075
2148.2090001635925,2.0316754594773343,2.1120723702719255
2148.40899896998,2.164989151594299,2.117461426840956
2148.609000609533,2.1378001381629677,2.1228505597508778
2148.8089994159204,1.9848819705086411,2.128239616319908
2149.009001055473,1.9865210105968583,2.13362874922983
2149.4090015014135,2.152006870157959,2.151465339621839
2149.6090003078007,2.1242397123092633,2.163912697116625
2149.8089991141883,1.9787480138486444,2.17636005461144
2150.2089995601286,2.139292248174101,2.201254945929217
2150.8090016456217,2.9529348564520914,2.9291761399640865
2151.009000452009,2.930262970339652,2.961979451722139
2152.409000596217,3.8085289110793044,3.621744026921966
2152.6089994026042,3.7485222885527074,3.715995536882433
2152.8090010421574,3.751015378416885,3.8102483820017525
2153.409000294485,4.132814763075451,3.9673937070265106
2153.608999100872,4.107441245473248,3.9791688108040266
2153.8090007404253,4.129401589687161,3.9909440813866586
2154.2090011863656,3.976068001262732,4.0144944557468065
2154.408999992753,4.182664324498314,4.021010307237005
2154.809000438693,4.016495018968793,4.0340421025204
2155.4089996910207,4.125295859934178,4.050036641205441
2155.6090013305734,3.9579417706443687,4.052999426577052
2155.809000136961,3.9770433124080347,4.055962169978705
2156.008998943348,4.156355328797278,4.058924913380352
2156.2090005829014,4.129659407251701,4.061887698751969
2156.4089993892885,3.9747857961116626,4.064850442153616
2156.808999835229,4.138458188070543,4.06831731368051
2157.209000281169,4.024317125407854,4.069587116722786
2157.6090007271096,4.119583375475385,4.0699814239832826
2157.8089995334967,4.1083203322141415,4.064442003804014
2158.0090011730495,3.9528369230171423,4.068402366212119
2158.208999979437,4.159395308434678,4.066204088954915
2158.40900161899,4.144665027900706,4.064005780557112
2158.8089992317646,3.9822789640459515,4.064258864889196
2159.0090008713173,4.145403834488802,4.0622402154244925
2159.208999677705,4.039270344653491,4.060221594555392
2159.4090013172577,4.055690370948355,4.058202945090688
2159.6090001236453,4.032111534912266,4.06085579938582
2160.009000569585,4.09932760635352,4.05787050832749
2160.208999375973,3.9649012156555195,4.0563778733705895
2160.4090010155255,3.9974540247657444,4.056916298115945
2160.608999821913,4.165403648024925,4.057454715234132
2161.009000267853,3.9700944740261184,4.057800708704137
2161.4090007137934,4.139665282326809,4.057415843427471
2161.8090011597337,3.995784162278466,4.057030978150804
2162.2090016056736,4.104356046350707,4.059890928621645
2162.4090004120612,4.083986596773187,4.05657158566502
2162.608999218449,3.9801423101234654,4.059757132145026
2162.8090008580016,4.147357715242306,4.058171572127614
2163.008999664389,4.140266468731821,4.056586034570785
2163.409000110329,3.957428030743708,4.058239087429179
2163.6089989167167,4.130242904858114,4.054385988299795
2163.8090005562694,4.07314535820936,4.058069115364447
2164.2090010022093,4.026259601541208,4.057379252219091
2164.408999808597,4.119036718449511,4.053884783506413
2164.6090014481497,4.104399304108184,4.056836784645517
2164.8090002545373,3.970558505742745,4.053991647789677
2165.008999060925,3.9711097512163747,4.056325505216843
2165.2090007004776,4.115242836895888,4.056439452207518
2165.6090011464175,3.9621054544874967,4.056667344574729
2165.808999952805,4.13788283662138,4.05718242419264
2166.009001592358,4.133432241794962,4.057697511107123
2166.408999205133,4.037911964619734,4.058727670342945
2166.6090008446854,4.0528577359501705,4.059242757257427
2166.808999651073,4.101841177984496,4.059757836875337
2167.0090012906257,4.08452394390506,4.06027292378982
2167.2090000970134,3.962757978307991,4.0607880034077315
2167.408998903401,4.144204986138648,4.060723135730563
2167.6090005429533,4.141795718570088,4.060658267134485
2167.808999349341,3.9776956699804202,4.060593399457317
2168.208999795281,4.141936065222129,4.06046366318407
2168.609000241221,3.9949206696100203,4.060333926910824
2169.0090006871615,4.117171215189758,4.060204190637577
2169.208999493549,4.0944901189321845,4.060139322960409
2169.409001133102,3.9699471782031983,4.060074454364331
2169.6089999394894,3.982492360116267,4.060009586687163
2169.809001579042,4.138534795198309,4.059944718091084
2170.0090003854293,3.959143012967263,4.059879850413916
2170.208999191817,3.9757011581895334,4.059814982736747
2170.4090008313697,4.13752926014713,4.0597501141406696
2170.6089996377573,4.128947566106582,4.059685246463501
2170.80900127731,4.014551911092631,4.060923895224854
2171.009000083697,4.070210779871882,4.062162526439865
2171.208998890085,4.1038976005704795,4.063401157654879
2171.4090005296375,4.091887704312756,4.061205552153604
2171.608999336025,4.008399301395014,4.062705590657915
2171.809000975578,4.0183755510574315,4.064205650411636
2172.0089997819655,4.138370675066948,4.065705688915947
2172.209001421518,4.11242619496561,4.062438315117612
2172.4090002279054,3.9648086819590898,4.065571626442356
2172.8090006738457,4.162546408306885,4.062947028128844
2173.209001119786,3.9831146932805055,4.063534189390207
2173.4089999261732,4.117226343062083,4.062246592797255
2173.6090015657264,4.071637587626535,4.060958977964318
2173.8090003721136,4.061567574031695,4.059671381371365
2174.008999178501,4.020549411306293,4.059941344856175
2174.408999624441,4.119432721440701,4.060481275650072
2174.6090012639943,3.9666040617672538,4.059915106832839
2174.8090000703814,3.9822507351173604,4.059348946035792
2175.008998876769,4.168195186491026,4.058782785238743
2175.4089993227094,3.9648370771357877,4.059225714528973
2175.8089997686493,4.1450325027167105,4.059668643819202
2176.2090002145897,4.012518563743917,4.060111573109432
2176.60900066053,4.13233759775836,4.058749598900981
2176.808999466917,4.093436504928422,4.058068616620124
2177.0090011064704,3.96780184612952,4.058412973492052
2177.2089999128575,4.141744846649305,4.058757325485918
2177.4090015524102,4.136359172719511,4.059101682357845
2177.808999165185,3.9508648879703383,4.05633098232113
2178.009000804738,4.115616762138449,4.054945612678024
2178.2089996111254,4.066952483220197,4.057919192821434
2178.409001250678,4.021325823216222,4.054170231506358
2178.6090000570657,4.035318926393549,4.057530970241659
2178.808998863453,4.124834288689536,4.054288799656365
2179.009000503006,4.103183997195425,4.0572407342962284
2179.208999309393,3.9648125721647958,4.054381798847494
2179.409000948946,3.992025691571661,4.0568965009656
2179.6089997553336,4.14726365206329,4.056940445674413
2180.009000201274,3.958998011368222,4.057028335714556
2180.409000647214,4.136367850870704,4.058282522203693
2180.809001093154,4.036778884020762,4.059536708692832
2181.2090015390945,4.101258378620133,4.060790895181971
2181.409000345482,4.06454168616905,4.0614179839848985
2181.6089991518693,3.966957904238474,4.061455042140475
2181.809000791422,4.136613133327966,4.061492100821012
2182.0089995978096,4.108341711720719,4.0615291589765885
2182.2090012373624,3.9611857367092185,4.061566217657127
2182.608998850137,4.134270132254908,4.0616403339682785
2183.0089992960775,4.00914951260326,4.061714450804393
2183.2090009356302,4.096888380876053,4.061751509484931
2183.408999742018,4.092823548157425,4.061788567640507
2183.6090013815706,4.078329073938611,4.0618256263210455
2183.8090001879577,3.9929816846869155,4.061862684476621
2184.0089989943453,4.025003131597124,4.061899742632197
2184.209000633898,4.12686763603825,4.0619368013127355
2184.4089994402857,3.9584956095884687,4.061973859468312
2184.6090010798384,3.963680223057497,4.062010918148849
2184.8089998862256,4.158917976869479,4.0620479763044255
2185.0090015257783,4.147756976696395,4.062085034984964
2185.209000332166,3.9872897152445406,4.062122093140539
2185.4089991385536,4.074443090933636,4.0621591512961155
2185.6090007781063,4.132570744103801,4.065885835364836
2186.0090012240466,3.995680290461129,4.066164267694661
2186.209000030434,4.020252026692255,4.061948747691729
2186.4089988368214,4.12587865929854,4.066759469167816
2186.609000476374,4.1179948748117345,4.062189408451614
2186.8089992827618,3.9539523480671352,4.066092082766544
2187.0090009223145,4.151770804495754,4.061984491034762
2187.2089997287017,4.151107142052083,4.065378313143383
2187.609000174642,3.9913447060752256,4.063744426746486
2187.8089989810296,4.105599715190543,4.062232374102364
2188.0090006205824,4.0729618535487075,4.060720300038639
2188.20899942697,4.061092968935454,4.059208247394517
2188.4090010665223,4.022760245134181,4.06178512630469
2188.8090015124626,4.117179527595114,4.0594924598616595
2189.00900031885,3.965460673785641,4.060105169908901
2189.208999125238,3.9660915188529646,4.060717879956142
2189.40900076479,4.161243289143939,4.060796283118784
2189.8090012107305,3.980505828234521,4.060953088333432
2190.209001656671,4.162479044573875,4.060828976430783
2190.4090004630584,4.029836629063889,4.060626465344884
2190.6089992694456,4.033414986571426,4.060423954258984
2191.008999715386,4.111953418598547,4.0600189292184306
2191.2090013549387,4.103545819575787,4.059816415263778
2191.4090001613263,3.988302166216976,4.059613904177877
2191.608998967714,4.148438327938665,4.0594113930919775
2191.809000607266,4.144642950152078,4.059208879137325
2192.2090010532065,3.946880253338592,4.058007821310913
2192.408999859594,4.118897967779298,4.0574072966511965
2192.609001499147,4.023984629193589,4.056806763484501
2192.809000305534,4.002065448011002,4.056206238824786
2193.2090007514744,4.126134481885797,4.057458356024673
2193.6090011974147,3.966442568355985,4.058168044466311
2193.809000003802,3.9992686228550935,4.058251677557579
2194.009001643355,4.13174834796744,4.058335311833587
2194.40899925613,3.952586387119694,4.060177247906529
2194.80899970207,4.156422858778394,4.062019197025822
2195.009001341623,4.006775256886061,4.062940178108644
2195.4089989543977,4.113428006059189,4.064782114181585
2196.009001039891,4.004764486030295,4.063342206076091
2196.208999846278,4.117301254459157,4.066236618870885
2196.409001485831,4.114534586709883,4.063540639816764
2196.6090002922183,3.967047378969733,4.0641715484041985
2197.0090007381586,4.137064629937317,4.065433374516465
2197.409001184099,3.99342164367763,4.063570371663034
2197.608999990486,4.110162527489274,4.062638876834057
2197.8090016300393,4.101867744432015,4.0629542968048815
2198.2089992428137,4.022428779658181,4.063585127810232
2198.608999688754,4.102150632211112,4.063459976235183
2198.809001328307,3.9526797520566594,4.0633974000044395
2199.0090001346944,3.9632048532199624,4.063334824660133
2199.208998941082,4.164581717383262,4.063969895480761
2199.4090005806347,4.127874401325421,4.064604975297745
2199.608999387022,3.989001838000653,4.065240046118371
2200.008999832962,4.133652354288804,4.066510196755982
2200.4090002789026,4.003373421618677,4.066649911665216
2200.809000724843,4.115141359051294,4.0669093252115855
2201.00899953123,4.109736899085394,4.0623921646430725
2201.209001170783,3.9816559326396623,4.065794531904399
2201.4089999771704,4.1632084747687275,4.063876447883891
2201.609001616723,4.138573664005756,4.061958336691979
2201.809000423111,3.96569771033679,4.060040252671471
2202.008999229498,3.9681036196935873,4.062574572066218
2202.209000869051,4.155651633809408,4.060801450048687
2202.609001314991,4.035405142661907,4.057255231131169
2202.8090001213786,4.044568472330067,4.060559478759667
2203.209000567319,4.095093233815239,4.059618015728977
2203.408999373706,3.971177114949385,4.056147752740697
2203.609001013259,4.00015801697863,4.058796716830122
2203.8089998196465,4.1527510698346495,4.058270754635562
2204.209000265587,3.9514282363061675,4.057218822795708
2204.6090007115267,4.157178190428339,4.057872356731024
2204.8089995179143,4.009902184283491,4.058199121384224
2205.009001157467,4.0558084071044185,4.057869733463031
2205.4090016034074,4.094452280863001,4.05721096228666
2205.609000409795,4.083472125380855,4.05688157903148
2205.808999216182,3.9854606868194926,4.056552195776302
2206.009000855735,4.139830599444541,4.056222807855109
2206.2089996621226,4.129918089306399,4.0558934245999305
2206.609000108063,3.94523855328066,4.055234653423558
2206.80899891445,4.136727645024159,4.054905270168381
2207.009000554003,4.027138887779832,4.054575882247188
2207.2089993603904,3.986168571259661,4.054246498992009
2207.409000999943,4.121167753185976,4.053917111070816
2207.6089998063308,4.077147116396143,4.053587727815637
2208.0090002522707,4.004917633786586,4.052928956639266
2208.2089990586583,4.032994478609246,4.054204117932525
2208.409000698211,4.113638010668118,4.055479297289606
2208.809001144151,3.9731201563263046,4.055380318228552
2209.0089999505385,4.138517372396682,4.057050749154879
2209.2090015900912,4.1357165572862025,4.05872120374438
2209.409000396479,3.9650245717510106,4.060391634670706
2209.809000842419,4.1253327005147185,4.062646723744713
2210.209001288359,4.004965479991818,4.063506791702151
2210.6089989011343,4.11129780256326,4.064504280344945
2210.809000540687,4.102482197435977,4.058980753484716
2211.0089993470747,3.9632519014342806,4.0640910540498565
2211.4089997930146,4.140909117414751,4.063930425128746
2211.809000238955,3.982893250801806,4.062921265868831
2212.0089990453425,4.135046776912188,4.059194881046703
2212.4089994912824,4.019646916831914,4.0597393435975615
2213.0090015767755,4.100234290280198,4.0634361362566205
2213.2090003831627,3.940375430401205,4.063695770241148
2213.4089991895503,3.965937373608032,4.063955404225677
2213.609000829103,4.147919268098578,4.064215041888157
2213.8089996354906,4.130421621573282,4.064370923597732
2214.0090012750434,3.964371815183167,4.064526807515514
2214.4089988878186,4.1413874797182135,4.064838570934664
2214.609000527371,4.033887829437732,4.064994454852445
2214.8089993337585,4.065082990005873,4.06515033656202
2215.0090009733112,4.118687065430591,4.065306220479802
2215.208999779699,4.1118018335744635,4.065462102189377
2215.4090014192516,4.106104643941525,4.06448143466677
2215.6090002256387,3.9660989667681648,4.063500781036017
2215.8089990320263,4.120286205973096,4.062520127405261
2216.009000671579,4.114343401386681,4.0615394598826535
2216.4090011175194,3.9483543753045334,4.05957813872929
2216.608999923907,4.156927887278242,4.0585974850985345
2217.009000369847,4.002371045281533,4.057257791352019
2217.4090008157873,4.137155268405325,4.057291506468146
2217.8090012617276,3.987102619624774,4.056938495237461
2218.009000068115,4.0068311827493,4.059941667543942
2218.2089988745024,4.133285078970528,4.059854138535501
2218.6089993204428,3.956923101992725,4.059504979334737
2218.8090009599955,4.176439097627502,4.059243346676132
2219.0089997663827,4.159326082722868,4.058981717723738
2219.209001405936,3.985512955224375,4.058905326177441
2219.409000212323,4.057803118393035,4.058828935713285
2219.6089990187106,4.122629639291233,4.058752545249128
2220.2090011042037,4.018080061671814,4.058457437448484
2220.408999910591,4.120913194084335,4.058348080095885
2220.6090015501436,4.116602314167151,4.058238721194139
2220.809000356531,3.957218691127207,4.05812936384154
2221.008999162919,3.9768134910247346,4.05802000648894
2221.2090008024716,4.152565304199739,4.057910647587194
2221.609001248412,3.959151990365048,4.057691931332849
2221.809000054799,4.128623914291617,4.057582573980249
2222.0089988611867,4.08988364988052,4.05747321662765
2222.4089993071266,4.013406428384868,4.057254500373305
2222.808999753067,4.114355470999258,4.057035784118959
2223.2090001990073,3.9655144051738658,4.056817067864614
2223.408999005395,4.138485020515033,4.056707710512014
2223.6090006449476,4.116313308457713,4.056598351610268
2223.808999451335,3.972630389402693,4.058179563140389
2224.208999897275,4.1452984664385015,4.061342008599939
2224.6090003432155,3.984853781479596,4.061729599436907
2225.009000789156,4.111554323392565,4.062751692799556
2225.208999595543,4.079716281394144,4.057854854803974
2225.4090012350957,3.9617762167361317,4.062579493010189
2225.6090000414833,4.129685242207549,4.0584642871151
2225.8089988478705,4.122567994493108,4.0628681994730345
2226.208999293811,3.9759182782174483,4.062429736715284
2226.4090009333636,4.160427842178454,4.060067384362555
2226.809001379304,3.992097411005078,4.062169275226734
2227.2089989920787,4.122070181161111,4.063553322187941
2227.608999438019,3.9740640465793584,4.064219544852463
2227.809001077572,3.999034146524795,4.0645526585441205
2228.209001523512,4.114539773650826,4.065070925667646
2228.4090003298993,3.957112525085992,4.06533005739399
2228.608999136287,4.163542733212928,4.065589189120335
2228.8090007758396,4.144696349044089,4.065848324517516
2229.0089995822273,4.025492399776415,4.06610745624386
2229.20900122178,4.068136003494872,4.066366591641041
2229.4090000281676,4.133857238456035,4.065524493091533
2230.008999280495,4.017650543062227,4.0629981855139174
2230.4089997264355,4.129848697346482,4.061313976485809
2230.609001365988,3.9676419487000807,4.060471866007208
2230.8090001723754,3.968244598088435,4.060402765602977
2231.008998978763,4.150648264026776,4.060333665198747
2231.4089994247033,3.97014325122075,4.060195463411415
2231.808999870643,4.136188103417273,4.060057261624084
2232.2090003165836,3.999131069171253,4.059919059836752
2232.609000762524,4.1141606282177,4.05978085804942
2233.009001208464,3.9572502450179403,4.059642656262089
2233.2090000148514,4.151765517805948,4.059573555857858
2233.409001654404,4.137344492000863,4.059504454474757
2233.609000460792,3.9745511535332563,4.059435354070526
2234.0090009067317,4.156898361614415,4.059297152283195
2234.409001352672,4.029414491870258,4.059158950495863
2234.6090001590596,4.038532535554037,4.059089850091633
2235.009000605,4.103727794753855,4.058951648304301
2235.208999411387,3.955357011573918,4.058882547900071
2235.40900105094,3.9960952124869102,4.05881344651697
2235.6089998573275,4.127338683424998,4.058744346112739
2236.009000303268,3.956965495260044,4.058606144325408
2236.2089991096555,4.149540818885924,4.058537043921176
2236.4090007492077,4.047160346819504,4.058467942538076
2236.6089995555953,4.022260270576791,4.058398842133845
2237.0090000015357,4.094287894734668,4.058260640346513
2237.2090016410884,4.0831821886820165,4.0581915389634124
2237.4090004474756,3.978461076265658,4.058122438559182
2237.608999253863,3.9971667147869994,4.058053338154951
2237.809000893416,4.145994846509657,4.05798423677185
2238.0089996998036,4.132606720194186,4.05791513636762
2238.2090013393563,3.956557422656277,4.059286075538746
2238.608998952131,4.145902346062848,4.062027915040344
2239.0089993980714,3.983080579168922,4.062122144467468
2239.209001037624,4.096544014546939,4.057654658833365
2239.4089998440118,4.0770168443793935,4.062714286975451
2239.6090014835645,4.0641055841344205,4.05769602136242
2239.8090002899517,3.990691384263817,4.062530882063663
2240.0089990963393,4.136406387181937,4.058430173003516
2240.209000735892,4.129591179028534,4.06262009079795
2240.4089995422796,3.953714081279994,4.058950596078083
2240.6090011818324,3.9634060466792134,4.0603314261264485
2240.8089999882195,4.144877359983135,4.061712236614373
2241.20900043416,3.995149427005434,4.063608078700351
2241.6090008801,4.142909048893931,4.064638110071186
2242.0090013260406,4.0154159025053975,4.065796518553921
2242.4089989388153,4.110865524235094,4.066954918831757
2242.609000578368,4.100175205702923,4.0675341271755725
2242.8089993847557,3.979297370743777,4.068113327314491
2243.2089998306956,4.144356670911597,4.068242105872732
2243.4090014702488,3.9713080187089407,4.0677916697064065
2243.8089990830235,4.159080434519769,4.066890810135255
2244.2089995289634,4.039281017781968,4.065989944183355
2244.608999974904,4.103577606213871,4.065089078231454
2244.8090016144565,4.091342044775526,4.0646386420651295
2245.009000420844,3.962702451440209,4.063836685690273
2245.2089992272313,3.985638572294124,4.063034729315418
2245.4090008667845,4.1471870449355235,4.062232761580118
2245.6089996731716,3.9655150036670515,4.061430805205263
2245.809001312725,3.966709130570961,4.060628837469962
2246.009000119112,4.144347361017598,4.063480657499711
2246.208998925499,4.1399360339940845,4.060386913224463
2246.4090005650523,4.028075363367308,4.063721052262624
2246.6089993714395,4.049527520367338,4.059771263234131
2247.00899981738,4.113482535438328,4.059589088558336
2247.2090014569326,3.970169185925463,4.063498612295281
2247.40900026332,3.9943667974162977,4.059296458640161
2247.6089990697074,4.132993114044782,4.063794267929004
2247.8090007092605,4.117090817605149,4.059769866750032
2248.0089995156477,3.9607858767619444,4.062967449592993
2248.408999961588,4.15516033740321,4.060310655948723
2248.8090004075284,3.9977915416728447,4.058620517711063
2249.0089992139156,4.113770576908746,4.058258785704446
2249.2090008534683,4.079970375001085,4.057897048573564
2249.408999659856,4.070140423672944,4.057360313552531
2249.6090012994086,3.995444384397108,4.056823570928157
2250.0089989121834,4.120396927212446,4.05575010088609
2250.2090005517366,3.950627718420704,4.055213358261716
2250.4089993581238,3.9515522906437095,4.054676623240683
2250.6090009976765,4.1475535222628865,4.054976017061947
2250.808999804064,4.039747343722474,4.055275406642085
2251.009001443617,3.981814400335381,4.05557480046335
2251.4089990563916,4.1439685813303075,4.056173579623627
2251.808999502332,3.9842130612747075,4.056772363025029
2252.4090015878246,4.129262007776412,4.057670540247696
2252.609000394212,3.963289673004221,4.057969929827835
2252.8089992006,4.148485409402606,4.058269319407973
2253.0090008401526,4.138665166963922,4.058568713229238
2253.409001286093,3.9601947649922256,4.059167496630641
2253.60900009248,4.12777066250657,4.059466886210778
2253.8089988988677,4.058901652635344,4.059766275790917
2254.0090005384204,4.036045231123987,4.055016600619768
2254.208999344808,4.042305902091241,4.059696651083651
2254.409000984361,4.125488109245266,4.055725981292903
2254.6089997907484,4.106935219484758,4.059502938789219
2254.8090014303007,3.958737866330181,4.056130163690963
2255.0090002366883,3.979361875009344,4.059129146545144
2255.208999043076,4.136331475784863,4.0594136947898685
2255.6089994890162,3.977077060773782,4.060232232203395
2255.8090011285685,4.141285968623999,4.060766224905696
2256.008999934956,4.131883341430432,4.061300210043612
2256.209001574509,4.020211162907522,4.0618342027459144
2256.4090003808965,4.035579237679696,4.06194416818752
2256.8090008268364,4.107049664681709,4.062164100628493
2257.008999633224,4.073214151676091,4.062274066070099
2257.2090012727767,3.9663695854369543,4.062384033069466
2257.4090000791643,4.138696488107305,4.062493998511072
2257.608998885552,4.1356491270539495,4.062603963952678
2257.8090005251047,3.9853191764307017,4.062713930952045
2258.2090009710446,4.143373911851095,4.062933863393018
2258.609001416985,3.994450386964565,4.0631537958339905
2258.8090002233725,4.110052504491974,4.063263761275596
2259.00899902976,4.093842050560961,4.063373726717202
2259.2090006693124,4.069457143952631,4.063453875497333
2259.4089994757,3.996360544465893,4.0635340231420995
2259.609001115253,4.027028432537453,4.06361417192223
2259.8089999216404,4.137376045891597,4.063694319566997
2260.009001561193,3.9462873460893153,4.063774468347127
2260.2090003675803,3.961188795674391,4.063854615991893
2260.408999173968,4.150904917854566,4.063934763636659
2260.6090008135207,4.120211261326401,4.06401491241679
2260.8089996199083,3.9780863197825607,4.064095060061557
2261.2090000658486,4.144240962229032,4.0650210419671575
2261.6090005117885,4.024930314926201,4.066712720200091
2262.009000957729,4.128430301746051,4.064329248710456
2262.2089997641165,4.10956243832177,4.063137521406589
2262.409001403669,3.9645031844374232,4.065176221944353
2262.6090002100564,4.144863395142136,4.063543905987412
2262.808999016444,4.136095004477278,4.061911590030469
2263.2089994623843,3.9666066219881033,4.062076426238006
2263.409001101937,4.1294783630630345,4.060482753274659
2263.608999908324,4.049072964792818,4.058889102886825
2263.8090015478774,4.0393418978388,4.0572954299234745
2264.208999160652,4.106277043228621,4.058802430918639
2264.409000800205,4.100034859050882,4.057481599400209
2264.6089996065925,3.9655613868889414,4.0561607865922955
2264.8090012461453,3.992439449860692,4.056669477354476
2265.0090000525324,4.147602598704112,4.0571781609106905
2265.409000498473,3.9517533511044753,4.057550220804779
2265.809000944413,4.145049160777046,4.057276975415896
2266.0089997508003,4.017744439993136,4.057140353689141
2266.2090013903535,4.040890532206358,4.057003730027014
2266.6089990031282,4.10490526359743,4.057108798657153
2266.809000642681,4.092888817164285,4.057350492437812
2267.008999449068,3.9674628329894563,4.057592182794706
2267.2090010886213,4.130225448806866,4.056538818730823
2267.4089998950085,4.123499881632828,4.055485469588595
2267.809000340949,3.961487078028207,4.0550748730877935
2268.0089991473365,4.1459882630846145,4.055717640650873
2268.4089995932763,3.9936930603373337,4.053496826923608
2268.8090000392167,4.103674362612223,4.05595570873268
2269.0089988456043,4.083539422614622,4.057185140929203
2269.209000485157,3.9791136000861522,4.057497855833633
2269.408999291544,4.020029586724912,4.057810566308234
2269.609000931097,4.116785220334619,4.058474442467601
2269.8089997374846,3.9505756162639285,4.059138309222691
2270.0090013770373,3.9646609871407126,4.059802185382058
2270.209000183425,4.15290049363334,4.060806826094072
2270.408998989812,4.144955031098787,4.061811466806083
2270.609000629365,4.003951167040582,4.062816121749748
2270.8089994357524,4.084071416557445,4.063820762461762
2271.009001075305,4.129084754044587,4.064825417405426
2271.609000327633,4.006906027647131,4.066547293607473
2271.8089991340203,4.128276921242411,4.066259874153842
2272.0090007735735,4.119696889682934,4.065972450628652
2272.2089995799606,3.9679061501919355,4.066134974010754
2272.609000025901,4.15545027410205,4.066460023077249
2273.0090004718413,3.9643994123689508,4.065449406052294
2273.2089992782285,4.128728218354032,4.064944101118871
2273.409000917781,4.089903965399211,4.064438789027341
2273.8090013637216,4.024107619543246,4.06369027539432
2274.009000170109,4.055696056633619,4.063447070139948
2274.2089989764963,4.109827637302267,4.063203864885576
2274.409000616049,3.95994758730654,4.062960656185981
2274.6089994224367,3.970960161169577,4.062717450931608
2274.8090010619894,4.149478143349535,4.062474242232011
2275.008999868377,4.114338879438167,4.062231036977639
2275.2090015079293,3.9754690758319766,4.065219446452207
2275.6089991207045,4.1355833593027675,4.066317348951708
2276.008999566645,4.009072107484579,4.066044303060554
2276.409000012585,4.095750944576675,4.066000413560272
2276.6089988189724,4.086157431306498,4.059824662126142
2276.809000458525,3.972772997028991,4.064798705742676
2277.0089992649127,4.156321380933801,4.0592536331277635
2277.2090009044655,4.136965945060923,4.0637174945531305
2277.609001350406,3.964946401891038,4.062036227445702
2277.809000156793,4.142597333693058,4.056645965068151
2278.2090006027333,4.020491623464253,4.055914240649419
2278.6090010486737,4.123636504327269,4.0562873346514445
2278.808999855061,4.086751236295554,4.060609851936128
2279.0090014946136,3.9826189746746588,4.056072143101573
2279.209000301001,3.9974624701695873,4.059721222553885
2279.408999107389,4.146224933889928,4.057031427929347
2279.6090007469415,3.9622974045519914,4.05786788152202
2279.8089995533287,3.9690909007026027,4.058704323265731
2280.208999999269,4.14944675570691,4.059407790083864
2280.409001638822,4.013597015214884,4.059274801425446
2280.6090004452094,4.061347461537852,4.059141814650907
2280.808999251597,4.101647232942716,4.059008827876368
2281.0090008911493,4.079881498763012,4.058875839217951
2281.208999697537,4.075618598049546,4.0587428524434115
2281.4090013370896,4.007065592580356,4.058987255709121
2281.6090001434773,4.131049241427328,4.059231655512685
2281.808998949865,4.1251213991705535,4.0594760553162486
2282.009000589417,3.945871892069592,4.059720458581958
2282.2089993958048,3.967082656818066,4.059964858385522
2282.4090010353575,4.167915357677101,4.060209261651231
2282.809001481298,3.9856746148837505,4.060698064720504
2283.208999094073,4.095315540784096,4.061186864327632
2283.4090007336254,4.06968789632533,4.061431267593341
2283.608999540013,4.002525888768516,4.061675667396905
2284.008999985953,4.124420596899748,4.062164470466177
2284.409000431893,3.9725013808715577,4.062653273535451
2284.608999238281,4.137820959075904,4.062897673339015
2284.8090008778336,4.137110979909584,4.063142076604724
2285.008999684221,3.980010807870724,4.064416428827683
2285.4090001301615,4.138359403445285,4.06696515132596
2285.8090005761014,4.045818425348353,4.068070601489525
2286.008999382489,4.041580894096037,4.064674850902863
2286.209001022042,4.125746625051857,4.068766549315603
2286.4089998284294,4.102184812821938,4.064728183295632
2286.609001467982,3.963431017144905,4.06827372342682
2286.8090002743693,4.141557285534839,4.06453470374855
2287.008999080757,4.137265091904896,4.067930221587863
2287.4089995266972,3.9596232372495255,4.0670069461000935
2287.60900116625,4.144215060773941,4.063890093337955
2287.808999972637,4.064732405997552,4.067086246447196
2288.2090004185775,4.045652642735921,4.065072944193187
2288.609000864518,4.101329532809985,4.066948027770925
2289.009001310458,3.9860019241570726,4.0669330321385555
2289.2090001168453,4.155415295500309,4.0669255343754775
2289.408998923233,4.122825878556892,4.066918036612399
2289.6090005627857,3.9626908805719525,4.067688877308971
2290.009001008726,4.151190266105648,4.069230547782609
2290.409001454666,4.0349443029089365,4.0665366349279815
2290.6090002610536,4.085779815355959,4.0651896880410305
2290.8089990674407,4.08357200724362,4.068207257433589
2291.009000706994,4.084865517265974,4.066444132516107
2291.208999513381,3.9834548701573196,4.0646810325745495
2291.4090011529343,4.159366946507601,4.062917907657067
2291.6089999593214,4.1361191769520556,4.064913849181677
2291.809001598874,3.9628700960314402,4.063087286145319
2292.0090004052618,3.9673410063765493,4.061260748983523
2292.208999211649,4.135210398299227,4.059434211821731
2292.6089996575893,4.023686845584094,4.058297340765917
2293.0090001035296,4.134624972214771,4.060301091841225
2293.2089989099168,4.100814030679389,4.0588244055440965
2293.40900054947,3.961642154262541,4.057347698328356
2293.608999355857,4.0081480007562735,4.057967102601101
2293.8090009954103,4.130903308838887,4.0585865156482726
2294.20900144135,3.9627716106527755,4.0587790129166885
2294.608999054125,4.150602978042393,4.057925211002913
2294.809000693678,3.9761100287842144,4.0577941234419646
2295.209001139618,4.135994258124356,4.057531950177017
2295.809000391946,4.012462504882192,4.0574990697042415
2296.008999198333,4.126605462773302,4.057548171972065
2296.209000837886,4.101108023832042,4.057597274935466
2296.4089996442735,3.9524461402165167,4.057646377203289
2296.6090012838263,3.977527493395246,4.05769548016669
2296.809000090214,4.151381384929607,4.0577445824345135
2297.209000536154,3.9621450880362366,4.057842787665738
2297.4089993425414,4.127995064201579,4.057891889933561
2297.609000982094,4.094746639761489,4.057940992896962
2298.0090014280345,4.012591014669005,4.058039198128187
2298.4089990408092,4.114355470999258,4.058612853563178
2298.609000680362,3.9560021539784556,4.059137414161118
2298.8089994867496,3.962055846052328,4.059661967328285
2299.0090011263023,4.154162017519881,4.060186527926226
2299.2089999326895,4.134462514564482,4.060711081093392
2299.4090015722422,3.9663702171797617,4.061235641691333
2299.8089991850175,4.157698879499878,4.062284748025668
2300.208999630958,4.025253334998359,4.063333861790776
2300.40900127051,4.0333509478005585,4.063858422388716
2300.6090000768977,4.108265104592952,4.0643829755558825
2300.8089988832853,4.090409392894514,4.06490752872305
2301.009000522838,3.963093034743105,4.065432089320991
2301.2089993292257,4.163793900853183,4.065956642488159
2301.409000968778,4.152573749603582,4.066481203086098
2301.8090014147183,3.9652094063965206,4.065444546389264
2302.009000221106,4.150376614619722,4.064502422814823
2302.409000667046,4.024827473847129,4.062618162319907
2303.0089999193738,4.111108213221886,4.065241723698563
2303.2090015589265,3.961129611348251,4.065273488470212
2303.409000365314,3.9627394582688558,4.065305252791892
2303.6089991717017,4.143326896886397,4.0653370171135705
2303.809000811254,4.107444404187283,4.065416737801793
2304.0089996176416,3.968923621857206,4.065496457360716
2304.409000063582,4.158008267227251,4.065655897607861
2304.6089988699696,4.033284714554677,4.0657356171667836
2304.8090005095223,4.047006800067756,4.065815337855006
2305.209000955462,4.120521380545446,4.065974778102151
2305.6090014014026,3.9983174509349473,4.0647981539218785
2305.80900020779,4.147761698142638,4.064209845998701
2306.0089990141773,4.122244708423979,4.063621538075525
2306.20900065373,3.95771617196299,4.06303322181843
2306.4089994601177,3.957890100732672,4.062444913895253
2306.6090010996704,4.140394845520148,4.061856597638157
2306.808999906058,4.037688959408826,4.06126828971498
2307.0090015456108,4.013571047260551,4.060679973457885
2307.4089991583855,4.126357021602003,4.059503357611532
2307.6090007979383,4.094623017669026,4.058915041354436
2307.808999604326,3.980134862208266,4.058326733431259
2308.0090012438786,4.029798092752656,4.058617448700057
2308.209000050266,4.1290980206435375,4.058908159850666
2308.4089988566534,3.9558819565969987,4.059198871001275
2308.609000496206,3.9585040882419325,4.059131220011118
2308.8089993025937,4.150299940992712,4.059063569979285
2309.0090009421465,4.139696603470192,4.058995918989128
2309.208999748534,3.992801105992948,4.058928268957295
2309.409001388087,4.0577892533009,4.058860617967138
2309.609000194474,4.12728581652693,4.058792967935306
2310.208999446802,4.0142974517398535,4.058912941377834
2310.608999892742,4.135789407206748,4.059423493923063
2310.809001532295,3.968672553965815,4.059678772003777
2311.009000338682,3.9728295213854157,4.059934046468294
2311.20899914507,4.1551372289163195,4.060189320932811
2311.6089995910097,3.971561879568532,4.0606998734780415
2311.809001230563,4.128036692727604,4.060955151558755
2312.00900003695,4.070138661443009,4.061210426023272
2312.4090004828904,4.022093623474202,4.061720978568502
2312.8090009288308,4.104670853766374,4.062231531113733
2313.008999735218,3.970841626269192,4.06248680557825
2313.209001374771,3.9882014531136747,4.062742083658963
2313.4090001811583,4.155745863236531,4.0637832231552125
2313.608998987546,4.133002556937267,4.064824362651465
2313.8090006270986,3.972893560156283,4.065865516896405
2314.209001073039,4.159446113856218,4.067947810637597
2314.609001518979,4.019225777126927,4.067115296041228
2314.8090003253665,4.0419244624342365,4.068342677854112
2315.008999131754,4.112745657328275,4.069570059666995
2315.209000771307,4.091733692066309,4.066158016765833
2315.408999577694,3.9837643243839356,4.069373720652472
2315.6090012172467,4.148562016530373,4.068241161351773
2315.8090000236343,4.1473875069031045,4.06710861809458
2316.2090004695747,3.9596684899842876,4.067071433371424
2316.408999275962,4.159688969091116,4.068166776388928
2316.6090009155146,4.066026115517634,4.0692621349229645
2316.808999721902,4.029344301919428,4.069789220813301
2317.4089989742297,4.106821439280237,4.072451006365111
2317.80899942017,3.9786464096554894,4.075786774634721
2318.009001059723,4.158372250833007,4.079422837840035
2318.2089998661104,4.128159051334453,4.0830588495379345
2318.409001505663,3.954870037618506,4.086694912743249
2318.808999118438,4.136227038723963,4.093966936139039
2319.0090007579906,4.030847683552225,4.100120249828871
2319.2089995643782,4.046431448618593,4.106273476352649
2319.6090000103186,4.095390618429277,4.118580016566257
2319.8089988167058,4.076043395212891,4.124733243090021
2320.0090004562585,3.988094522331168,4.132194394016329
2320.208999262646,4.161787452448205,4.13965543925014
2320.409000902199,4.141679311645474,4.147116590176448
2320.809001348139,3.9670298564192414,4.162038786336566
2321.809001046407,5.31933079539121,5.275942431299546
2322.209001492347,5.523120883828021,5.45539760877435
2323.0089995510625,5.790708650127232,5.721797243805828
2323.4089999970024,5.812317978087745,5.8087429724261606
2324.0089992493304,5.928493186090062,5.900919443070504
2324.4089996952703,5.99588767499989,5.94962335731874
2324.609001334823,5.99544854724971,5.973975486925483
2325.0089989475982,6.126621462491132,6.022679056208581
2325.209000587151,6.103188093548784,6.030010991723934
2325.4089993935386,6.111621361279285,6.037342823377218
2325.8089998394785,6.088264399966975,6.052006590545837
2326.009001479031,6.097995500170613,6.05933852606119
2326.209000285419,6.083613974915783,6.062198999651852
2326.4089990918064,6.042369149521117,6.065059473242516
2326.609000731359,6.095799196427289,6.067919987354391
2326.8089995377463,6.090281421751568,6.0707804609450475
2327.2089999836867,6.078344475163254,6.076501448647585
2327.609000429627,6.092001790413795,6.076752908751121
2328.009000875567,6.053757743352865,6.079626015321894
2328.2089996819545,6.081618166389661,6.079408563824565
2328.4090013215073,6.073582963126878,6.079191109246837
2328.609000127895,6.078519999914764,6.078973657749508
2328.808998934282,6.07656961037151,6.079448043363157
2329.009000573835,6.065730732530805,6.07992243569691
2329.2089993802224,6.066299500554926,6.08039682131056
2330.0090002721026,6.1036029158257,6.080972518495206
2330.2089990784903,6.0899728652647305,6.081006286619385
2330.6089995244306,6.0669675186990055,6.082323262885571
2330.8090011639833,6.121709662165908,6.0836064887270265
2331.0089999703705,6.101992104666074,6.084889696390675
2331.409000416311,6.068544282246291,6.085245334341453
2331.6089992226985,6.067790978823252,6.080742404610909
2332.0089996686384,6.088314673394571,6.080824298428483
2332.2090013081915,6.06764660896702,6.08621495980149
2332.4090001145787,6.072830058699298,6.080984761101487
2332.809000560519,6.103835696425307,6.081339102317028
2333.0089993669067,6.068518015045364,6.08731934597717
2333.6090014523998,6.106898485303006,6.0815384670471015
2333.809000258787,6.077422263663371,6.08755990698819
2334.0089990651745,6.084955131645641,6.081304123715288
2334.2090007047273,6.079746844446158,6.087211417706019
2334.408999511115,6.085888082773247,6.081128698712641
2334.6090011506676,6.105810757187661,6.086720453796037
2334.8089999570548,6.091071166759688,6.08079952746052
2335.009001596608,6.048364754506357,6.085753754302684
2335.209000402995,6.097399500706545,6.080417123564494
2335.4089992093827,6.0906173759264615,6.085073799544512
2335.6090008489355,6.096356958826718,6.080081435386573
2336.009001294876,6.055529914925275,6.079603006583866
2336.8089993535905,6.090301704020638,6.07959143571561
2337.0090009931437,6.06379593706,6.082827255623212
2337.208999799531,6.069456884605582,6.079697369009475
2337.4090014390836,6.09737097253136,6.082774122728173
2337.609000245471,6.083895532710023,6.079908603854398
2337.8089990518583,6.089426208238859,6.080840508760104
2338.2089994977987,6.078971529773735,6.082704331772799
2338.4090011373514,6.090776442115365,6.081898445809763
2338.608999943739,6.090119828591435,6.081092571262674
2338.809001583292,6.0901871923244455,6.0802866852996384
2339.2089991960665,6.069286912540851,6.081913005269828
2339.608999642007,6.102314592744289,6.082408300811033
2339.8090012815596,6.059642128354435,6.082090420344987
2340.0090000879472,6.071688798693455,6.081772544381945
2340.2089988943344,6.059077882278828,6.082234857798469
2340.4090005338876,6.0877005196372025,6.082697177764087
2340.6089993402747,6.083286299896626,6.083159491180612
2340.8090009798275,6.0682205639320825,6.0836218111462275
2341.008999786215,6.099542804553316,6.084084124562754
2341.209001425768,6.098315494527222,6.084857690230029
2341.4090002321554,6.093063284577834,6.085631244939198
2341.6089990385426,6.077505321217693,6.086404799648364
2341.809000678096,6.086582933361816,6.0871783653156415
2342.008999484483,6.073135888717178,6.087951920024809
2342.2090011240357,6.107042256666054,6.086151818770401
2342.4089999304233,6.093376928256751,6.087524533992279
2342.6090015699756,6.0770103673531395,6.088897268659915
2343.008999182751,6.0971471693295385,6.0875761660530685
2343.2090008223036,6.085088329629076,6.088856703686433
2343.408999628691,6.100774004785116,6.090137223180074
2343.8090000746315,6.077189483063764,6.088703959962232
2344.0089988810187,6.087346244920905,6.091622312484454
2344.2090005205714,6.124836789061067,6.090846805735643
2344.6090009665118,6.08153633907133,6.089295803223623
2345.2090002188393,6.1198028961259645,6.090716127302098
2345.408999025227,6.070924256898375,6.089897093244954
2345.6090006647796,6.08559398987173,6.089078047585447
2345.808999471167,6.084772125729311,6.088259013528303
2346.00900111072,6.06776221790072,6.088536893009891
2346.208999917107,6.114912408808076,6.088814768555119
2346.40900155666,6.094737137019685,6.089092648036708
2346.6090003630475,6.055212015294816,6.088044857664331
2347.009000808988,6.102809380360737,6.085949262076671
2347.6090000613153,6.072051851309811,6.085867329257987
2347.808998867703,6.095737352131436,6.084649301627761
2348.0090005072557,6.079988336446579,6.087509400813243
2348.208999313643,6.105687833337246,6.086289699626644
2348.608999759583,6.059720630710622,6.0838502799752625
2349.0090002055235,6.096505684383359,6.083798543564322
2349.208999011911,6.081850248747218,6.086306861755114
2349.4090006514634,6.099373164984798,6.083788768175623
2349.608999457851,6.071073979943659,6.084391736129788
2349.809001097404,6.0781495991320735,6.084994712625543
2350.0089999037914,6.10731021536513,6.085597680579708
2350.6089991561194,6.074892565966001,6.084233515111823
2350.8090007956716,6.086579907646267,6.084409693053324
2351.209001241612,6.07053766355005,6.084762046440642
2351.8090004939395,6.100307346348395,6.085374160196759
2352.008999300327,6.087255739451382,6.085633919381519
2352.20900093988,6.094020807175673,6.085893682246003
2352.4089997462675,6.092190615013875,6.086153441430763
2352.8090001922073,6.080590021595912,6.086672963480007
2353.008998998595,6.090897005242658,6.086932722664767
2353.2090006381477,6.089380988753718,6.087192485529252
2353.4089994445353,6.0816767854722364,6.087452244714012
2353.609001084088,6.089498625914325,6.086813804635143
2353.8089998904757,6.0655696713646154,6.0861753736002315
2354.0090015300284,6.098571982106906,6.085536933521363
2354.2090003364156,6.081022499421806,6.086104889789489
2354.8089995887435,6.106204731951943,6.086475629363428
2355.0090012282963,6.088065733478952,6.085710437516009
2355.2090000346834,6.095662507233605,6.084945256508078
2355.6090004806238,6.069560390677084,6.0848945174659885
2356.2089997329513,6.1034641319058665,6.083722819252619
2356.6090001788916,6.063923316359684,6.082576490380603
2356.8089989852792,6.082104874348101,6.082003330004264
2357.009000624832,6.05882013121353,6.08214964011261
2357.2089994312196,6.086389952559058,6.08229594814837
2357.4090010707723,6.072518343498424,6.082442258256716
2358.0090003231,6.1033025387457345,6.080757134193202
2358.80900121498,6.069269456489602,6.081658540978837
2359.0090000213677,6.088626455094687,6.0814960619293545
2359.409000467308,6.064896865275051,6.081814487961168
2359.608999273695,6.068873220751064,6.082295386230101
2359.8090009132484,6.05800850795451,6.082776291311398
2360.0089997196355,6.103694352284624,6.083257189580332
2360.2090013591883,6.096695107476625,6.083738094661628
2360.409000165576,6.066090759431611,6.084218992930563
2360.608998971963,6.097372768010917,6.084699891199496
2360.8090006115162,6.08623454382851,6.085180796280793
2361.2090010574566,6.088395070979181,6.086142599631024
2361.4089998638437,6.065704831075714,6.086623497899957
2361.6090015033965,6.094932777792158,6.0867486489047495
2361.809000309784,6.076101189704854,6.08687379813669
2362.2090007557244,6.112411106287406,6.0871240983734225
2362.4089995621116,6.085121147005424,6.087249247605362
2362.6090012016643,6.102818357758522,6.087374398610155
2363.008998814439,6.064246070434871,6.087624697074034
2363.2090004539923,6.1086174907307536,6.087749848078827
2363.4089992603795,6.097920422525433,6.087874997310767
2363.609000899932,6.0933424816489525,6.08800014831556
2364.0090013458725,6.0613763288591755,6.088250448552293
2364.20900015226,6.111622358767927,6.088375597784232
2364.4089989586473,6.09768169024359,6.088500747016171
2364.6090005982,6.088300143310008,6.088625898020965
2364.8089994045877,6.114636902444936,6.088751047252904
2365.0090010441404,6.096137212078711,6.088876198257697
2365.208999850528,6.1129255776797375,6.089001347489637
2365.609000296468,6.071588850331448,6.089251647726369
2366.208999548796,6.116005357113984,6.087527516999437
2366.4090011883486,6.06575204553814,6.0869528013296215
2366.608999994736,6.103025236903038,6.086378093801063
2366.8089988011234,6.081103761496572,6.085803386272505
2367.009000440676,6.100325267894345,6.08522867060269
2367.2089992470637,6.088344830801205,6.084653963074131
2367.4090008866165,6.047260035834463,6.084079247404317
2367.608999693004,6.070386810017638,6.083504539875757
2367.809001332557,6.061994206574142,6.082929824205943
2368.009000138944,6.084977009896541,6.082355116677385
2368.2089989453316,6.062676688303542,6.081780409148825
2368.4090005848843,6.063815221840427,6.081205693479011
2368.8090010308247,6.0868645576553,6.080056270280637
2369.008999837212,6.070470898310226,6.079481562752079
2369.2090014767646,6.07888281978377,6.078906847082265
2369.60899908954,6.065395376849098,6.078803133465324
2369.8090007290925,6.09537546325183,6.079274134049
2370.00899953548,6.079260601982417,6.07974512796062
2370.2090011750324,6.060450193903962,6.080216128544295
2370.40899998142,6.069080099895578,6.080687122455914
2371.008999233748,6.091824636430834,6.082100110862828
2371.2090008733003,6.057901344424653,6.082571111446503
2371.408999679688,6.077322149053256,6.083042105358123
2372.008998932016,6.106826765869588,6.084455093765037
2372.408999377956,6.073918119310857,6.085397088260333
2372.6090010175085,6.105438560925412,6.085868088844007
2372.808999823896,6.099232884832,6.086339082755627
2373.009001463449,6.099924609956156,6.086810083339303
2373.2090002698365,6.070158019372602,6.087281077250922
2373.408999076224,6.093694362392508,6.087752071162541
2373.6090007157763,6.085752391068205,6.088223071746216
2374.0090011617167,6.105213460988356,6.089165066241512
2374.409001607657,6.073793433230508,6.090107060736807
2374.6090004140447,6.105107660692976,6.0859738002972845
2374.808999220432,6.0655726970801656,6.089813865575069
2375.0090008599846,6.076170980660228,6.08634872302849
2375.409001305925,6.086085751772627,6.087130820623682
2375.6090001123125,6.075425125152389,6.088117564979378
2376.20899936464,6.103936442778229,6.08995102092475
2376.6089998105804,6.089663244790007,6.089670925452556
2376.809001450133,6.119228741663173,6.089886367900537
2377.0090002565203,6.0792350995227835,6.090101807296621
2377.208999062908,6.083092521102953,6.090317246692707
2377.4090007024606,6.080284224827652,6.090532689140687
2377.6089995088482,6.08470053929438,6.09076280846664
2377.809001148401,6.1084979915913475,6.090992931052443
2378.008999954788,6.095760593616813,6.091223050378395
2378.4090004007285,6.099583668338049,6.091683292290151
2378.809000846669,6.083235727222437,6.090360663559949
2379.008999653056,6.097774888932449,6.089699353878876
2379.4090000989963,6.088188823577473,6.090053928678907
2379.608998905384,6.0926406486398825,6.090231214823214
2379.8090005449367,6.081555091857815,6.089296175637501
2380.008999351324,6.084751810210619,6.088361149697285
2380.209000990877,6.108484292747319,6.08742611051157
2380.408999797264,6.079535642850857,6.0874569549314
2380.6090014368174,6.091756142210695,6.08748779978817
2380.8090002432045,6.100555022778401,6.087518644208
2381.0089990495917,6.074246027077365,6.0867009733789
2381.209000689145,6.082762352362188,6.085883290966743
2381.6090011350852,6.087300426942578,6.085148024171848
2381.8089999414724,6.085219831881819,6.085230427038742
2382.0090015810256,6.066968117192191,6.085312831072947
2382.2090003874127,6.072573571119614,6.085180564547332
2382.4089991938,6.067446412996411,6.085048298021716
2382.609000833353,6.105983422471728,6.084916029622424
2382.8089996397403,6.084626957882163,6.084783763096809
2383.0090012792934,6.08147781973762,6.08485786455921
2383.2090000856806,6.085316754528275,6.084931964971912
2383.408998892068,6.06823050556889,6.085006065384614
2383.609000531621,6.094515594792121,6.085080166847016
2383.808999338008,6.08407936986689,6.085154267259717
2384.0090009775613,6.087144419718845,6.0852283687221185
2384.2089997839485,6.084288044490963,6.08530246913482
2384.609000229889,6.082594475023606,6.085591468332737
2385.2089994822163,6.097089348237878,6.086236164583503
2386.009000374097,6.087375404838895,6.087095761614006
2386.208999180484,6.060558986665269,6.087310659349521
2386.6089996264245,6.099277007079633,6.087122421456278
2386.8090012659773,6.0727410494627385,6.086719277072471
2387.009000072365,6.091695694398942,6.086316138399491
2387.6089993246924,6.070853302206252,6.089393324363267
2387.809000964245,6.086779737871041,6.089234368255859
2388.0089997706327,6.076831185143272,6.0890754144001775
2388.2090014101855,6.109799149026628,6.088916458292769
2388.4090002165726,6.099653592291909,6.089928106497316
2388.6089990229602,6.099781237588565,6.090939754701866
2389.0089994689006,6.077607829800551,6.091659398274456
2389.2090011084533,6.114972590622857,6.091367375174866
2389.408999914841,6.0967316488105725,6.09107535621199
2389.609001554393,6.082014003132743,6.0915910848771695
2390.0089991671684,6.1132801848922504,6.092622527596205
2390.609001252661,6.087413641903536,6.091436136740659
2390.809000059049,6.089969706550695,6.091040676856841
2391.0089988654363,6.107871335976323,6.090378097350239
2391.4089993113766,6.087215972904156,6.089052928950991
2391.609000950929,6.090867446329209,6.088390340058347
2391.808999757317,6.11154947559776,6.087727760551743
2392.209000203257,6.0885932719725036,6.086402592152496
2392.4089990096445,6.090771388172907,6.085740012645893
2392.6090006491972,6.064276826334691,6.085077423753248
2392.808999455585,6.072582016523455,6.08495645234108
2393.009001095137,6.067549154326619,6.084835479215242
2393.2089999015247,6.05213812104356,6.084714507803074
2393.609000347465,6.082968200768439,6.084472563265068
2393.8089991538527,6.073945084753833,6.084351591852901
2394.0090007934054,6.076736722968799,6.084230618727062
2394.4090012393453,6.094702956408858,6.083988674189056
2394.609000045733,6.07014395478274,6.083867702776889
2394.8089988521206,6.097968501478016,6.084643933690166
2395.0090004916733,6.0879865661303345,6.0854201755994595
2395.2089992980605,6.081232238033763,6.086196406512735
2395.409000937613,6.096053157035745,6.085756766859091
2395.608999744001,6.09013183170477,6.085317133433255
2395.8090013835536,6.090358028879335,6.0848774937796115
2396.2089989963283,6.080788920831285,6.085137505819166
2396.409000635881,6.090823490329684,6.089345012663335
2396.6089994422687,6.087818489294024,6.085463285609903
2396.8090010818214,6.075339507377217,6.090067327439202
2397.008999888209,6.109538837740481,6.085869795481463
2397.2090015277618,6.06786293100402,6.090564143282558
2397.409000334149,6.115940287604852,6.086258915801016
2397.6089991405365,6.091650940408503,6.090742859997724
2397.8090007800893,6.086780602361197,6.086496085350651
2398.008999586477,6.066165571079821,6.090471376838778
2398.2090012260296,6.071202256983122,6.086923209987495
2398.608998838805,6.119020299786451,6.087582516730761
2399.2090009242975,6.081892409267187,6.088151269323016
2399.408999730685,6.0785106900207655,6.0883196940874065
2399.609001370238,6.102726489054521,6.088488121237687
2399.809000176625,6.077411025291328,6.088656546002078
2400.0089989830126,6.085459927398139,6.088028319538106
2400.2090006225653,6.0721145268462,6.0874000841747335
2400.808999874893,6.109656375152223,6.086279164820465
2401.209000320833,6.0651790880617185,6.0857338710290705
2401.6090007667735,6.101573924177393,6.0854838006263225
2402.209000019101,6.074597608574328,6.089434786641185
2402.4089988254887,6.097976481387158,6.085057906225471
2402.6090004650414,6.08450360178667,6.08949503495521
2402.808999271429,6.084015863089966,6.085054514764085
2403.0090009109817,6.072860847848737,6.089583944442905
2403.208999717369,6.089769543829707,6.085357651562631
2403.409001356922,6.077894474786869,6.089901977071849
2403.6090001633092,6.095814956747844,6.0859346322432435
2403.808998969697,6.089475517427433,6.090358427874792
2404.0090006092496,6.0726266707650325,6.086622766408286
2404.40900105519,6.112581311099488,6.08751794596595
2405.0090003075175,6.071704027020068,6.089747492427752
2405.208999113905,6.088312246172206,6.091209371630059
2405.409000753458,6.075063070024677,6.0926712715412155
2406.0090000057853,6.104411047874471,6.093080370129668
2406.4090004517257,6.0924559469928585,6.091852665861696
2407.008999704053,6.102820851480129,6.095558469168161
2407.209001343606,6.105037736739116,6.092303896474075
2407.4090001499935,6.0934097788827195,6.095699813308846
2407.6089989563807,6.117131255794727,6.092083817229854
2407.809000595934,6.07781477544431,6.095514479919014
2408.008999402321,6.083609552716133,6.091515348452325
2408.2090010418738,6.103473342051002,6.0952945669229
2408.609001487814,6.0669741686232905,6.094965894415099
2409.209000740142,6.106072830703744,6.089775030017243
2410.20900043841,6.083881734117131,6.093276813646635
2410.408999244797,6.097454794826977,6.086857907731014
2410.60900088435,6.060526568284378,6.092720281483198
2410.8089996907374,6.083974001816589,6.086001862977769
2411.00900133029,6.082675670599129,6.092637888921304
2411.209000136678,6.082208480168466,6.085680937631759
2411.408998943065,6.089919433123098,6.09274874315914
2411.6090005826177,6.120858638105498,6.085706905586094
2411.8089993890053,6.076531639303841,6.0925924699384355
2412.009001028558,6.090533586880467,6.085424017806998
2412.2089998349456,6.085343520473524,6.09232404574466
2412.409001474498,6.11674649117558,6.085417367882712
2413.009000726826,6.059489778589058,6.091188005929382
2413.4090011727662,6.0946762569628525,6.0911014239151875
2413.6089999791534,6.076027475294152,6.085705808348587
2413.808998785541,6.095067837754392,6.091198645808238
2414.0090004250937,6.08748599307976,6.086467989420545
2414.2089992314814,6.0637424384191245,6.091384311694283
2414.409000871034,6.1047681155589695,6.087391697153395
2414.6089996774217,6.087324300170763,6.091890803177472
2414.8090013169744,6.095379020961323,6.088240992233491
2415.0090001233616,6.085609484195315,6.092422896869161
2415.6089993756896,6.10532780643644,6.08972648556996
2415.8090010152423,6.102984838613004,6.093683124020466
2416.0089998216295,6.0767623916765405,6.09036095484602
2416.209001461182,6.093810902315608,6.09206856069671
2416.40900026757,6.093050017978885,6.093776142357952
2416.6089990739574,6.095693928125852,6.095483724019195
2416.80900071351,6.111539999455653,6.0933516252948445
2417.0089995198973,6.063226171547235,6.095520221863469
2417.20900115945,6.080351222814826,6.097688849152243
2417.4089999658377,6.083379332337377,6.099857445720874
2417.6089987722253,6.111181701535163,6.102309682387344
2417.809000411778,6.0894365156215,6.1047619537919795
2418.0089992181656,6.089707932281204,6.10721419045845
2418.4089996641055,6.088898935742277,6.117556140757442
2418.6090013036583,6.101799090613694,6.12272715253247
2418.809000110046,6.09479179939731,6.127898091056446
2419.0089989164335,6.063639929836267,6.133069029580422
2419.2090005559858,6.065134034824686,6.143203072869233
2419.609001001926,6.1034317135249765,6.163471015890988
2419.8089998083137,6.091381319228355,6.1736049156239075
2420.0090014478665,6.096754225303521,6.183738958912741
2420.2090002542536,6.099296391608924,6.200515371274827
2420.4089990606417,6.113646495971506,6.217291783636989
2421.8089992048494,7.446962333354044,7.409838033793894
2422.009000844402,7.429678781141112,7.455109742245861
2422.4090012903425,7.595881635538653,7.562270688275725
2423.2089993490576,7.845448140274343,7.77117860850438
2423.608999794998,7.872010830586865,7.8176590117318305
2423.8090014345507,7.861329888447935,7.840899377953694
2424.2089990473255,7.886892330399084,7.877607433387276
2424.608999493266,7.974209925968404,7.904543661030107
2424.8090011328186,7.952979776690638,7.918011870244894
2425.0089999392058,7.995383151894289,7.93147988867291
2425.209001578759,7.991466379739873,7.9449480978877265
2425.409000385146,7.998318694470787,7.95044238714784
2425.6089991915337,8.022136761533039,7.9559366764079655
2426.0089996374736,7.968241618922354,7.966925332759813
2426.209001277027,7.990488142627885,7.97241969985156
2426.409000083414,7.959963094929972,7.9750364036309245
2426.8090005293543,8.01947951828788,7.980269848257655
2427.0089993357415,7.979055991792067,7.982886552037019
2427.2090009752947,7.988182846625524,7.9855032928843865
2427.408999781682,7.993601171683558,7.98597314249998
2427.6090014212346,7.972046306602942,7.986442998771422
2427.809000227622,7.975603317853523,7.986912848387017
2428.0089990340093,7.966630674764242,7.98738269800261
2428.2090006735625,8.017567964302451,7.9878525542740535
2428.4089994799497,8.002415546574849,7.988322403889646
2428.609001119503,7.99724862190442,7.98879226016109
2428.80899992589,8.02587927242156,7.989262109776683
2429.2090003718304,7.983003453347061,7.99020181566372
2429.4089991782175,7.982112030996617,7.990671665279313
2429.6090008177707,7.97147334912652,7.991141521550756
2430.009001263711,8.014212013512635,7.992081227437793
2430.8089993224257,7.9783786970036115,7.9902237083886805
2431.009000961979,7.993602900663873,7.993572377511404
2431.409001407919,7.969977581657029,7.993670497144233
2432.009000660247,8.030050437429509,7.988883482648221
2432.208999466634,7.987847889939274,7.994084355182128
2432.4090011061867,7.997976821863282,7.988233751795927
2433.0090003585146,7.97831223101038,7.993700920547838
2433.208999164902,7.983175653136429,7.987153371846918
2433.4090008044545,7.966142470572837,7.993843760921485
2434.0090000567825,8.01219422698675,7.987641110543623
2434.60899930911,7.973453729828303,7.995062625543738
2434.8090009486627,8.003378788107574,7.987941321375483
2435.0089997550504,7.989434129628666,7.9955638635867405
2435.209001394603,8.010933434591879,7.988243892930463
2435.4090002009902,7.9811687392367485,7.995790692504112
2435.8090006469306,8.001926211896315,7.995896659047599
2436.209001092871,7.965339026720689,7.995727351975296
2436.8090003451985,8.027016176726994,7.988646246599344
2437.209000791139,7.984360237398988,7.988268165154103
2437.4089995975264,7.991558381442361,7.995871123338343
2437.6090012370787,7.98814524130369,7.988078243316517
2437.8090000434663,7.967999528428749,7.995779321133584
2438.4089992957943,8.016831019693155,7.988741905760188
2438.8089997417346,7.9982190453553725,7.988736186825304
2439.009001381287,7.972294116031433,7.996477197437704
2439.2090001876745,8.01464266260935,7.988684217667013
2439.408998994062,7.97170735996212,7.996386558969696
2439.609000633615,7.977128245241004,7.988629189543554
2440.409001525495,8.017274104148285,7.989433730633208
2441.0090007778226,7.974251321747079,7.996115009311505
2441.2089995842102,7.988426732598686,7.989190675900582
2441.409001223763,7.9769110587138465,7.995857291495829
2441.6090000301506,8.015472972155612,7.989594991297127
2441.808998836538,7.984413137546678,7.995618027220045
2442.009000476091,8.006669602889016,7.989895202128987
2442.208999282478,8.003885578837355,7.995136572701789
2442.409000922031,7.998820763754328,7.990074085092262
2442.6089997284184,7.967223715012004,7.994351050395589
2442.809001367971,7.983637490378042,7.99033067242081
2443.009000174359,7.993374010269973,7.993831624809665
2443.208998980746,7.9719050289615,7.990857645670796
2443.6089994266863,8.005359168809354,7.991497168889314
2443.809001066239,8.000947941534706,7.991748249049488
2444.0089998726266,8.0090370091842,7.991999325652935
2444.4090003185665,7.990135197896442,7.992455089654172
2444.608999124954,7.970212224235437,7.992659773495235
2444.809000764507,7.972688257043822,7.992864460235832
2445.0089995708945,7.978383717696445,7.993069144076895
2445.4090000168344,8.028072417450847,7.9934785146585545
2445.8090004627747,7.99173157872037,7.990177125669061
2446.0089992691624,7.992107731687566,7.993789464289697
2446.209000908715,8.002781957402968,7.989640709526589
2446.8090001610426,7.962989974216531,7.993928081961423
2447.209000606983,8.007973154297039,7.994526009903536
2447.4089994133706,7.985493284748339,7.989429408182424
2447.8089998593105,8.012693702799819,7.989775935736931
2448.0090014988637,7.961372646131104,7.995341190872049
2448.209000305251,8.00724435584499,7.990095464598838
2448.4089991116384,7.971513115673746,7.99578736754197
2448.609000751191,8.008823546614643,7.990622404599204
2448.8089995575783,7.99285159221812,7.996308854604422
2449.0090011971315,7.991791527787802,7.991061831595976
2449.2090000035187,8.016296698276832,7.996718257193046
2449.4089988099063,8.005267532852704,7.991324536854867
2449.609000449459,7.971602989400462,7.996727367589316
2449.808999255846,7.97490537505016,7.991364303402093
2450.0090008953994,8.01013135397421,7.997082008051452
2450.2089997017865,7.993154762266287,7.9916201924885915
2450.4090013413397,7.992693556767481,7.997381853137476
2450.8089989541145,8.017929321188115,7.997619720929162
2451.009000593667,8.013598292000346,7.991410886121713
2451.2089994000544,7.947270982939822,7.99728848820051
2451.4090010396076,7.982868526383311,7.990911742804858
2451.6089998459947,7.977597297650468,7.9977005507588474
2452.2089990983227,8.003592616422967,7.991626642915149
2452.4090007378754,8.010052485872187,7.999392324746648
2452.6089995442626,8.009080499689025,7.991902116028667
2453.2089987965905,7.973234847570451,7.999843522109405
2453.4090004361433,8.02987378219087,7.992313513594576
2453.6089992425304,7.989217009600751,7.999858251691697
2454.008999688471,8.016551091130367,7.99921709924173
2454.2090013280235,8.01090892962089,7.9918102805742866
2454.409000134411,7.955523206481656,7.997806683550441
2454.6089989407983,8.005590619424105,7.991093751232547
2454.809000580351,7.98929318448344,7.996863092543981
2455.0089993867387,7.958833106545795,7.990596436644871
2455.408999832679,8.011426592976877,7.9907778133297525
2456.0089990850065,7.974659427600468,7.994700936161859
2456.2090007245592,8.004425186943484,7.990922083437122
2456.6090011704996,7.9687818255216705,7.991047301511414
2457.209000422827,8.024450669187349,7.9919961874727905
2457.6090008687675,7.993666473940041,7.991403762421349
2457.808999675155,8.014749593391858,7.991408143027944
2458.2090001210954,7.9740051415500375,7.991416904303191
2458.4089989274826,7.9879981449785005,7.991421284909785
2458.6090005670353,7.941098556467836,7.991425665578436
2459.0090010129757,8.015023005028848,7.991434426853682
2459.609000265303,7.971181251202289,7.987831963370612
2459.808999071691,8.005278771224747,7.991846456162397
2460.0090007112435,8.000651654158176,7.987824914450868
2460.208999517631,7.972074435782668,7.99211268588116
2460.4090011571834,8.000329099580718,7.987922901085212
2460.608999963571,7.985607962692638,7.99247141604673
2460.8089987699586,7.996869044226216,7.9881868698297165
2461.0090004095114,7.982534001942139,7.992778808796818
2461.208999215899,8.01139892929185,7.988567046001108
2461.6089996618393,7.979318397804366,7.9889183282514775
2461.8090013013916,7.979091203141158,7.993266148498066
2462.208998914167,8.015695910867276,7.993656166557399
2462.4090005537196,7.983023137122945,7.990010279068745
2462.608999360107,8.00157805511036,7.993798774183695
2463.008999806047,7.9830016578675025,7.993944673522515
2463.2090014456,7.987309611818001,7.991045838528071
2463.4090002519874,7.965970204284227,7.992302723699052
2463.809000697928,7.993374775011266,7.994816511845938
2464.4089999502553,8.012264716184173,7.99350188831398
2465.008999202583,7.974006438285274,7.996266029092025
2465.2090008421355,8.008230406618017,7.995954046421029
2465.408999648523,8.00177103591312,7.995642068169488
2465.609001288076,7.988029466121885,7.995330085498492
2465.8090000944635,8.02251763594648,7.995763093273679
2466.2090005404034,7.9845566761623745,7.996629114958002
2466.8089997927314,8.0146396368938,7.99621997836635
2467.009001432284,8.008285168744505,7.9960835982145175
2467.2090002386713,8.0119585869197,7.995947219994608
2468.009001130552,7.9544905729890125,7.996236095437791
2468.6090003828795,8.023990926671885,7.996661347092869
2468.808999189267,8.012462750929389,7.996803096975222
2469.00900082882,8.004429376395786,7.996944848865592
2469.208999635207,8.006946505736256,7.997086598747946
2469.40900127476,8.011286944566887,7.997228350638316
2469.6090000811473,7.993155793004551,7.99737010052067
2469.808998887535,7.998839051046112,7.997511850403025
2470.2089993334753,7.981037868726814,7.9937497974913345
2470.409000973028,8.00295143072338,7.9980670280862105
2470.608999779415,7.994057655736122,7.993317519163169
2470.8090014189684,8.012026582395517,7.998483479594577
2471.0090002253555,7.985913094468467,7.992728269372249
2471.208999031743,7.991055913163362,7.998736143467797
2471.409000671296,8.00814987603492,7.992211603504904
2471.6089994776835,7.960163024903611,7.9989788989538315
2471.809001117236,8.010375971439045,7.991902947269202
2472.0089999236234,7.9831575653423705,7.999563660045858
2472.2090015631766,8.018634379410463,7.99188170076111
2472.4090003695637,7.9841134587087605,7.999952447869199
2472.6089991759513,8.00030279913017,7.991790164553323
2472.809000815504,7.986549159726357,8.00017465508919
2473.0089996218912,8.008727854204176,7.991977492920439
2473.2090012614444,7.996902892340827,8.000259641121557
2473.4090000678316,8.012237883739683,7.9921281802047455
2473.608998874219,7.965730142017527,7.999873779264904
2473.809000513772,8.019383194134608,7.992363886771038
2474.008999320159,7.993178735243335,7.9995711744603
2474.2090009597123,8.005583337757013,7.992583799767151
2474.4089997660994,7.999849274293912,7.998931484993678
2474.80900021204,7.972525666395047,7.998295585983896
2475.60900110392,8.025700156710935,7.997820349144849
2476.0090015498604,7.986574362939399,7.997235255556607
2476.209000356248,8.00002659452498,7.996550837497758
2476.408999162635,7.972907704545236,7.9958664194389115
2476.609000802188,7.974594923334901,7.9951819916846585
2477.209000054516,8.030283051781007,7.995646422944998
2477.8089993068434,7.961406593994582,7.9952015703549675
2478.2089997527837,7.9961287746547764,7.994601908075831
2478.4090013923364,7.992612760187415,7.9943020748125875
2478.609000198724,8.018725649621278,7.994002245796695
2478.808999005111,8.006299501352917,7.993702416780803
2479.0090006446644,8.012558443339854,7.9969974542641635
2479.4090010906043,7.974606760200129,7.997014577819199
2479.608999896992,7.982178563489091,7.991911558921151
2479.809001536544,7.984773862689535,7.997306542744944
2480.2089991493194,7.970186389279588,7.997910887863991
2480.409000788872,8.037275679914343,7.991516087923905
2480.60899959526,8.007912440488315,7.998717889425633
2480.8090012348125,8.019902719469396,7.991141796935508
2481.0090000412,7.9518716333077375,7.9986164115810405
2481.40900048714,8.002146191391674,7.999074458365811
2481.6089992935276,7.997267075444311,7.990920055210215
2481.8090009330804,7.977832472222817,7.999292176886913
2482.008999739468,8.014151765198612,7.991387844134064
2482.2090013790207,7.983517292996584,7.999579087870201
2482.409000185408,8.011136124284095,7.99196140010367
2482.6089989917955,7.974061100662899,7.999681064459115
2482.809000631348,7.980326426577152,7.992719325224085
2483.2090010772886,8.009711909999915,7.9939523541850654
2483.4089998836757,7.984016037317981,8.000494316949585
2483.809000329616,8.02579608186875,8.000784419896531
2484.0089991360037,8.016277147499434,7.995589798291454
2484.4089995819436,7.985989701596235,7.995792554482913
2484.809000027884,7.996516664738338,7.996142972243126
2485.0089988342716,7.994293462051279,7.99942710385066
2485.2090004738243,8.016840861581098,7.99644285057877
2485.4089992802114,8.010662017932177,7.9988357260839695
2485.609000919764,8.018179624338211,7.996478228175969
2486.0090013657045,7.96711734947306,7.997124092513836
2486.209000172092,7.992536385806997,7.9974470223954714
2486.4089989784798,7.979851555483938,7.996900645029755
2486.609000618032,7.987666579753636,7.996354259924107
2486.80899942442,8.018561329992188,7.99580788255839
2487.0090010639724,8.009871574682004,7.995704402207063
2487.20899987036,7.996306726628652,7.995600923321609
2487.4090015099127,8.01586518468996,7.995497442970282
2488.0090007622402,7.97113583221942,7.99497145836377
2488.208999568628,7.974579030015859,7.9946524360474065
2488.4090012081806,8.031713450494774,7.994333409211802
2488.609000014568,8.002220304797833,7.994014386895439
2488.808998820956,7.998081724418881,7.993695364579076
2489.009000460508,8.005134301619648,7.993376337743473
2489.809001352389,7.962949509427255,7.992302971944074
2490.4090006047163,8.00378988642689,7.991497949495162
2490.8090010506567,7.985266555579831,7.990961266595463
2491.0089998570443,7.997659154980171,7.99069292704625
2491.409000302984,7.969304143824659,7.990647641061868
2491.608999109372,7.972682205612722,7.994396336379973
2492.209001194865,8.024461974058635,7.991588306101645
2492.409000001252,7.967004832754155,7.99591767280834
2492.6089988076396,8.006994285442243,7.991982347365169
2492.8090004471924,7.9727416891854554,7.9963614887551415
2493.2090008931327,8.003282630202408,7.996766269646385
2493.4089996995203,7.996760583961122,7.993265383756773
2493.609001339073,8.020849036944814,7.996903590582877
2494.008998951848,7.976480708863724,7.996661167593057
2494.408999397788,8.005310956858287,7.994864421370947
2494.609001037341,7.965071201020098,7.995537765813389
2494.808999843728,7.985794692566568,7.996211100717429
2495.2090002896684,8.007250606773821,7.995765466072528
2495.609000735609,7.972917779180529,7.995642678366615
2495.808999541996,8.005224940087656,7.995742704987989
2496.0090011815487,7.988594210941812,7.995842733026332
2496.2089999879363,7.996402186291766,7.995942759647707
2496.408998794324,8.02029882220945,7.996042786269082
2496.6090004338766,7.997917637537141,7.996142814307424
2497.009000879817,8.033902040325929,7.996342868967142
2497.409001325757,7.97271173127655,7.99485020127151
2497.6090001321445,7.97255954775928,7.994103872709905
2498.009000578085,8.017027890701621,7.995478415304928
2498.208999384472,7.965330614566469,7.99616568173456
2498.6089998304124,8.010187878330633,7.994607984981232
2499.409000722293,7.954637769063069,7.996474803464961
2499.809001168233,8.007796665306508,7.996416439158355
2500.0089999746206,7.996729262817738,7.996387257211746
2500.208998781008,8.001443892887904,7.996932833858448
2500.409000420561,7.993512461693593,7.99747841823374
2500.608999226948,8.007022015626513,7.998023994880442
2500.809000866501,7.98893678179137,7.998569579255734
2501.0089996728884,8.009054764482041,7.9991151559024365
2501.209001312441,8.007459447646001,7.999288876842666
2501.4090001188288,7.983690989018916,7.999462595322015
2501.8090005647687,8.023599013384134,7.999810034741594
2502.209001010709,7.987662190803607,8.000157474161172
2502.8090002630365,8.015277963125946,8.0006786320601
2503.008999069424,7.993789198292726,8.00085235053945
2503.209000708977,8.002131694556732,8.00102607147968
2503.4089995153645,8.020870117204797,8.00119978995903
2503.609001154917,8.010688384881966,8.001373510899258
2503.808999961305,7.9877611084273505,8.001547229378607
2504.008998767692,7.9883619955857705,8.001720947857956
2504.2090004072447,7.993097938663269,8.001894668798187
2504.4089992136323,7.979276137535534,8.002068387277536
2504.609000853185,7.983522878932983,8.001090854874992
2505.0090012991254,8.015481650306805,7.999135803917343
2505.2090001055126,8.013156836776668,8.00186220637507
2505.4089989119,8.031239610139826,8.000286713752828
2505.609000551453,7.963992350553674,7.998711198812298
2505.8089993578405,7.997835311474489,7.997135706190056
2506.409001443333,8.022691930461997,7.9912459539567875
2506.8089990561084,8.005443057604214,7.983976427173667
2507.009000695661,8.012874115245678,7.980341612292374
2507.2089995020488,7.978710794222417,7.976706848900815
2507.409001141601,7.991660324781654,7.9730720340195305
2507.6089999479887,8.009949678042734,7.96943727062797
2508.009000393929,7.9742367584128955,7.962167692355117
2508.6089996462565,8.018558171278153,7.942508406915566
2509.009000092197,7.980274557167726,7.926483884867557
2509.4090005381368,8.026150822079748,7.910459362819567
2509.809000984077,7.980811738051492,7.886762523877035
2510.2090014300175,0.3116888021514175,0.3119003694925535
2510.409000236405,0.012647425976718196,0.21488493996583102
2510.6089990427927,0.012910596730309365,0.11786951043910854
2511.0089994887326,0.01997015635157595,0.09938476369886212
2511.8090003806133,0.015417185940785672,0.06241527021832727
2512.408999632941,0.01624284054004832,0.0445027799446924
2514.209000223089,0.015574223902783402,0.01945298445920864
2517.608999763833,0.015113384149811893,0.015309092683158165
2527.00900032735,0.01365532175101869,0.014734797729759436
2530.2090010617057,0.013298786060463641,0.01453929303162725
2534.4090014943304,0.01228936080357812,0.014282693147783593
2539.80900043161,0.012005941030537315,0.01395277911032338
2542.209000274086,0.011442625944329876,0.013806150629997413
2544.4090013101745,0.011426865623775484,0.013671741117576615
2548.008999657306,0.010700161897878147,0.013451798483634064
2549.4089998015143,0.010936566706218898,0.01336626518901951
2555.2089991847342,0.01026788356971231,0.013011913042656162
2571.209000023351,0.009021255513570026,0.012034389725087864
2573.009000613499,0.00916901683118887,0.011924418321570202
2575.608999262363,0.008782024487405948,0.011765570873339067
2584.208998933999,0.008336878555750715,0.01124015213774664
2669.8090008707504,0.005974725700749417,0.006010402544539772
2669.8090008707504,0.005974725700749417,0.006010402544539772
