time_s,pressure_MPa
1750.008999620475,0.0
1750.8090005123554,-0.0023169998691034976
1751.0089993187428,0.0011580178150402964
1751.2090009582955,-0.0011579845654203919
1752.408999462951,0.0
1774.2089996847878,0.0007720229599001982
1775.0090005766683,0.0189199988306772
1776.4090007208763,0.0444050024135247
1778.8090005633524,0.0741370133907928
1779.2090010092927,0.0764540132598963
1779.8090002616202,0.08301802052342029
1780.2090007075606,0.08379001023370229
1780.808999959888,0.09189902765605142
1781.2090004058284,0.09189902765605142
1782.2090001040965,0.1000080118287787
1782.808999356424,0.1559960186105318
1785.2089991989,0.29963700989293146
1786.209001730333,0.4108419979851785
1786.409000536721,0.4112280260899403
1790.2090005234047,0.6147190009323982
1790.408999329792,0.6120160062081563
1791.2090002216726,0.6448370067648082
1791.609000667613,0.6533320190422955
1792.2089999199409,0.6788160251365003
1793.2089996182085,0.7174290099967777
1793.4090012577612,0.7124100128920752
1793.6090000641486,0.7139540255622556
1795.8090011002373,0.7803690138744805
1796.2090015461774,0.7726460245568934
1796.6089991589524,0.793883023256674
1796.8090007985052,0.8178230166806965
1797.0089996048926,0.808170019837787
1797.409000050833,0.8147340271013145
1797.6090016903856,0.8112590094171708
1798.4089997491008,0.8332679978272299
1798.8090001950409,0.8425360305532639
1799.6090010869214,0.8676340085427049
1799.8089998933087,0.8676340085427049
1800.0090015328617,0.8799900001098565
1800.4089991456365,0.8707229981220869
1801.4090016770697,0.8996830193890785
1801.609000483457,0.8884850123873457
1802.6090001817247,0.9205340232337171
1802.8089989881123,0.9209200180888573
1803.0090006276653,0.916673010694435
1803.2089994340529,0.919375007930034
1803.8090015195455,0.9460180293279219
1804.009000325933,0.9494940112510868
1804.2089991323203,0.9413850270783595
1804.4090007718733,0.9448600115128818
1804.6089995782609,0.94563200122316
1805.2090016637535,0.9603050259090367
1805.409000470141,0.965325020502382
1805.6089992765287,0.9633940154884169
1805.8090009160812,0.965325020502382
1806.4090001684087,0.976136999399353
1807.008999420737,0.9881070293609859
1807.2090010602897,0.9823150118077386
1808.2090007585573,1.0186110300485343
1808.408999564945,1.013977030310329
1808.6090012044976,1.0004630209281358
1809.2090004568252,1.0278779987866802
1810.0090013487056,1.0205410043242331
1811.0090010469737,1.0456400130519388
1811.208999853361,1.0359870162090292
1811.6090002993012,1.0533630023695277
1811.8089991056888,1.0479570129210405
1812.4090011911817,1.0591540224341323
1812.6089999975693,1.054135025329428
1812.809001637122,1.0746000010693066
1813.0090004435092,1.0738270138703836
1813.2089992498968,1.077303029043172
1813.4090008894495,1.0680350295667598
1813.80900133539,1.0803920186225542
1814.2090017813305,1.0784610136085906
1814.608999394105,1.0885000053066385
1814.8090010336575,1.0969950175841277
1815.0089998400451,1.0896590206103234
1815.209001479598,1.0950650100588089
1815.4090002859853,1.0885000053066385
1816.0089995383128,1.108965014296139
1816.209001177866,1.1078070297307203
1816.4089999842531,1.1081930245858604
1816.609001623806,1.0950650100588089
1816.8090004301937,1.0989260225980908
1817.4089996825207,1.1290440284305008
1817.6090013220744,1.124024000587534
1817.809000128461,1.1232520108772537
1818.0090017680143,1.1159160139034476
1818.609001020342,1.133678028168708
1819.009001466282,1.132519012865023
1819.2090002726693,1.1348360127341248
1819.408999079057,1.128658000325741
1820.00900116455,1.1483510196049593
1821.009000862818,1.15066702198542
1821.2089996692052,1.146806009446136
1822.009000561086,1.1753800026083656
1822.409001007026,1.1672710184356383
1822.6089998134132,1.16958801830474
1823.0090002593536,1.1796270100027897
1823.2089990657407,1.165340013421675
1823.409000705294,1.1680430081459185
1823.6089995116813,1.1688149978561968
1823.8090011512345,1.1900530272942405
1824.0089999576217,1.1800130048579296
1824.4090004035615,1.1966170013081463
1824.6089992099492,1.1881220222802789
1824.809000849502,1.1912110118596608
1825.0089996558893,1.1927550245298395
1825.4090001018296,1.2004780138474285
1825.6090017413824,1.19970602413715
1825.80900054777,1.1923690296747014
1826.0089993541571,1.193142016873624
1826.20900099371,1.1954580192540831
1826.6090014396505,1.2170820102976485
1826.8090002460376,1.210903997889261
1827.0089990524248,1.2151510052836834
1827.209000691978,1.2128340054145816
1827.4089994983656,1.2074280159660944
1827.6090011379183,1.2163090230987255
1827.8089999443057,1.2151510052836834
1829.0090012821263,1.2286660121545196
1829.209000088514,1.2305960196798384
1829.4090017280664,1.2387050038525658
1829.609000534454,1.2348440245629053
1829.8089993408416,1.2398630216676079
1830.0090009803944,1.2286660121545196
1830.2089997867815,1.2313680093901187
1830.4090014263345,1.2464280264197765
1830.6090002327217,1.2275070301004565
1831.0090006786625,1.2475860109851968
1831.2089994850496,1.2510610286693389
1831.4090011246024,1.2448830162609532
1831.6089999309895,1.2541500182487209
1831.8090015705427,1.244497021405813
1832.2089991833172,1.2587840179869279
1832.8090012688103,1.244497021405813
1833.209001714751,1.270368019843799
1833.4090005211383,1.2607140255122484
1833.8090009670784,1.270368019843799
1834.0089997734656,1.263031025381352
1834.2090014130183,1.2672790302644152
1834.6089990257933,1.2761600041474246
1834.8090006653465,1.2688230096849757
1835.0089994717337,1.2730710145680426
1835.2090011112864,1.2742289991334612
1835.408999917674,1.2668920046710126
1836.0089991700015,1.2896740135296163
1836.6090012554944,1.2788620013830236
1836.8090000618824,1.2831100062660905
1837.009001701435,1.2858130009903341
1837.2090005078223,1.2811790012521271
1837.80899976015,1.2989410155173857
1838.0090013997028,1.303961010110731
1838.2090002060904,1.3020300050967677
1838.6090006520303,1.3024159999519076
1839.009001097971,1.3089810047040764
1839.409001543911,1.2985550206622456
1839.6090003502984,1.299327010372524
1840.208999602626,1.3209510014160877
1841.0090004945064,1.3174750194929228
1841.4090009404467,1.32558400366565
1842.0090001927745,1.315159017112462
1842.2089989991616,1.3209510014160877
1842.4090006387144,1.3410290180618052
1842.608999445102,1.3244260191002315
1843.0089998910423,1.3383260233375633
1843.4090003369824,1.330218003403857
1843.60899914337,1.3398710002467649
1843.8090007829228,1.3356240261019625
1844.209001228863,1.3402570283515267
1844.609001674803,1.3383260233375633
1845.2090009271308,1.3568610248017432
1845.6090013730711,1.3529990147738165
1845.8090001794585,1.3560880043532
1846.2090006253984,1.3464350075102924
1846.408999431786,1.344891028089732
1846.8089998777264,1.3614940270513056
1847.009001517279,1.3549300197877796
1847.6090007696068,1.363039003960509
1847.8089995759944,1.3607220040914052
1848.009001215547,1.3684450266586146
1848.2090000219343,1.3649690114858277
1848.4090016614875,1.3518410302083979
1848.6090004678747,1.3568610248017432
1848.808999274262,1.3553160146429202
1849.4090013597552,1.381573007936046
1849.80899897253,1.3730780289081768
1850.009000612083,1.3777120286463838
1850.2089994184705,1.3726920008034167
1850.6089998644104,1.3846620307650497
1851.208999116738,1.371534016237998
1851.6089995626785,1.3943150276079574
1851.8090012022312,1.3835040129500094
1852.2090016481716,1.3939289995031974
1852.6089992609463,1.3873650254892933
1852.809000900499,1.3950880148068805
1853.0089997068865,1.389296030503255
1853.4090001528264,1.3974040171873412
1853.6089989592144,1.397018022332201
1853.809000598767,1.3900680202135354
1854.408999851095,1.4024240117806865
1855.0089991034224,1.4097610062431354
1855.2090007429751,1.3947010224630978
1855.4089995493623,1.4004930067667234
1855.6090011889155,1.3993350222013028
1856.0090016348556,1.4170970032169397
1856.209000441243,1.4105330292030356
1856.4089992476304,1.4163250135066612
1856.6090008871831,1.4058990294648306
1856.8089996935705,1.4174829980720798
1857.0090013331237,1.4167110083618013
1858.2089998377787,1.415165998202978
1858.4090014773317,1.429839022888853
1858.609000283719,1.427136028164611
1859.0090007296592,1.425978010349569
1859.2089995360463,1.4294530280337128
1859.4090011755995,1.4225030259150468
1860.009000427927,1.4286810050738126
1860.6089996802548,1.429839022888853
1860.8090013198075,1.425978010349569
1861.4090005721357,1.4406510017858236
1861.6089993785224,1.4348590174821982
1862.008999824463,1.4421950144560043
1862.209001464016,1.4364040276410215
1862.409000270403,1.4510760215886336
1862.6089990767905,1.4433540297596872
1862.8090007163432,1.4460570244839293
1863.0089995227308,1.43756201220644
1863.209001162284,1.441423024745724
1863.408999968671,1.4533930214577353
1863.609001608224,1.4418090196008642
1864.0089992209987,1.4533930214577353
1864.4089996669388,1.4499180037735933
1864.8090001128792,1.4495320089184514
1865.408999365207,1.4699970179079538
1865.60900100476,1.4518490087875549
1865.808999811147,1.4580270211959405
1866.0090014507,1.4638190054995661
1866.2090002570872,1.4530070266025954
1866.6090007030275,1.464591028459468
1867.009001148968,1.4618880004856045
1867.8089992076827,1.4788780250405829
1868.0090008472357,1.4769470200266177
1868.2089996536229,1.4642050003547062
1868.409001293176,1.4653630181697486
1868.6090000995632,1.4757890022115774
1868.809001739116,1.474630020157516
1869.409000991444,1.4796500147508613
1869.608999797831,1.4703830127630937
1869.809001437384,1.4842840144890665
1870.0090002437717,1.4777190097368982
1870.4090006897115,1.4869870092133102
1870.809001135652,1.4800360096060015
1871.209001581592,1.4827390043302433
1871.4090003879796,1.4927780292779147
1871.6089991943668,1.4858280271592488
1872.0089996403071,1.4920060063180127
1872.20900127986,1.485441999054487
1872.4090000862475,1.494323006187116
1872.6090017258,1.4896890064489092
1873.008999338575,1.4993430007804618
1873.209000978128,1.4885310218834906
1873.4089997845156,1.497026000911358
1873.609001424068,1.4931650216216976
1874.609001122336,1.5066790310038878
1874.8089999287236,1.4989570059253214
1875.009001568276,1.500887013450642
1875.2090003746637,1.4981840187263984
1875.609000820604,1.5082240079130909
1875.8089996269912,1.5024320236094653
1876.8089993252595,1.5263720170334878
1877.6090002171395,1.503976003030024
1878.2089994694672,1.5109270026373327
1878.80900155496,1.5263720170334878
1879.009000361348,1.5171050150457186
1879.208999167735,1.5178770047559986
1879.409000807288,1.5294610066128698
1879.6089996136752,1.5236690223092462
1880.009000059616,1.515560004886897
1880.409000505556,1.5147880151766167
1880.6089993119435,1.516332027846797
1880.809000951496,1.5340940088624342
1881.0089997578837,1.5290750117577296
1881.809000649764,1.531005019283052
1882.0089994561515,1.5371829984418162
1882.209001095704,1.535253024166117
1882.408999902092,1.5217380172952826
1882.6090015416444,1.5263720170334878
1882.809000348032,1.5256000273232078
1883.0089991544191,1.5387280086006392
1883.209000793972,1.531005019283052
1883.4089996003595,1.5414310033248808
1883.609001239912,1.5406590136146026
1884.0090016858528,1.5429750159950633
1884.60900093818,1.5460640055744452
1884.808999744568,1.5441339980491247
1885.0090013841204,1.5325500294418735
1885.209000190508,1.5367970035866756
1885.4089989968952,1.5398860264156795
1885.609000636448,1.54992601560237
1885.808999442836,1.5479950105884086
1886.0090010823883,1.549153028403449
1886.208999888776,1.5545590178519344
1886.4090015283284,1.548381005443547
1886.609000334716,1.5518560231276908
1887.009000780656,1.5534010000368923
1887.2089995870435,1.5553320050508557
1887.8090016725369,1.54992601560237
1888.208999285312,1.5688460144330474
1888.4090009248644,1.5526290103266136
1888.8090013708045,1.5653710299985253
1889.2089989835797,1.5580340022864565
1889.8090010690723,1.5669150094190858
1890.00899987546,1.5649850018937634
1890.2090015150127,1.5700039989984678
1890.4090003214,1.5618960123143832
1890.6089991277877,1.564599007038625
1890.80900076734,1.5773410267105383
1891.008999573728,1.5626680020246617
1891.409000019668,1.5723209988675713
1891.609001659221,1.5599650073004199
1891.8090004656085,1.563826019839702
1892.6090013574883,1.5804300162899185
1893.0089989702635,1.5661430197088058
1893.408999416204,1.5831330110141622
1893.6090010557564,1.5688460144330474
1893.808999862144,1.576183008895496
1894.0090015016967,1.574637998736673
1894.209000308084,1.5661430197088058
1894.808999560412,1.5881530056075075
1895.209000006352,1.5773410267105383
1895.409001645905,1.5858360057384058
1895.6090004522923,1.5738660090263945
1896.0090008982324,1.5916280232916513
1896.20899970462,1.5777270215656767
1896.4090013441728,1.5846770236843446
1897.608999848828,1.5981920305551789
1897.809001488381,1.5904690079879682
1898.009000294768,1.5966470203963539
1898.208999101156,1.582747016159022
1898.4090007407085,1.590083013132828
1898.608999547096,1.597420007595277
1898.8090011866489,1.590083013132828
1899.008999993036,1.5927860078570717
1899.209001632589,1.6294690184416485
1899.4090004389764,1.6117070041763917
1899.608999245364,1.6155680167156756
1900.409000137244,1.6673090161030029
1900.8090005831848,1.6619030266545194
1901.008999389572,1.6696260159721066
1901.408999835512,1.7097840109912068
1901.609001475065,1.7024470165287582
1902.2090007273928,1.7271589996630612
1902.40899953378,1.7333370120714473
1902.609001173333,1.7314070045461276
1902.8089999797205,1.7221400025583584
1903.408999232048,1.7619110052336762
1903.6090008716008,1.7549610031150105
1904.0090013175409,1.7754260121045113
1904.2090001239285,1.7611390155233968
1904.408998930316,1.7792870246437946
1904.6090005698688,1.7773560196298313
1904.808999376256,1.7622970000888152
1905.409001461749,1.7897120111969826
1905.6090002681367,1.7850790089474193
1906.0090007140768,1.799366005528534
1906.208999520464,1.7866230216175998
1906.8090016059573,1.8082470126611625
1907.009000412345,1.7955040287502293
1907.208999218732,1.821375027188215
1907.4090008582848,1.820988999083454
1907.6089996646724,1.8182860043592113
1907.8090013042247,1.8314140188862624
1908.0090001106123,1.8271670114918397
1908.2090017501653,1.8244640167675974
1908.6089993629405,1.8352760289141896
1908.809001002493,1.820988999083454
1909.209001448433,1.8383650184935716
1909.4090002548207,1.8298700062160824
1910.0089995071485,1.8495630254953033
1910.209001146701,1.839137008203851
1910.4089999530888,1.8449290257570976
1910.609001592641,1.8650080066418377
1910.8090003990287,1.839137008203851
1911.0089992054163,1.8487900050467596
1911.209000844969,1.8696410088914002
1911.4089996513565,1.8457010154673776
1912.0090017368493,1.8723440036156425
1912.209000543237,1.8665520193120182
1912.609000989177,1.87775002631375
1912.808999795565,1.8746610034847457
1913.2090002415048,1.884700028432416
1913.8089994938323,1.8912649999349624
1914.0090011333853,1.8762060136435688
1914.2089999397729,1.8935810023154227
1914.4090015793251,1.88894800006586
1914.609000385713,1.88817601035558
1915.2089996380405,1.9009180300274924
1915.4090012775928,1.884700028432416
1915.6090000839808,1.91018499876564
1915.8090017235336,1.9055509990274342
1916.009000529921,1.8920370228948649
1916.409000975861,1.9155910214637473
1916.6089997822487,1.902076014592912
1917.2089990345764,1.9314220307150425
1917.6089994805168,1.9271750233206184
1917.8090011200693,1.9387590251774913
1918.008999926457,1.921383005767372
1918.2090015660096,1.9298780180448611
1918.409000372397,1.929492023189722
1918.6089991787844,1.9352830100047038
1918.8090008183367,1.929105030845939
1919.0089996247248,1.9464810170064357
1919.2090012642773,1.9237000056364746
1919.409000070665,1.9325810127691048
1919.6090017102176,1.9507290218895017
1919.809000516605,1.9348970151495646
1920.0089993229928,1.9364420253083878
1920.408999768933,1.9526590294148223
1920.6090014084857,1.9325810127691048
1921.0089990212605,1.9557480189942043
1921.2090006608128,1.9460950221512956
1921.4089994672008,1.9511150167446414
1921.6090011067536,1.9619260314025908
1921.808999913141,1.9603820187324104
1922.8089996114088,1.9711940308790021
1923.009001250961,1.988956011894639
1923.209000057349,1.9688770310098986
1923.409001696902,1.9862530171703972
1923.6090005032893,1.9847080070115735
1924.0090009492292,1.9615400032978294
1924.2089997556168,1.9858660248266142
1924.4090013951695,1.9681050080499984
1924.609000201557,1.977758004892907
1924.8089990079447,1.988569019550856
1925.0090006474973,1.966174003036035
1925.4090010934376,1.9870250068806756
1925.608999899825,1.9897280016049192
1925.8090015393775,1.9789160227079483
1926.2089991521527,1.9881830246957168
1926.4090007917052,1.9785300278528082
1926.8090012376456,2.009034028540358
1927.0090000440327,1.984322012156433
1927.409000489973,2.015212007699122
1927.6089992963607,1.9924310295787828
1927.8090009359137,2.0028560161319717
1928.2090013818536,2.0210040252523687
1928.4090001882407,2.0016979983169305
1928.8090006341813,2.027955024859678
1929.2090010801217,2.015212007699122
1929.4089998865093,2.0275690300045377
1929.609001526062,2.021777012451291
1929.8090003324492,2.0132820001738017
1930.2090007783893,2.029499004280236
1930.408999584777,2.0202320022924676
1930.8090000307168,2.0434000060062116
1931.0090016702704,2.021777012451291
1931.2090004766571,2.033747009163302
1931.408999283045,2.0364500038875457
1931.6090009225975,2.0240930148317515
1931.808999728985,2.03065801958392
1932.009001368538,2.0387660062680055
1932.2090001749252,2.021390020107508
1932.4089989813128,2.0464890288352144
1932.6090006208656,2.0422410239521485
1932.8089994272527,2.0240930148317515
1933.009001066806,2.056528020533263
1933.2089998731933,2.0488060287043175
1933.409001512746,2.026796009555994
1933.808999125521,2.0484200005995574
1934.0090007650736,2.0461030007304535
1934.6090000174013,2.0766070014180027
1934.8090016569545,2.04378600086135
1935.0090004633416,2.0542120181528034
1935.208999269729,2.0827850138263884
1935.409000909282,2.04378600086135
1935.6089997156687,2.0534390309538804
1935.809001355222,2.0677260275349942
1936.208998967997,2.051895018283701
1936.4090006075496,2.0796960242470064
1936.6089994139368,2.07351801183862
1936.80900105349,2.0688840121004137
1937.20900149943,2.078538006431965
1937.4090003058177,2.070815017114378
1937.608999112205,2.0804680139572858
1937.8090007517576,2.0789240012871057
1939.008999256413,2.0885770313796357
1939.209000895966,2.075063021997443
1939.4089997023532,2.0897350159450547
1939.6090013419064,2.085488008550631
1939.8090001482935,2.0769930295227637
1940.2090005942337,2.1040220125261695
1940.4089994006213,2.080854008812426
1940.609001040174,2.0912800261038784
1941.0090014861144,2.100933022946786
1941.2090002925015,2.085488008550631
1941.6090007384416,2.1086560122643747
1941.8089995448292,2.086260031510533
1942.0090011843824,2.1179230142521437
1942.2089999907696,2.1044080073813083
1942.4090016303223,2.0986160230776836
1942.60900043671,2.1140620017128606
1942.808999243097,2.1136760068577205
1943.00900088265,2.0963000206972238
1943.2089996890372,2.1148340246727617
1943.4090013285904,2.112517024803659
1943.6090001349776,2.1132890145139376
1944.2089993873053,2.137616000281744
1944.6089998332457,2.1179230142521437
1944.8090014727984,2.1364570182276807
1945.2089990855732,2.1152200195279014
1945.409000725126,2.144180007545269
1945.6089995315133,2.110586019789695
1945.8090011710665,2.1268040213847734
1946.0089999774536,2.1325960056883977
1946.409000423394,2.1291210212538756
1946.6089992297811,2.138388023241644
1946.8090008693343,2.135685028517402
1947.0089996757215,2.1279620059501916
1947.4090001216616,2.1476550252294127
1947.6089989280488,2.1322100108332576
1948.0089993739896,2.1576940169274623
1948.2090010135423,2.1437940126901296
1948.4089998199297,2.14611001507059
1948.6090014594824,2.1522890249676188
1948.80900026587,2.149586030243377
1949.0089990722572,2.1437940126901296
1949.2090007118104,2.162714011520807
1949.4089995181976,2.14611001507059
1949.808999964138,2.16657502406009
1950.0090016036904,2.1437940126901296
1950.2090004100785,2.167348011259013
1950.4089992164652,2.1549910222032187
1950.6090008560184,2.1395460078070636
1950.8089996624055,2.1464970074143714
1951.0090013019585,2.160011016796565
1951.209000108346,2.1318240159781183
1951.6090005542865,2.161556026955388
1951.8089993606736,2.168506029074054
1952.0090010002264,2.159625021941424
1952.208999806614,2.163872029335848
1952.4090014461667,2.163100006375946
1952.609000252554,2.156922027217182
1953.0090006984944,2.176615013246782
1953.2089995048816,2.153447009533038
1953.608999950822,2.1839510102205875
1953.8090015903747,2.1580800117826007
1954.0090003967623,2.17545603119272
1954.2089992031497,2.175070003087958
1954.4090008427024,2.160397011651704
1954.8090012886428,2.18703999979997
1955.0090000950304,2.174684008232818
1955.209001734583,2.1924460224980757
1955.4090005409705,2.1881990151036526
1956.008999793298,2.1843370050757267
1956.2090014328508,2.197852011946561
1956.4090002392384,2.1700510059832556
1956.8090006851785,2.201713024485845
1957.0089994915656,2.180476025786066
1957.2090011311184,2.18665400494483
1957.4089999375065,2.2148420032519187
1957.609001577059,2.1793180079710255
1957.8090003834463,2.184722999930867
1958.2090008293865,2.1955350120774586
1958.408999635774,2.1808620206412037
1958.8090000817144,2.2067330190791914
1959.009001721267,2.1982380068017022
1959.2090005276543,2.2152280313566797
1959.408999334042,2.211366021328754
1959.609000973595,2.2028720065399074
1959.808999779982,2.2055740037755074
1960.0090014195348,2.224881028199588
1960.2090002259224,2.200555006670805
1960.4089990323096,2.2132970263427163
1960.6090006718623,2.2136830211978578
1960.80899947825,2.2179310260809215
1961.0090011178029,2.211753013672536
1961.2089999241905,2.215614026211819
1961.409001563743,2.212525003382816
1961.6090003701304,2.201713024485845
1961.808999176518,2.2175440004875178
1962.0090008160707,2.2071190139343297
1962.208999622458,2.209050018948294
1962.6090000683985,2.234148030187357
1962.8090017079512,2.212139008527676
1963.0090005143384,2.2299010227929337
1963.208999320726,2.2287420074892506
1963.4090009602787,2.2136830211978578
1963.6089997666663,2.2179310260809215
1963.809001406219,2.2326040175171764
1964.0090002126065,2.2152280313566797
1964.2089990189936,2.234920019897637
1964.4090006585463,2.2314450022134937
1964.6089994649344,2.2291280023443907
1964.809001104487,2.2403260093461217
1965.0089999108743,2.234148030187357
1965.2090015504275,2.22681199996393
1965.608999163202,2.2333760072274558
1965.8090008027548,2.2094360138034337
1966.0089996091424,2.242643009215225
1966.2090012486951,2.2364650300564604
1966.4090000550823,2.222564028330485
1966.6090016946357,2.238009009477019
1966.8090005010224,2.2368510249115996
1967.0089993074105,2.2299010227929337
1967.209000946963,2.2353060147527763
1967.4089997533504,2.232990012372318
1967.609001392903,2.2287420074892506
1968.2090006452308,2.2472770089534313
1968.4089994516185,2.234534025042496
1968.609001091171,2.2534550213618174
1968.8089998975584,2.2480489986637107
1969.0090015371115,2.232990012372318
1969.4089991498863,2.252682000913273
1969.609000789439,2.231059007358353
1969.8089995958264,2.2627220233495864
1970.0090012353792,2.2553850288871375
1970.2090000417663,2.2422570143600855
1970.4090016813195,2.2623360284944467
1970.609000487707,2.2573160006514783
1970.8089992940943,2.231059007358353
1971.009000933647,2.2623360284944467
1971.2089997400344,2.25770202875624
1971.4090013795872,2.2445740142291877
1971.808998992362,2.270444015178531
1972.009000631915,2.246118026899368
1972.4090010778552,2.2623360284944467
1972.6089998842424,2.2549990007823757
1972.8090015237956,2.265038025730046
1973.0090003301827,2.2592470056654426
1973.2089991365704,2.2673550255991497
1973.409000776123,2.2600190286253428
1973.6089995825105,2.2766220275869182
1973.8090012220632,2.270830010033672
1974.0090000284508,2.2519100112029946
1974.409000474391,2.2758500046270163
1974.6089992807783,2.256158016086059
1975.008999726719,2.2777810096409796
1975.2090013662717,2.2615630080459024
1975.6089989790464,2.2797110171662993
1975.8090006185992,2.2689000025083503
1976.0089994249863,2.2812560273251234
1976.2090010645395,2.2804840043652224
1976.408999870927,2.2696720254682523
1976.60900151048,2.2878200013390284
1976.809000316867,2.2804840043652224
1977.4089995691947,2.29863201348562
1978.009001654688,2.2820280170354015
1978.8089997134027,2.29786002377534
1979.0090013529557,2.293998013747414
1979.2090001593428,2.3001760261558006
1979.6090006052832,2.2808699992203625
1980.0090010512235,2.2932260240371347
1980.208999857611,2.282800006745682
1980.609000303551,2.3028790208800434
1980.808999109939,2.293998013747414
1981.0090007494916,2.297087003326798
1981.2089995558788,2.3028790208800434
1981.4090011954315,2.286662016773609
1981.609000001819,2.30674103090797
1981.809001641372,2.2990180083407594
1982.0090004477595,2.290137001208131
1982.4090008936996,2.313305004921874
1982.6089997000868,2.297087003326798
1983.0090001460271,2.3163940277508788
1983.2089989524145,2.2885920242989295
1983.6089993983544,2.3148490175920555
1984.008999844295,2.30674103090797
1984.209001483848,2.3194830173302607
1984.4090002902356,2.30712702576311
1984.6089990966227,2.322958001764783
1984.8090007361757,2.3140770278817753
1985.0089995425628,2.317166017461158
1985.209001182116,2.3009490133547237
1985.4089999885032,2.3214130248555804
1985.609001628056,2.318711027619982
1985.8090004344435,2.3113739999079117
1986.209000880384,2.3287500193180297
1986.408999686771,2.3117600280126727
1986.609001326324,2.3194830173302607
1986.8090001327112,2.3225720069096427
1987.0089989390983,2.305582015604286
1987.408999385039,2.3233440298695447
1987.609001024592,2.3144630227369145
1988.009001470532,2.3395620314646215
1988.2090002769196,2.312532017722953
1988.4089990833068,2.327205009159205
1988.6090007228595,2.3318390088974112
1988.808999529247,2.305968010459426
1989.2089999751872,2.3337700139113746
1989.40900161474,2.315622004790977
1989.808999227515,2.341492005740321
1990.009000867068,2.32913601417317
1990.208999673455,2.3438090056094234
1990.6090001193957,2.3221860120545035
1991.009000565336,2.342264028700222
1991.409001011276,2.3333830215675917
1991.6089998176635,2.3376310264506586
1991.809001457216,2.36195701472982
1992.0090002636036,2.32913601417317
1992.2089990699908,2.3438090056094234
1992.409000709544,2.342651021044005
1992.6089995159311,2.3264330194489267
1993.0089999618715,2.3573240124802575
1993.209001601424,2.3391750058712177
1993.409000407812,2.345740010623386
1993.608999214199,2.3588680251504384
1993.809000853752,2.338017021305798
1994.209001299692,2.351532028176632
1994.4090001060797,2.334542003621654
1994.80900055202,2.3565510252813358
1995.0089993584072,2.3372450315955184
1995.4089998043476,2.360026009715858
1996.209000696228,2.3519180230317738
1996.609001142168,2.3627290044401006
1996.8089999485555,2.3523040178869126
1997.408999200883,2.37199600642787
1997.609000840436,2.3472840232935663
1997.8089996468236,2.3596400148607177
1998.009001286376,2.3677489990334455
1998.2090000927635,2.352690012742052
1998.408998899151,2.3588680251504384
1998.609000538704,2.3820360288641815
1998.8089993450917,2.3476700181487065
1999.009000984644,2.3739270114418316
1999.208999791032,2.373155021731553
1999.4090014305843,2.3523040178869126
1999.808999043359,2.3735410165866924
2000.009000682912,2.349987018017809
2000.2089994892997,2.3820360288641815
2000.409001128852,2.3774020291259754
2000.60899993524,2.3584820302952982
2000.8090015747923,2.3855110132987036
2001.00900038118,2.3804910187053587
2001.2089991875675,2.3604130020596408
2001.40900082712,2.380105023850219
2001.6089996335077,2.3777880239811156
2001.80900127306,2.3584820302952982
2002.009000079448,2.3851250184435644
2002.2090017190003,2.3797190289950785
2002.409000525388,2.3673630041783067
2002.8090009713285,2.380105023850219
2003.008999777716,2.3557790023214347
2003.409000223656,2.376630006166075
2003.6089990300436,2.368135027138207
2004.0089994759835,2.390917002747189
2004.209001115536,2.3677489990334455
2004.809000367864,2.394392020431333
2005.0089991742516,2.3785610111800386
2005.408999620192,2.397867004865855
2005.6090012597444,2.3843530287332855
2005.809000066132,2.4048180044731637
2006.0090017056848,2.397481010010716
2006.209000512072,2.3932340026162917
2006.40899931846,2.397481010010716
2006.6090009580123,2.395937030590156
2006.8089997644,2.3901450130369106
2007.0090014039524,2.406748011998485
2007.20900021034,2.397481010010716
2007.60900065628,2.402115009748922
2007.8089994626675,2.4098370015778663
2008.0090011022205,2.3994120150246783
2008.208999908608,2.4025010046040602
2008.8089991609356,2.395937030590156
2009.009000800488,2.4059760222882054
2009.208999606876,2.4005699995900978
2009.4090012464285,2.3924610154173696
2009.609000052816,2.4175600241450774
2010.009000498756,2.3936200307210536
2010.4090009446963,2.412926024406871
2010.608999751084,2.3928480077611525
2010.8090013906367,2.4179460190002153
2011.009000197024,2.414085006460933
2011.2089990034117,2.4082930221573076
2011.608999449352,2.4179460190002153
2011.8090010889048,2.4009560276948587
2012.008999895292,2.416015013986253
2012.209001534845,2.414857029420834
2012.409000341232,2.4082930221573076
2012.8090007871724,2.431074000277647
2013.2090012331123,2.4198770240141796
2013.4090000395,2.429144026001948
2013.8090004854405,2.4117680065918297
2014.408999737768,2.4260550031729435
2014.6090013773207,2.4256690083178043
2014.809000183708,2.419104003565635
2015.008998990096,2.4333910001467496
2015.408999436036,2.416788001185176
2015.6090010755888,2.4164010088413934
2015.808999881976,2.424896021118882
2016.009001521529,2.4136990116057935
2016.408999134304,2.431847020726191
2016.6090007738565,2.4113820117366904
2017.0090012197968,2.431847020726191
2017.209000026184,2.4071340068536236
2017.6090004721243,2.430688005422507
2017.808999278512,2.416788001185176
2018.208999724452,2.434936010305573
2018.4090013640048,2.425282015974022
2018.6090001703924,2.4283710055534042
2018.80899897678,2.431074000277647
2019.0090006163323,2.4117680065918297
2019.20899942272,2.4399550074102763
2019.4090010622729,2.4314610258710507
2019.60899986866,2.414085006460933
2020.0090003146004,2.446520012162445
2020.208999120988,2.4164010088413934
2020.4090007605407,2.4387970228448568
2020.608999566928,2.434936010305573
2020.8090012064808,2.423738003303841
2021.2090016524207,2.4453610301083817
2021.4090004588088,2.4260550031729435
2021.608999265196,2.4515390092671474
2021.8090009047487,2.4449750020036216
2022.0089997111363,2.4279850106982654
2022.209001350689,2.447678029977486
2022.4090001570764,2.446520012162445
2022.608998963464,2.4198770240141796
2022.8090006030168,2.43261901043647
2023.008999409404,2.446906007017584
2023.209001048957,2.4376390050298156
2023.4089998553443,2.4445890071484815
2023.6090014948973,2.443431022583062
2023.8090003012844,2.4461330198186615
2024.008999107672,2.4353220051607134
2024.408999553612,2.450381024701728
2024.609001193165,2.4415000175690986
2025.0090016391048,2.4658260058482617
2025.2090004454928,2.439183017699996
2025.40899925188,2.451153014412008
2025.609000891433,2.458103016530674
2026.009001337373,2.443431022583062
2026.2090001437605,2.4615790317034607
2026.408998950148,2.4519250041222875
2026.6090005897008,2.465440010993122
2026.808999396088,2.4615790317034607
2027.009001035641,2.4519250041222875
2027.4090014815813,2.4658260058482617
2027.609000287969,2.4499950298465887
2027.808999094356,2.4588760037295962
2028.009000733909,2.4727760079669268
2028.208999540296,2.45385600913625
2028.4090011798487,2.4619650265586
2028.6089999862363,2.47123202854637
2029.009000432177,2.450381024701728
2029.2089992385645,2.4747070129808915
2029.409000878117,2.4565590038604936
2029.6089996845044,2.4623510214137387
2029.809001324057,2.4669840236633025
2030.0090001304447,2.4519250041222875
2030.208998936832,2.4588760037295962
2030.4090005763849,2.4739350232706108
2030.6089993827725,2.447678029977486
2030.8090010223248,2.4600340215446366
2031.0089998287128,2.4635090059791587
2031.2090014682651,2.447678029977486
2031.4090002746527,2.45385600913625
2031.60899908104,2.4727760079669268
2031.809000720593,2.450767019556868
2032.2090011665327,2.475865030795932
2032.4089999729208,2.447292001872725
2032.809000418861,2.468529000572505
2033.0089992252483,2.4488360145429047
2033.408999671189,2.4727760079669268
2033.6090013107412,2.447678029977486
2033.8090001171288,2.481657015099558
2034.008998923516,2.4739350232706108
2034.209000563069,2.4526980245708305
2034.6090010090093,2.475479002691171
2034.8089998153969,2.4515390092671474
2035.0090014549496,2.4793410127190967
2035.209000261337,2.475479002691171
2035.4089990677244,2.4642820264277026
2035.8089995136645,2.4789550178639566
2036.0090011532172,2.464668021282842
2036.2089999596049,2.469301023532405
2036.4090015991576,2.47123202854637
2036.609000405545,2.4623510214137387
2037.2089996578727,2.4932410169564285
2037.4090012974252,2.467371016007086
2037.6090001038128,2.4901520273770457
2037.8089989102004,2.484360009823799
2038.0090005497527,2.469301023532405
2038.4090009956933,2.488222019851726
2038.6089998020807,2.4677570108622247
2038.8090014416332,2.4959440116806713
2039.009000248021,2.4901520273770457
2039.2089990544084,2.4820440074433403
2039.6089995003488,2.491311009431108
2039.8090011399013,2.47509300783603
2040.008999946289,2.4901520273770457
2040.2090015858416,2.4862910148377626
2041.0089996445568,2.4967160013909506
2041.2090012841093,2.488608014706865
2041.409000090497,2.5013500011291567
2041.6089988968845,2.483588020113519
2041.8090005364368,2.488222019851726
2042.2090009823771,2.4932410169564285
2042.408999788765,2.480885025389277
2042.6090014283177,2.5117760184206084
2042.8090002347053,2.4785680255201736
2043.0089990410925,2.4828160304032405
2043.2090006806452,2.5086870288412264
2043.6090011265856,2.477024012849994
2043.8089999329727,2.5086870288412264
2044.009001572526,2.4793410127190967
2044.2090003789133,2.4947860271152518
2044.408999185301,2.5040530291030203
2044.6090008248532,2.480499030534138
2045.0090012707935,2.5001920165637377
2045.2090000771807,2.477024012849994
2045.6090005231213,2.502895011287979
2045.8089993295089,2.4832020252583797
2046.0090009690616,2.5090730236963656
2046.208999775449,2.4974890218394936
2046.4090014150015,2.4720040182566487
2046.6090002213891,2.5001920165637377
2046.8089990277767,2.4978750166946346
2047.0090006673292,2.4743210181257513
2047.208999473717,2.5040530291030203
2047.4090011132696,2.4974890218394936
2047.6089999196568,2.4936270118115687
2048.0090003655973,2.5001920165637377
2048.208999171985,2.4859050199826225
2048.4090008115377,2.5071420186824027
2048.6089996179253,2.4947860271152518
2048.809001257478,2.498647006404914
2049.009000063865,2.4940140041553507
2049.209001703418,2.5106170031169257
2049.608999316193,2.490925014575968
2049.809000955746,2.514092020801069
2050.008999762133,2.512934002986028
2050.209001401686,2.4920829991413873
2050.608999014461,2.514478015656208
2050.8090006540137,2.4967160013909506
2051.2090010999536,2.511003031221686
2051.4089999063413,2.5044390239581595
2051.8090003522816,2.513320031090789
2052.0089991586688,2.4963300065358114
2052.209000798221,2.5179540308289945
2052.408999604609,2.512934002986028
2052.609001244162,2.5148650079999912
2052.809000050549,2.511389026076826
2053.009001690102,2.5264480123682196
2053.20900049649,2.513320031090789
2053.408999302877,2.5179540308289945
2054.00900138837,2.5079140083926816
2054.808999447085,2.5225869998289365
2055.009001086638,2.511389026076826
2055.208999893025,2.512934002986028
2055.808999145353,2.5090730236963656
2056.0090007849058,2.517181010380451
2056.2089995912934,2.4967160013909506
2056.409001230846,2.5249039996980387
2056.6090000372333,2.5194980102495537
2056.8090016767865,2.5036670009982593
2057.208999289561,2.5229730279336975
2057.409000929114,2.502122024089057
2057.8090013750543,2.5241320099877607
2058.009000181441,2.5125480081308886
2058.409000627382,2.5260620175130803
2058.608999433769,2.5164090206701717
2058.809001073322,2.5225869998289365
2059.0089998797093,2.5194980102495537
2059.2090015192625,2.5179540308289945
2059.80900077159,2.5341710016858077
2060.008999577977,2.5260620175130803
2060.2090012175304,2.536102006699771
2060.6090016634707,2.519884005104694
2060.809000469858,2.5403490140941942
2061.2090009157982,2.5237460151326196
2061.4089997221854,2.547686008556643
2061.6090013617386,2.5276070276719036
2061.8090001681257,2.536874029659672
2062.0089989745134,2.5384190065688745
2062.4089994204533,2.5148650079999912
2062.6090010600064,2.543052008818438
2062.8089998663936,2.518340025684134
2063.0090015059463,2.5291510070924628
2063.209000312334,2.5453690086875405
2063.408999118721,2.517181010380451
2063.6090007582743,2.5276070276719036
2063.808999564661,2.54459701897726
2064.009001204214,2.5090730236963656
2064.209000010602,2.5268350047120025
2064.4090016501546,2.5330130171203895
2064.609000456542,2.512934002986028
2065.0090009024825,2.5345570297905695
2065.2089997088697,2.5225869998289365
2065.4090013484224,2.528765012237322
2065.60900015481,2.528765012237322
2065.808998961197,2.5121620132757485
2066.0090006007504,2.5411210038044745
2066.208999407137,2.5341710016858077
2066.4090010466903,2.516795015525312
2066.8090014926306,2.547686008556643
2067.009000299018,2.5264480123682196
2067.2089991054054,2.5384190065688745
2067.8090011908985,2.5341710016858077
2068.008999997286,2.5507750313856468
2068.209001636839,2.535329019500849
2068.409000443226,2.5492300212268235
2068.6089992496136,2.546913021357721
2068.8090008891663,2.531468006961566
2069.2090013351067,2.5488440263716834
2069.608998947881,2.5229730279336975
2069.809000587434,2.547300013701503
2070.008999393822,2.5318540018167055
2070.2090010333745,2.5384190065688745
2070.6090014793144,2.5391910295287747
2071.0089990920897,2.5546360106753094
2071.40899953803,2.6052190254972185
2071.6090011775823,2.5801210142581557
2071.80899998397,2.5832100038375367
2072.009001623522,2.63726800309397
2072.2090004299102,2.584368021652578
2072.408999236298,2.6017440078130747
2072.8089996822378,2.673564021334765
2073.209000128178,2.6608220016628525
2073.4089989345657,2.572784019795707
2073.808999380506,2.6739500161899055
2074.0090010200583,2.6349510032248666
2074.208999826446,2.6615940246227536
2074.6090002723863,2.580507009113295
2075.208999524714,2.625684001237098
2075.4090011642666,2.688237012771019
2075.809001610207,2.611011009800844
2076.009000416594,2.611011009800844
2076.2089992229817,2.7106330267744836
2076.4090008625344,2.7052270040763764
2076.8090013084748,2.606764002406421
2077.4090005608023,2.718355018603428
2077.8090010067426,2.6121690276158844
2078.40900025907,2.733028010039683
2078.6089990654577,2.6171890222092298
2078.8090007050105,2.6241390243278957
2079.408999957338,2.733028010039683
2079.609001596891,2.6164169992493296
2079.8090004032783,2.701752019641854
2080.008999209666,2.6955730097448254
2080.4089996556063,2.7345730201985052
2080.609001295159,2.60908000478688
2080.809000101546,2.725692013065877
2081.008998907934,2.702910004207273
2081.408999353874,2.727622020591198
2081.609000993427,2.624912011526818
2081.808999799814,2.7449980067516937
2082.0090014393672,2.723375013196774
2082.408999052142,2.7009789991933095
2082.6090006916947,2.6380400260538703
2082.8089994980824,2.759285003332809
2083.009001137635,2.7438400221862747
2083.6090003899626,2.6565740300294083
2083.80899919635,2.7708690051896787
2084.009000835903,2.7542650087394627
2084.20899964229,2.6909400074952616
2084.4090012818438,2.6975040147587874
2084.6090000882305,2.6913260023504018
2084.808998894618,2.7739580280186837
2085.009000534171,2.7731860050587827
2085.208999340558,2.6774250006244267
2085.409000980111,2.722603023486494
2085.6089997864983,2.711019021629623
2086.0090002324387,2.7905610269802583
2086.208999038826,2.6712470214656623
2086.409000678379,2.7457700297115943
2086.608999484766,2.728781002645259
2086.809001124319,2.775116012584103
2087.2090015702597,2.6631390015319547
2087.409000376647,2.7534930190291824
2087.608999183034,2.747701001475937
2087.8090008225868,2.763146015872092
2088.209001268527,2.666614019216099
2088.4090000749147,2.7870860092961145
2088.608998881302,2.763146015872092
2088.809000520855,2.758899008477668
2089.209000966795,2.673564021334765
2089.4089997731826,2.805234018416512
2089.609001412736,2.7828390019016913
2090.209000665063,2.7013650272980714
2090.4089994714504,2.809482023299578
2090.808999917391,2.7368890225789655
2091.0090015569435,2.7349590150536467
2091.2090003633307,2.719900028762251
2091.4089991697183,2.819135020142487
2091.609000809271,2.7195130031688475
2091.808999615658,2.7272360257360577
2092.0090012552114,2.7585130136225287
2092.2090000615985,2.733028010039683
2092.408998867986,2.8264720146049345
2092.609000507539,2.711019021629623
2092.8089993139265,2.723375013196774
2093.40900139942,2.8156600024583427
2093.8089990121944,2.7048410092212363
2094.2089994581347,2.8368970011581225
2094.4090010976875,2.808710000339677
2094.809001543628,2.704454016877454
2095.009000350015,2.825312999301252
2095.2089991564026,2.82106602515645
2095.4090007959558,2.8075510182856145
2095.809001241895,2.711791011339902
2096.009000048283,2.837669024118024
2096.209001687836,2.789403009165217
2096.409000494223,2.8002150213118098
2096.809000940163,2.7349590150536467
2097.0089997465507,2.8531140052645583
2097.2090013861034,2.7697100231356178
2097.409000192491,2.7762750278877864
2097.608998998878,2.7708690051896787
2098.0089994448185,2.86315402770087
2098.2090010843717,2.755424024043146
2098.408999890759,2.7635320107272308
2098.8090003366992,2.8616090175420474
2099.008999143087,2.855431005133661
2099.209000782639,2.7426810068825906
2099.4089995890267,2.75194800887036
2099.809000034967,2.871263011873599
2100.00900167452,2.8550450102785216
2100.4089992872946,2.7388200275929298
2100.808999733235,2.865471027569974
2101.009001372788,2.843847003276789
2101.209000179175,2.7612160083467714
2101.609000625115,2.8577480050027635
2102.208999877443,2.7867000144409744
2102.609000323383,2.882846016241827
2102.8089991297707,2.7955810215736037
2103.0090007693234,2.82068003030131
2103.208999575711,2.7967390061390227
2103.609000021651,2.8917270233744565
2103.809001661204,2.782067012191412
2104.0090004675912,2.79210600388946
2104.208999273979,2.809096028444438
2104.409000913532,2.888638000545452
2104.6089997199188,2.882846016241827
2104.809001359472,2.771641028149581
2105.009000165859,2.8183630304322076
2105.2089989722467,2.8357390165927034
2105.4090006117995,2.898292028126625
2105.6089994181866,2.8809160087165067
2105.80900105774,2.7805220020325887
2106.4090003100678,2.888638000545452
2106.608999116455,2.875510019268021
2106.809000756008,2.7917200090343197
2107.209001201948,2.874738029557742
2107.409000008335,2.8704900246746767
2107.609001647888,2.856976015292484
2107.8090004542755,2.807165023430475
2108.209000900216,2.905242030245292
2108.609001346156,2.7909480193240417
2109.209000598484,2.9141230041282986
2109.609001044424,2.8075510182856145
2109.8089998508112,2.83458000128902
2110.009001490364,2.9152810219433385
2110.209000296752,2.9141230041282986
2110.4089991031387,2.8006010161669495
2110.609000742692,2.8415310008963295
2110.808999549079,2.849639020830036
2111.009001188632,2.9206870113918244
2111.2089999950194,2.9056280251004307
2111.409001634572,2.7978980214427063
2112.0090008869,2.9287960288141743
2112.2089996932878,2.7886310194549377
2112.40900133284,2.819521014997626
2112.808998945615,2.899836007547184
2113.009000585168,2.8948170104424817
2113.208999391555,2.7940370089034223
2113.409001031108,2.83380801157874
2113.809001477048,2.9233900061160667
2114.208999089823,2.814888012748063
2114.409000729376,2.838055018973164
2114.809001175316,2.9326570081038357
2115.209001621256,2.8287880169853956
2115.608999234031,2.9264790289450717
2116.008999679972,2.8245410095909724
2116.608998932299,2.945400025264391
2117.0089993782394,2.8214520200115896
2117.609001463732,2.9481020224999908
2117.80900027012,2.809096028444438
2118.0089990765077,2.8388280061720863
2118.408999522448,2.928410000709414
2118.609001162,2.9249350162748913
2118.8089999683875,2.819521014997626
2119.0090016079403,2.856590020437344
2119.209000414328,2.92609300084031
2119.4089992207155,2.896747017967802
2119.8089996666554,2.8430750135665095
2120.009001306208,2.867015006990533
2120.209000112596,2.945400025264391
2120.609000558536,2.849639020830036
2121.009001004476,2.88516301611093
2121.208999810864,2.9589140013969617
2121.609000256804,2.8442330313815507
2122.2089995091314,2.9662510291090314
2122.409001148684,2.8403720188422668
2122.608999955072,2.8480950081598557
2123.009000401012,2.9353600028280793
2123.2089992073998,2.9415380152364654
2123.409000846952,2.8276299991703544
2123.60899965334,2.8697180017147748
2123.8090012928924,2.9357460309328403
2124.0090000992795,2.9287960288141743
2124.208998905667,2.9175980218124424
2124.40900054522,2.8515700258439995
2124.6089993516075,2.8789850037025433
2124.80900099116,2.9538940068036177
2125.409000243488,2.871649006728738
2125.608999049876,2.89365802838842
2125.809000689428,2.971656021068875
2126.2090011353685,2.8619950123971867
2126.408999941756,2.8905690055594153
2126.809000387696,2.9824679999658454
2127.2090008336363,2.86431201226629
2127.809000085964,2.9851710279397086
2128.0089988923514,2.848867031119756
2128.209000531904,2.8728070245437793
2128.408999338292,2.9473299995400906
2128.6090009778445,2.946172014974671
2128.808999784232,2.963548001135168
2129.009001423785,2.853501030857962
2129.209000230172,2.8955890001527615
2129.40899903656,2.9589140013969617
2129.6090006761124,2.9338160234075197
2129.8089994824995,2.9172120269573023
2130.0090011220527,2.873965009109199
2130.20899992844,2.9932800121124368
2130.4090015679926,2.9843990049798084
2130.808999180768,2.8925000105733787
2131.0090008203206,2.9075590301143945
2131.4090012662605,2.99829900921714
2131.808998879036,2.878213013992265
2132.409000964529,3.0033190038104856
2132.608999770916,2.878213013992265
2132.8090014104687,2.8909550004145554
2133.4090006627966,2.9782210258210426
2133.608999469184,2.86392601741115
2133.8090011087365,2.9913490070984743
2134.008999915124,2.9766760156622203
2134.4090003610645,2.9542809991473984
2134.608999167452,2.88323300858561
2134.8090008070044,3.0071800163497686
2135.008999613392,2.98710199970405
2135.6089988657195,2.908717014679814
2135.8090005052723,3.009111021363732
2136.00899931166,3.002161019245066
2136.4089997576,2.896747017967802
2137.008999009928,3.020695023220604
2137.2090006494805,2.889797015849137
2137.408999455868,2.974359015793117
2137.609001095421,2.9631620062800286
2137.8089999018084,2.9932800121124368
2138.009001541361,2.9928940172572975
2138.2090003477483,2.885936003309852
2138.408999154136,2.99829900921714
2138.6090007936887,2.9921210300583754
2139.209000046016,2.8921140157182395
2139.408998852404,3.019923000260702
2139.6090004919565,2.997913014362
2140.208999744284,2.915668014287122
2140.4090013838368,3.024556002510266
2140.6090001902244,3.01915001306178
2140.808998996612,2.9330430029589767
2141.0090006361647,2.9550530221072995
2141.2089994425523,2.9581420116866823
2141.608999888492,3.0357540095119977
2141.809001528045,2.9033110252313286
2142.0090003344326,2.977834000227639
2142.20899914082,2.96779500852959
2142.60899958676,3.0288040073933313
2142.809001226313,2.895203005297622
2143.0090000327004,3.006022031784349
2143.209001672253,2.9894180020845105
2143.409000478641,2.995210019637758
2143.6089992850284,2.977834000227639
2143.8090009245807,2.9056280251004307
2144.0089997309683,3.028031020194409
2144.209001370521,3.015289000522497
2144.8090006228485,2.92609300084031
2145.008999429236,3.039229027196142
2145.209001068789,3.023398017944846
2145.4089998751765,2.945400025264391
2145.609001514729,2.9593000295017236
2145.809000321117,2.95698302963262
2146.2090007670568,3.0430900064858033
2146.4089995734444,2.928410000709414
2146.609001212997,2.9948240247826172
2146.8090000193847,2.984013010124669
2147.2090004653246,3.0415460270652446
2147.408999271712,2.909876029983497
2147.609000911265,3.0210810180757433
2147.808999717653,3.0040910267703858
2148.0090013572053,3.0118140160879747
2148.40899896998,2.9172120269573023
2148.609000609533,3.034982019801718
2148.8089994159204,3.023398017944846
2149.409001501413,2.937291007842042
2149.6090003078007,3.0519710136184326
2149.8089991141883,3.0403880092502034
2150.009000753741,2.9647060189502095
2150.2089995601286,2.9851710279397086
2150.4090011996814,3.01722000553646
2150.6090000060685,2.962003024225966
2150.8090016456217,3.0110420263776954
2151.009000452009,2.9932800121124368
2151.2089992583965,2.9782210258210426
2151.409000897949,3.028031020194409
2151.6089997043364,2.9658640035156276
2151.8090013438896,3.0473380113688697
2152.0090001502767,3.045793001210045
2152.2089989566643,3.001388032046144
2152.409000596217,3.018378023351502
2152.608999402604,3.112980012482173
2152.809001042157,3.009497016218871
2153.0089998485446,3.0357540095119977
2153.209001488098,3.0141310159570778
2154.0089995468124,3.169355011607708
2154.2090011863656,3.087882001243109
2154.408999992753,3.126108027009226
2154.609001632305,3.1705130294227484
2155.0089992450803,3.065100025634127
2155.209000884633,3.097921026190779
2155.4089996910207,3.2156910190351944
2155.6090013305734,3.187889015583245
2155.809000136961,3.145029023328546
2156.008998943348,3.157385014895696
2156.2090005829014,3.2346110178658725
2156.4089993892885,3.0697330278836903
2156.609001028841,3.0913570189272535
2157.0090014747816,3.176691008581514
2157.209000281169,3.1056430180197254
2157.4089990875564,3.1230190041802217
2157.6090007271096,3.1207030017997615
2157.8089995334967,3.2342250230107314
2158.009001173049,3.2033340299794
2158.208999979437,3.1902060154523477
2158.6090004253774,3.2809470252933575
2158.8089992317646,3.1125940176270337
2159.0090008713173,3.157385014895696
2159.208999677705,3.2129880243109517
2159.6090001236453,3.117614012220378
2159.8089989300324,3.1454150181836846
2160.009000569585,3.265115018553421
2160.208999375973,3.2442640147087802
2160.608999821913,3.207968029717606
2160.809001461466,3.296392006439892
2161.009000267853,3.135762021340777
2161.2089990742406,3.147346023197648
2161.608999520181,3.258551011289894
2161.8090011597337,3.153910030461174
2162.0089999661213,3.165108004213285
2162.2090016056736,3.1786220135954775
2162.409000412061,3.281719015003638
2162.608999218449,3.2334530000508312
2162.8090008580016,3.2261160055883824
2163.209001303941,3.3199460050087755
2163.409000110329,3.1681970270422877
2163.6089989167167,3.1971560175710136
2163.809000556269,3.2546900320002328
2164.2090010022093,3.1635630273040825
2164.408999808597,3.2006310020055357
2164.6090014481497,3.302956013703418
2164.8090002545373,3.2824910047139175
2165.2090007004776,3.2299770181276655
2165.408999506865,3.3380940141291737
2165.609001146417,3.174375006201054
2165.808999952805,3.218393016270794
2166.009001592358,3.2496700041572657
2166.408999205133,3.1848000260038627
2167.0090012906257,3.3045000263735984
2167.2090000970134,3.2732240027261494
2167.408998903401,3.2639570007383796
2167.6090005429533,3.360489030643994
2167.808999349341,3.3601030025392324
2168.0090009888936,3.2199380264296176
2168.208999795281,3.284422009727881
2168.409001434834,3.300253018979175
2168.609000241221,3.2041070171783224
2168.8089990476087,3.2106710244418495
2169.009000687161,3.241175025129398
2169.208999493549,3.33577701426007
2169.409001133102,3.2894410068325834
2169.6089999394894,3.2933030168605097
2169.809001579042,3.3755480169353875
2170.0090003854293,3.372073032500866
2170.208999191817,3.2373140125901143
2170.4090008313697,3.2786300254242553
2170.6089996377573,3.340797008853416
2170.80900127731,3.2245720261678237
2171.009000083697,3.2276610157472065
2171.608999336025,3.2751550077401124
2171.809000975578,3.2709070028570464
2172.008999781965,3.2573930267244755
2172.209001421518,3.3879050059911826
2172.4090002279054,3.3608750254991335
2172.608999034293,3.306045003282801
2173.0089994802333,3.403350020387336
2173.209001119786,3.2415610199845375
2173.408999926173,3.270521008001906
2173.6090015657264,3.3017980291379985
2173.8090003721136,3.300253018979175
2174.008999178501,3.255462021710512
2174.209000818054,3.270521008001906
2174.408999624441,3.4045080049527563
2174.6090012639943,3.384815018923156
2174.809000070381,3.3284410172862637
2175.008998876769,3.3315300068656466
2175.209000516322,3.413775006940525
2175.4089993227094,3.251601009171228
2175.609000962262,3.2616400008692774
2176.009001408202,3.359717007684092
2176.2090002145897,3.273996025686049
2176.4089990209773,3.280559999699954
2176.60900066053,3.300253018979175
2176.808999466917,3.4045080049527563
2177.0090011064704,3.347361016116941
2177.208999912857,3.341569031813316
2177.609000358798,3.437329005509408
2177.808999165185,3.2851939994381603
2178.009000804738,3.3095200209669446
2178.2089996111254,3.359717007684092
2178.409001250678,3.280559999699954
2178.6090000570657,3.282105009858778
2178.808998863453,3.3126090105463266
2179.009000503006,3.4114580070714218
2179.208999309393,3.388677028951083
2179.6089997553336,3.331916001720786
2179.8090013948863,3.4492990022214194
2180.009000201274,3.29368901171565
2180.208999007661,3.336935032075111
2180.409000647214,3.370915014685825
2180.809001093154,3.288283022267164
2181.409000345482,3.3809540063838734
2181.6089991518693,3.373618009410067
2181.809000791422,3.347361016116941
2182.0089995978096,3.465131008961358
2182.2090012373624,3.4504580175251025
2182.40900004375,3.343500003577658
2182.608998850137,3.4010330205182338
2182.80900048969,3.4245870190871175
2183.008999296077,3.3010250086894555
2183.2090009356302,3.3014110035445947
2183.6090013815706,3.396013025924888
2183.8090001879577,3.343886031682419
2184.0089989943453,3.3643510074222984
2184.209000633898,3.468220031790361
2184.4089994402857,3.459725019512872
2184.6090010798384,3.3492920211309043
2184.8089998862256,3.3782510116596307
2185.0090015257783,3.4547050249195257
2185.209000332166,3.3126090105463266
2185.4089991385536,3.3184010280995735
2186.009001224046,3.370143024975545
2186.4089988368214,3.341569031813316
2186.609000476374,3.4759420236193064
2186.8089992827618,3.4496850303261803
2187.0090009223145,3.390994028820186
2187.4090013682544,3.4902290202004203
2187.609000174642,3.3307570196667244
2187.8089989810296,3.3539250233804676
2188.0090006205824,3.3828850113978364
2188.20899942697,3.3782510116596307
2188.4090010665223,3.3353910194049297
2188.60899987291,3.354697013090748
2188.8090015124626,3.4952490147937656
2189.00900031885,3.459725019512872
2189.40900076479,3.4021910050836537
2189.6089995711777,3.5021990169124315
2189.8090012107305,3.3496780159860458
2190.009000017118,3.35547000028967
2190.4090004630584,3.4720810110800233
2190.6089992694456,3.3427270163787357
2190.8090009089983,3.3631920253682375
2191.008999715386,3.3651230303822004
2191.2090013549387,3.4604970092231513
2191.4090001613263,3.425745003652536
2191.608998967714,3.392924003095885
2191.809000607266,3.515327031439484
2192.008999413654,3.501041032347013
2192.2090010532065,3.3902210083716415
2192.408999859594,3.4195670244937713
2192.609001499147,3.4697640112109207
2193.0089991119216,3.3423410215235965
2193.408999557862,3.4508440123802426
2193.6090011974147,3.4234280037834335
2194.009001643355,3.380568011528733
2194.2090004497422,3.519189008217789
2194.40899925613,3.3975580028340904
2194.6090008956826,3.4315370212057834
2194.80899970207,3.485209025607076
2195.009001341623,3.350450005696324
2195.20900014801,3.35624202324957
2195.6090005939504,3.407210999676999
2195.808999400338,3.3902210083716415
2196.009001039891,3.412231027519966
2196.208999846278,3.38636002908198
2196.409001485831,3.508763024175958
2196.6090002922183,3.4921600252143836
2196.808999098606,3.438488020813092
2197.208999544546,3.5157140237832665
2197.409001184099,3.359717007684092
2197.608999990486,3.38636002908198
2198.0090004364265,3.4099140276508626
2198.2089992428137,3.3782510116596307
2198.409000882367,3.3971720079789507
2198.608999688754,3.5327030175999807
2198.809001328307,3.4925460200695237
2199.0090001346944,3.4361710209439886
2199.208998941082,3.4477550228008607
2199.4090005806347,3.5323170227448415
2199.608999387022,3.367054002146542
2199.809001026575,3.385588006122078
2200.209001472515,3.453547007104486
2200.4090002789026,3.385974000977219
2200.6089990852897,3.3987160206491307
2200.809000724843,3.3956270310697487
2201.00899953123,3.5099220062300205
2201.209001170783,3.463972026907294
2201.4089999771704,3.4589520323139498
2201.809000423111,3.5508510267203786
2202.008999229498,3.388677028951083
2202.209000869051,3.4388740156682314
2202.4089996754383,3.491772999620979
2202.809000121378,3.3836570011081157
2203.008998927766,3.4056670202564403
2203.209000567319,3.5172580032038256
2203.408999373706,3.4693780163557797
2203.8089998196465,3.4330820313646067
2204.009001459199,3.5585740160379675
2204.209000265587,3.426131031757298
2204.408999071974,3.4330820313646067
2204.8089995179143,3.543515029746574
2205.009001157467,3.3902210083716415
2205.2089999638547,3.4118449994152042
2205.4090016034074,3.4168640297695285
2205.609000409795,3.4798030029089686
2205.808999216182,3.4574080196437698
2206.009000855735,3.423042008928294
2206.2089996621226,3.5632080157761727
2206.4090013016757,3.543129001641813
2206.609000108063,3.453547007104486
2207.009000554003,3.556643011024005
2207.2089993603904,3.3906070032267817
2207.409000999943,3.400647025663094
2207.6089998063308,3.4392600105233706
2207.809001445883,3.4342400159300257
2208.0090002522707,3.4133890120853847
2208.2089990586583,3.4172500246246686
2208.409000698211,3.4276760086664986
2208.6089995045986,3.5365650276279075
2208.809001144151,3.471309021369743
2209.0089999505385,3.4724670059351626
2209.2090015900912,3.557416031472548
2209.409000396479,3.393310031200646
2209.6089992028665,3.4203390142040506
2210.008999648807,3.4906150150555604
2210.209001288359,3.404122010097616
2210.4090000947467,3.42883402648154
2210.6089989011343,3.429220021336681
2210.809000540687,3.5327030175999807
2211.0089993470747,3.5137830187693035
2211.209000986627,3.4809620182126517
2211.4089997930146,3.5686130077360154
2211.6090014325678,3.565524018156634
2211.809000238955,3.418023011823591
2212.0089990453425,3.465131008961358
2212.209000684895,3.48907100238538
2212.609001130835,3.412231027519966
2212.808999937223,3.4353990312337097
2213.0090015767755,3.5381090070484666
2213.2090003831627,3.4956350096489057
2213.4089991895503,3.4902290202004203
2213.609000829103,3.4512300072353828
2213.80899963549,3.575564007343324
2214.0090012750434,3.42651802410108
2214.209000081431,3.472853000790302
2214.609000527371,3.5485350243399187
2214.8089993337585,3.41879500153387
2215.0090009733112,3.4396460053785107
2215.208999779699,3.429993008535603
2215.409001419252,3.5072190115057778
2215.6090002256387,3.4458240177868977
2215.8089990320263,3.467447011341816
2216.009000671579,3.5813560248965706
2216.2089994779667,3.5682270128808753
2216.4090011175194,3.4593390246577327
2216.608999923907,3.516100018638406
2216.80900156346,3.563980005486453
2217.2089991762346,3.415320017099348
2217.4090008157877,3.4438930127729335
2217.608999622175,3.5265250051915946
2218.009000068115,3.4508440123802426
2218.2089988745024,3.4508440123802426
2218.409000514055,3.5821280146068495
2218.6089993204428,3.482893023226615
2218.8090009599955,3.4956350096489057
2219.209001405936,3.5836720272770304
2219.409000212323,3.418023011823591
2219.6089990187106,3.4427350282075144
2219.809000658264,3.488298015186457
2220.008999464651,3.4732390288950636
2220.408999910591,3.451616002090522
2220.609001550144,3.589464011580655
2220.809000356531,3.5516240139193016
2221.008999162919,3.5068330166506376
2221.4089996088587,3.5998900288721076
2221.609001248412,3.433468026219746
2221.809000054799,3.4365570157991288
2222.0089988611867,3.4836650129368953
2222.4089993071266,3.4419630052476142
2222.808999753067,3.455091019774666
2223.00900139262,3.563980005486453
2223.2090001990077,3.509149019031098
2223.408999005395,3.5014270272021535
2223.609000644948,3.5998900288721076
2223.808999451335,3.4311510263506433
2224.0090010908875,3.4612690321830524
2224.409001536828,3.56282102343239
2224.6090003432155,3.432309010916062
2224.808999149602,3.462814009092255
2225.009000789156,3.4616550270381916
2225.208999595543,3.5195750030729283
2225.409001235096,3.496021004504046
2225.609000041484,3.481348013067791
2225.8089988478705,3.6029790184514905
2226.009000487424,3.5937120164637215
2226.208999293811,3.484437002647174
2226.409000933364,3.5157140237832665
2226.608999739751,3.566683000210695
2226.809001379304,3.433468026219746
2227.0090001856915,3.4427350282075144
2227.2089989920787,3.4647440166175745
2227.4090006316314,3.5384950019036063
2227.608999438019,3.4751700006594057
2227.809001077572,3.491772999620979
2228.0089998839594,3.4620410218933317
2228.209001523512,3.5921670063048987
2228.4090003298998,3.4821200027780708
2228.608999136287,3.5157140237832665
2229.0089995822277,3.6018210006364497
2229.20900122178,3.4431210230626537
2229.409000028168,3.474784005804265
2229.8090004741075,3.4867540025162764
2230.008999280495,3.4492990022214194
2230.209000920048,3.4620410218933317
2230.4089997264355,3.5937120164637215
2230.609001365988,3.5686130077360154
2230.809000172376,3.5211190157431087
2231.209000618316,3.6168800201774647
2231.408999424704,3.4438930127729335
2231.609001064256,3.455863009484946
2231.808999870643,3.5060600294517155
2232.009001510196,3.496407032608807
2232.209000316584,3.4543190300643865
2232.408999122971,3.464358021762435
2232.609000762524,3.4755560287641667
2232.8089995689115,3.5778800097237835
2233.009001208464,3.5284560102055575
2233.2090000148514,3.5284560102055575
2233.409001654404,3.6161069997289217
2233.609000460792,3.611860025584119
2233.8089992671794,3.4647440166175745
2234.009000906732,3.5068330166506376
2234.2089997131197,3.5689990025911555
2234.409001352672,3.4581800093540487
2234.60900015906,3.4709220290259615
2234.8089989654472,3.4767140133295857
2235.009000605,3.5825140094619896
2235.208999411387,3.5296140280205988
2235.40900105094,3.5133970239141643
2235.6089998573275,3.6218990172821677
2235.80900149688,3.619969009756847
2236.009000303268,3.489457030490141
2236.2089991096555,3.5037440270712557
2236.409000749208,3.5682270128808753
2236.608999555596,3.455863009484946
2236.809001195148,3.4574080196437698
2237.409000447476,3.540426006917569
2237.608999253863,3.51880301336265
2237.809000893416,3.4801900285023724
2238.008999699804,3.626919011875514
2238.2090013393563,3.48907100238538
2238.409000145744,3.5280700153504183
2238.809000591684,3.6072260258459137
2239.0089993980714,3.4527740199055628
2239.209001037624,3.4840510077920346
2239.6090014835645,3.508377029320818
2240.0089990963397,3.4821200027780708
2240.209000735892,3.6161069997289217
2240.40899954228,3.6029790184514905
2240.6090011818324,3.533089012455121
2240.8089999882195,3.5381090070484666
2241.0090016277727,3.6114740307289797
2241.20900043416,3.4601110143680107
2241.4089992405475,3.4693780163557797
2241.6090008801,3.5106940291899216
2241.808999686488,3.491772999620979
2242.009001326041,3.4716950162248827
2242.209000132428,3.4832790180817543
2242.408998938816,3.484823030751935
2242.609000578368,3.589078016725516
2242.808999384756,3.5442870194568528
2243.0090010243084,3.5300000228757376
2243.4090014702488,3.6469980260098747
2243.609000276636,3.4925460200695237
2243.8089990830235,3.5377230121933265
2244.0090007225763,3.5647520284463536
2244.4090011685166,3.4593390246577327
2244.608999974904,3.485982012805998
2244.8090016144565,3.5910090217394792
2245.009000420844,3.533476004798904
2245.2089992272317,3.5396540172072903
2245.608999673172,3.638117018877245
2245.809001312725,3.4871400306210383
2246.009000119112,3.523050020757071
2246.208998925499,3.5913950165946193
2246.6089993714395,3.463200003947394
2247.2090014569326,3.548921019195059
2247.40900026332,3.5249810257710354
2247.608999069708,3.5076050063609174
2247.8090007092605,3.642364026271669
2248.008999515648,3.6114740307289797
2248.2090011552004,3.5180300261637276
2248.609001601141,3.6222850121373065
2248.8090004075284,3.4593390246577327
2249.008999213916,3.484437002647174
2249.408999659856,3.552396003629581
2249.8090001057963,3.4898430253452815
2250.0089989121834,3.639275003442664
2250.2090005517366,3.6091570308598775
2250.6090009976765,3.545832029615676
2250.808999804064,3.619196022557926
2251.009001443617,3.4616550270381916
2251.2090002500045,3.4693780163557797
2251.6090006959444,3.5535540214446217
2251.808999502332,3.4925460200695237
2252.0090011418847,3.4956350096489057
2252.2089999482723,3.4921600252143836
2252.4090015878246,3.621513022427029
2252.609000394212,3.543129001641813
2252.8089992006,3.5500790037604784
2253.20899964654,3.638117018877245
2253.409001286093,3.485982012805998
2253.60900009248,3.5060600294517155
2253.808998898868,3.5527820317343415
2254.0090005384204,3.477873028633269
2254.208999344808,3.47825902348841
2254.409000984361,3.4952490147937656
2254.6089997907484,3.606068008030874
2254.8090014303007,3.5875340040553354
2255.208999043076,3.5141690136244437
2255.4090006826286,3.641206008456628
2255.608999489016,3.482506030882832
2255.8090011285685,3.5253670206261756
2256.008999934956,3.5543270086435435
2256.4090003808965,3.4798030029089686
2256.608999187284,3.497179022319087
2256.8090008268364,3.4906150150555604
2257.008999633224,3.5632080157761727
2257.2090012727767,3.5535540214446217
2257.4090000791643,3.5168720083486864
2257.8090005251047,3.641206008456628
2258.008999331492,3.5253670206261756
2258.2090009710446,3.5809700300414304
2258.408999777432,3.611860025584119
2258.8090002233725,3.4732390288950636
2259.2090006693124,3.545832029615676
2259.4089994757,3.4836650129368953
2259.609001115253,3.4952490147937656
2259.8089999216404,3.6319390064688593
2260.009001561193,3.611860025584119
2260.2090003675803,3.5477620038913757
2260.408999173968,3.555871021313724
2260.6090008135207,3.634255008849319
2260.8089996199083,3.4709220290259615
2261.009001259461,3.4836650129368953
2261.408998872236,3.556257016168863
2261.6090005117885,3.4809620182126517
2261.808999318176,3.492932014924663
2262.009000957729,3.5029710066227118
2262.2089997641165,3.618810027702785
2262.409001403669,3.563980005486453
2262.6090002100564,3.5581880211828265
2263.0090006559967,3.6454530158510505
2263.2089994623843,3.4805760233575125
2263.409001101937,3.5265250051915946
2263.608999908324,3.5848310093310927
2264.009000354265,3.4751700006594057
2264.208999160652,3.4994960221881897
2264.409000800205,3.6168800201774647
2264.6089996065925,3.5747910201444015
2265.0090000525324,3.5234360156122135
2265.20899885892,3.6462250055613303
2265.409000498473,3.4991100273330504
2265.6089993048604,3.5249810257710354
2266.0089997508003,3.620741032716749
2266.209001390353,3.4763280184744465
2266.4090001967406,3.501041032347013
2266.608999003128,3.5076050063609174
2266.809000642681,3.579425019882607
2267.008999449068,3.5500790037604784
2267.2090010886213,3.5095350138862385
2267.4089998950085,3.6439090031808705
2267.609001534561,3.631553011613719
2267.809000340949,3.5381090070484666
2268.0089991473365,3.574405025289262
2268.209000786889,3.6234440274409905
2268.4089995932763,3.474012016093986
2268.609001232829,3.482506030882832
2269.0089988456043,3.557416031472548
2269.209000485157,3.527297028151496
2269.609000931097,3.4983380043731485
2269.808999737485,3.6361860138632816
2270.0090013770373,3.5357920071793636
2270.209000183425,3.552396003629581
2270.408998989812,3.607999013044836
2270.609000629365,3.472853000790302
2270.8089994357524,3.482506030882832
2271.2089998816928,3.5311590049298003
2271.8089991340203,3.4952490147937656
2272.009000773573,3.621127027571888
2272.2089995799606,3.6180380047428846
2272.4090012195134,3.5570290058791434
2272.808998832288,3.642364026271669
2273.0090004718413,3.4743980109491255
2273.2089992782285,3.5072190115057778
2273.409000917781,3.5234360156122135
2273.8090013637216,3.481734007922932
2274.009000170109,3.497179022319087
2274.2089989764963,3.631166019269937
2274.409000616049,3.5995040007673467
2274.8090010619894,3.5500790037604784
2275.008999868377,3.6469980260098747
2275.2090015079293,3.4767140133295857
2275.409000314317,3.5025850117675725
2275.8090007602573,3.570544012749979
2276.008999566645,3.4790310131986883
2276.2090012061976,3.491772999620979
2276.409000012585,3.503357001477851
2276.6089988189724,3.5817420197517107
2276.809000458525,3.5133970239141643
2277.0089992649127,3.5307730100746615
2277.209000904465,3.6504730104443968
2277.408999710853,3.6319390064688593
2277.609001350406,3.5207330208879695
2277.809000156793,3.5771080200135046
2278.0089989631806,3.617266015032605
2278.2090006027333,3.4720810110800233
2278.408999409121,3.4732390288950636
2278.6090010486737,3.5052880064918144
2278.808999855061,3.589464011580655
2279.209000301001,3.5056740013469536
2279.408999107389,3.4994960221881897
2279.609000746941,3.6319390064688593
2279.8089995533287,3.5311590049298003
2280.009001192881,3.540426006917569
2280.409001638822,3.6330970242839005
2280.6090004452094,3.4720810110800233
2280.808999251597,3.5056740013469536
2281.208999697537,3.534634022613943
2281.6090001434773,3.4952490147937656
2281.808998949865,3.6361860138632816
2282.009000589417,3.6107020077690786
2282.2089993958048,3.5516240139193016
2282.608999841745,3.630780024414797
2282.809001481298,3.4709220290259615
2283.009000287685,3.485982012805998
2283.208999094073,3.5261390103364545
2283.4090007336254,3.5122380086104803
2283.608999540013,3.4925460200695237
2283.8090011795657,3.4967930274639465
2284.008999985953,3.4975650171742263
2284.209001625506,3.620741032716749
2284.608999238281,3.543515029746574
2284.8090008778336,3.6273050067306536
2285.008999684221,3.467447011341816
2285.209001323774,3.491772999620979
2285.409000130161,3.511466018900201
2285.6089989365487,3.5632080157761727
2285.8090005761014,3.4836650129368953
2286.008999382489,3.4902290202004203
2286.209001022042,3.4940899994900834
2286.4089998284294,3.6037510081617707
2286.609001467982,3.5798110147377473
2286.8090002743693,3.5493070140501977
2287.2090007203096,3.6442950312856315
2287.408999526697,3.4906150150555604
2287.60900116625,3.5300000228757376
2287.808999972637,3.5527820317343415
2288.209000418577,3.4647440166175745
2288.408999224965,3.4902290202004203
2288.609000864518,3.607999013044836
2288.808999670905,3.5597320006033866
2289.009001310458,3.5500790037604784
2289.2090001168453,3.522664025901933
2289.408998923233,3.650087015589256
2289.6090005627857,3.4743980109491255
2289.808999369173,3.515327031439484
2290.208999815113,3.5929400267534417
2290.409001454666,3.4662890267763977
2290.6090002610536,3.486368007661137
2290.8089990674407,3.4940899994900834
2291.009000706994,3.5736330023293608
2291.208999513381,3.5049020116366747
2291.4090011529343,3.518416021018867
2291.6089999593214,3.6388890085875256
2291.809001598874,3.621127027571888
2292.0090004052618,3.5014270272021535
2292.208999211649,3.5597320006033866
2292.409000851202,3.609929020570157
2292.8090012971425,3.459725019512872
2293.2089989099168,3.583286032421891
2293.40900054947,3.518416021018867
2293.8090009954103,3.485595020462215
2294.008999801797,3.6157210048737816
2294.20900144135,3.5439010246017126
2294.409000247738,3.5400400120624296
2294.809000693678,3.6377310240221057
2295.0089995000653,3.466675021631538
2295.209001139618,3.5014270272021535
2295.4089999460057,3.545059009167132
2295.809000391946,3.501041032347013
2296.008999198333,3.4875260254761784
2296.209000837886,3.620741032716749
2296.408999644273,3.589464011580655
2296.6090012838263,3.548921019195059
2297.008998896601,3.631553011613719
2297.209000536154,3.4686060266455
2297.4089993425414,3.4871400306210383
2297.609000982094,3.5307730100746615
2298.0090014280345,3.4805760233575125
2298.2090002344216,3.488298015186457
2298.408999040809,3.4840510077920346
2298.609000680362,3.596801006043105
2298.8089994867496,3.5469900141810955
2299.0090011263023,3.526911000046735
2299.208999932689,3.6230580325858517
2299.4090015722422,3.4616550270381916
2299.60900037863,3.501041032347013
2299.808999185017,3.5199610311776905
2300.00900082457,3.572861012619082
2300.208999630958,3.472853000790302
2300.40900127051,3.4809620182126517
2300.6090000768977,3.4867540025162764
2300.8089988832853,3.5906230268843387
2301.009000522838,3.5624350285772506
2301.2089993292257,3.529227999915838
2301.608999775166,3.6400470264025664
2301.8090014147183,3.4906150150555604
2302.009000221106,3.523050020757071
2302.208999027493,3.56011902619679
2302.608999473434,3.455091019774666
2302.809001112986,3.481734007922932
2303.0089999193738,3.5960290163328246
2303.2090015589265,3.5377230121933265
2303.409000365314,3.5392670248635074
2303.6089991717017,3.504516016781535
2303.809000811254,3.6327110294287595
2304.0089996176416,3.474784005804265
2304.2090012571944,3.5137830187693035
2304.6089988699696,3.5921670063048987
2304.8090005095223,3.4604970092231513
2305.008999315909,3.481734007922932
2305.209000955462,3.485982012805998
2305.40899976185,3.5496930089053387
2305.6090014014026,3.488298015186457
2305.80900020779,3.5095350138862385
2306.0089990141773,3.6346420011931015
2306.20900065373,3.612632015294399
2306.4089994601177,3.497952009518009
2306.6090010996704,3.5589600108931068
2306.808999906058,3.606068008030874
2307.209000351998,3.4574080196437698
2307.408999158385,3.4871400306210383
2307.6090007979383,3.5662970053555556
2308.009001243878,3.492932014924663
2308.209000050266,3.484437002647174
2308.4089988566534,3.619969009756847
2308.609000496206,3.513011029059024
2308.8089993025937,3.51880301336265
2309.208999748534,3.6253740017166898
2309.409001388087,3.451616002090522
2309.609000194474,3.481734007922932
2310.0090006404143,3.5133970239141643
2310.4090010863547,3.4801900285023724
2310.608999892742,3.6164930278336826
2310.809001532295,3.5886920218703766
2311.009000338682,3.5296140280205988
2311.4090007846225,3.618423999598024
2311.6089995910097,3.452002030195284
2311.809001230563,3.4759420236193064
2312.00900003695,3.5222780310467927
2312.4090004828904,3.462814009092255
2312.6089992892776,3.474012016093986
2312.8090009288308,3.467833006196958
2313.008999735218,3.5821280146068495
2313.209001374771,3.5303860177308777
2313.4090001811583,3.5056740013469536
2313.608998987546,3.619583014901708
2313.8090006270986,3.451616002090522
2314.0089994334858,3.489457030490141
2314.209001073039,3.503357001477851
2314.408999879426,3.5740190304341226
2314.609001518979,3.4601110143680107
2314.8090003253665,3.474012016093986
2315.008999131754,3.467447011341816
2315.209000771307,3.5589600108931068
2315.408999577694,3.5377230121933265
2315.6090012172467,3.5103080010851606
2316.008998830022,3.626533017020374
2316.2090004695747,3.4751700006594057
2316.408999275962,3.5103080010851606
2316.6090009155146,3.5477620038913757
2317.009001361455,3.4411900180486907
2317.2090001678425,3.467447011341816
2317.4089989742297,3.5720890229088016
2318.009001059723,3.4805760233575125
2318.2089998661104,3.6137910305980827
2318.409001505663,3.466675021631538
2318.6090003120507,3.497952009518009
2319.00900075799,3.589464011580655
2319.2089995643782,3.4431210230626537
2319.409001203931,3.4689920215006405
2319.6090000103186,3.4689920215006405
2319.8089988167058,3.531544999784941
2320.0090004562585,3.4755560287641667
2320.208999262646,3.4991100273330504
2320.409000902199,3.6134040050046785
2320.6089997085865,3.5886920218703766
2320.809001348139,3.4801900285023724
2321.009000154527,3.5257530154813157
2321.208998960914,3.5211190157431087
2321.4090006004667,3.5072190115057778
2321.6089994068543,3.645839010706191
2322.0089998527947,3.5276840204952786
2322.209001492347,3.6578090074182024
2322.4090002987346,3.6072260258459137
2322.608999105122,3.6246020120064104
2323.0089995510625,3.5029710066227118
2323.209001190615,3.5998900288721076
2323.4089999970024,3.5886920218703766
2323.60899880339,3.585217004186233
2323.8090004429428,3.5280700153504183
2324.4089996952703,3.6659180248405514
2324.8090001412106,3.5462180244708152
2325.6090010330918,3.6068400309907744
2325.8089998394785,3.5717020305650187
2326.009001479031,3.5771080200135046
2326.209000285419,3.6110880026242187
2326.609000731359,3.5720890229088016
2327.009001177299,3.5863750220012727
2327.2089999836867,3.563980005486453
2327.4090016232394,3.585989027146134
2327.808999236014,3.5697720230396985
2328.2089996819545,3.578653030172328
2328.609000127895,3.563980005486453
2329.009000573835,3.583286032421891
2329.2089993802224,3.5813560248965706
2329.6089998261627,3.5790390250274666
2330.009000272102,3.6261470221652337
2330.2089990784903,3.6493150258789777
2330.6089995244306,3.5883060270152365
2330.809001163984,3.6690070144199347
2331.0089999703705,3.6473840208650143
2331.209001609924,3.6697790041302136
2331.409000416311,3.619969009756847
2331.6089992226985,3.6246020120064104
2331.809000862251,3.638117018877245
2332.2090013081915,3.704917004555969
2332.4090001145787,3.6388890085875256
2332.6089989209663,3.6400470264025664
2332.809000560519,3.645067020995911
2333.0089993669067,3.7103230272540753
2333.2090010064594,3.7029870302802697
2333.6090014524,3.6319390064688593
2333.809000258787,3.6253740017166898
2334.0089990651745,3.7103230272540753
2334.2090007047277,3.6987390253972032
2334.408999511115,3.6222850121373065
2334.609001150668,3.630394029559657
2334.8089999570548,3.619969009756847
2335.009001596608,3.675185026828321
2335.209000402995,3.6693930092750735
2335.8089996553226,3.6238300222961306
2336.009001294876,3.6477700157201536
2336.209000101263,3.6230580325858517
2336.4089989076506,3.634255008849319
2336.609000547204,3.6230580325858517
2336.8089993535905,3.6249880068615505
2337.009000993144,3.6249880068615505
2337.409001439084,3.6018210006364497
2337.8089990518583,3.6134040050046785
2338.4090011373514,3.6002760237272486
2338.608999943739,3.612632015294399
2338.809001583292,3.609929020570157
2339.4090008356197,3.5952560291339024
2339.80900128156,3.6431360159819475
2340.2089988943344,3.608771002755115
2341.008999786215,3.7114810118194947
2341.209001425768,3.6439090031808705
2341.4090002321554,3.656651022852783
2341.6089990385426,3.7222930239660865
2341.809000678096,3.7134120168334586
2342.008999484483,3.7361940256920616
2342.4089999304238,3.661671017446128
2342.609001569976,3.6643740121703705
2343.008999182751,3.7334910309678184
2343.408999628691,3.6597400124321657
2343.609001268244,3.662057012301269
2343.8090000746315,3.7288570312296136
2344.0089988810187,3.7273130185594328
2344.408999326959,3.6531760051686395
2344.609000966512,3.6354140241530026
2344.8089997729,3.7323320156641353
2345.009001412452,3.7211350061510466
2345.408999025227,3.6442950312856315
2345.60900066478,3.6319390064688593
2345.808999471167,3.6805910162768063
2346.00900111072,3.6802050214216666
2346.808999169435,3.6253740017166898
2347.009000808988,3.6164930278336826
2347.409001254928,3.6296220065997558
2347.808998867703,3.617652009887746
2348.608999759583,3.6334830191390397
2348.809001399136,3.6230580325858517
2349.0090002055235,3.6249880068615505
2349.208999011911,3.6354140241530026
2349.809001097404,3.6809770111319455
2350.209001543344,3.6427500211268082
2350.60899915612,3.7234510085315056
2350.809000795672,3.712640027123178
2351.209001241612,3.671710009144177
2351.608998854387,3.7450750328246905
2351.8090004939395,3.7524110297984956
2352.20900093988,3.681749000842226
2352.60900138582,3.7512530119834544
2352.809000192208,3.7516390068385954
2353.008998998595,3.671710009144177
2353.209000638148,3.67557102168346
2353.4089994445358,3.671710009144177
2353.808999890476,3.748936012114352
2354.209000336416,3.6469980260098747
2354.408999142803,3.656651022852783
2354.609000782356,3.719590029241844
2354.8089995887435,3.7076200325298316
2355.2090000346834,3.6551060126939596
2355.408998841071,3.6632150301163087
2355.609000480624,3.6906300079748546
2355.8089992870114,3.676730003737522
2356.2089997329517,3.6589680227218855
2356.4090013725045,3.6597400124321657
2356.609000178892,3.6439090031808705
2356.8089989852792,3.6551060126939596
2357.20899943122,3.634255008849319
2357.4090010707723,3.653562000023779
2357.6089998771595,3.6435230083257304
2358.2089991294874,3.631553011613719
2358.40900076904,3.645839010706191
2358.608999575428,3.634255008849319
2358.80900121498,3.641206008456628
2359.2089988277557,3.6338690139941785
2359.409000467308,3.660512002142445
2359.608999273695,3.6469980260098747
2360.0089997196355,3.650859005299536
2360.2090013591883,3.7006700304111666
2360.409000165576,3.6732550193029994
2360.608998971963,3.6991250202523434
2361.0089994179034,3.6554930050377417
2361.408999863844,3.7435300226658663
2361.809000309784,3.6798190265665256
2362.0089991161717,3.6863830005804306
2362.6090012016643,3.7663120315244707
2363.008998814439,3.6848380236712286
2363.2090004539923,3.7663120315244707
2363.4089992603795,3.7570450295367017
2363.609000899932,3.7694010211038536
2364.0090013458725,3.6910170003186376
2364.20900015226,3.6724820321040776
2364.6090005982,3.7531840169974178
2365.0090010441404,3.6693930092750735
2365.208999850528,3.6747990319731807
2365.4090014900808,3.7423720048508256
2365.609000296468,3.7110950169643546
2365.8089991028555,3.661285022590989
2366.0090007424083,3.6697790041302136
2366.208999548796,3.6720960039993167
2366.4090011883486,3.7300160132836746
2366.608999994736,3.7014420201214455
2366.8089988011234,3.673641014158141
2367.009000440676,3.6740270090132796
2367.208999247064,3.682908016145909
2367.809001332557,3.6570370177079226
2368.208998945332,3.675185026828321
2368.608999391272,3.6439090031808705
2368.8090010308247,3.648542005430433
2369.008999837212,3.6589680227218855
2369.60899908954,3.645067020995911
2369.8090007290925,3.642364026271669
2370.00899953548,3.6628290020115477
2370.2090011750324,3.653948028128541
2370.40899998142,3.6531760051686395
2370.608998787808,3.6435230083257304
2370.8090004273604,3.6446810261407716
2371.408999679688,3.6747990319731807
2371.809000125628,3.6481560105752937
2372.209000571568,3.704531009700829
2372.6090010175085,3.6690070144199347
2372.808999823896,3.67557102168346
2373.408999076224,3.7408270279416245
2373.6090007157763,3.667849029854514
2373.808999522164,3.6782740164077037
2374.0090011617167,3.7443030098647885
2374.2089999681043,3.7211350061510466
2374.409001607657,3.749708001824631
2374.808999220432,3.6852250160150115
2375.009000859985,3.693333002699097
2375.208999666372,3.772490010683236
2375.409001305925,3.7620640266414047
2375.6090001123125,3.6941060231476395
2375.8089989187,3.708392022240112
2376.0090005582524,3.6987390253972032
2376.20899936464,3.779440012801901
2376.4090010041928,3.7778960001317206
2376.809001450133,3.70337302513541
2377.0090002565203,3.6875410183954713
2377.208999062908,3.780213000000823
2377.4090007024606,3.7744210156971985
2377.608999508848,3.684066000711328
2377.809001148401,3.7056900250045115
2378.008999954788,3.684066000711328
2378.4090004007285,3.772490010683236
2378.608999207116,3.7659260034197097
2378.809000846669,3.674413003868419
2379.008999653056,3.6805910162768063
2379.209001292609,3.7462330173901095
2379.4090000989963,3.7269270237042917
2379.608998905384,3.7558860142330177
2379.8090005449367,3.673641014158141
2380.008999351324,3.6763440088823827
2380.209000990877,3.7342630206780987
2380.408999797264,3.7114810118194947
2380.8090002432045,3.6794330317113855
2381.008999049592,3.6809770111319455
2381.609001135085,3.6628290020115477
2381.8089999414724,3.668235024709655
2382.0090015810256,3.6690070144199347
2382.2090003874127,3.6655320299854113
2382.4089991938,3.6512450001546766
2382.609000833353,3.653948028128541
2383.2090000856806,3.663987019826588
2383.408998892068,3.6446810261407716
2383.609000531621,3.660126007287305
2383.808999338008,3.6562650279976436
2384.0090009775613,3.6589680227218855
2384.2089997839485,3.6775020266974234
2384.409001423501,3.6554930050377417
2384.808999036276,3.6879280107392547
2385.009000675829,3.6624430071564076
2385.2089994822163,3.673641014158141
2385.409001121769,3.664760007025511
2385.6089999281567,3.6666900145508317
2385.8090015677094,3.6659180248405514
2386.009000374097,3.7323320156641353
2386.208999180484,3.705303032660729
2386.409000820037,3.673641014158141
2386.6089996264245,3.685997005725291
2386.8090012659773,3.6666900145508317
2387.208998878752,3.747392032693793
2387.4090005183048,3.6786600112628425
2387.6089993246924,3.6914030284233976
2387.809000964245,3.6914030284233976
2388.209001410185,3.7620640266414047
2388.60899902296,3.704531009700829
2388.809000662513,3.7068480095699314
2389.0089994689006,3.779440012801901
2389.2090011084533,3.7674700160898897
2389.408999914841,3.7833020228298277
2389.609001554393,3.6995110151074835
2389.8090003607813,3.7072340044250716
2390.209000806721,3.7848460022503865
2390.408999613109,3.7821430075261437
2390.809000059049,3.6883140055943935
2391.0089988654363,3.777510005276581
2391.209000504989,3.770945000524412
2391.4089993113766,3.7531840169974178
2391.808999757317,3.676730003737522
2392.209000203257,3.7705590056692726
2392.4089990096445,3.7470050071003898
2392.609000649197,3.675185026828321
2392.808999455585,3.6763440088823827
2393.009001095137,3.675185026828321
2393.409001541077,3.7234510085315056
2393.609000347465,3.675185026828321
2393.8089991538527,3.6775020266974234
2394.2089995997926,3.6863830005804306
2394.4090012393453,3.6701660297236183
2394.609000045733,3.675185026828321
2395.2089992980605,3.6705520245787575
2395.409000937613,3.6581959997619857
2395.608999744001,3.6643740121703705
2395.8090013835536,3.67557102168346
2396.009000189941,3.6720960039993167
2396.409000635881,3.6531760051686395
2397.008999888209,3.667463001749754
2397.409000334149,3.6562650279976436
2398.2090012260296,3.660126007287305
2398.409000032417,3.6562650279976436
2398.608998838805,3.6589680227218855
2399.0089992847447,3.6941060231476395
2399.408999730685,3.6643740121703705
2399.609001370238,3.6701660297236183
2399.809000176625,3.7226790188212266
2400.0089989830126,3.7029870302802697
2400.2090006225653,3.7219070291109473
2400.6090010685057,3.671324014289037
2401.009001514446,3.7470050071003898
2401.408999127221,3.6856110108701516
2401.609000766773,3.7056900250045115
2402.209000019101,3.7663120315244707
2402.4089988254887,3.684066000711328
2402.6090004650414,3.704531009700829
2402.808999271429,3.7717180209729557
2403.0090009109817,3.7504810222731755
2403.208999717369,3.7778960001317206
2403.409001356922,3.7076200325298316
2403.609000163309,3.7161150115577
2403.808998969697,3.70337302513541
2404.0090006092496,3.7778960001317206
2404.208999415637,3.7771240104214416
2404.608999861577,3.7068480095699314
2404.80900150113,3.7056900250045115
2405.208999113905,3.7825290023812825
2405.409000753458,3.7029870302802697
2405.608999559845,3.706462014714792
2405.8090011993977,3.6875410183954713
2406.0090000057853,3.779440012801901
2406.208998812173,3.767856010945029
2406.4090004517257,3.682908016145909
2406.608999258113,3.694492018002781
2406.8090008976656,3.6771160318422833
2407.209001343606,3.7593620294058048
2407.409000149993,3.75665900143194
2407.809000595934,3.675185026828321
2408.008999402321,3.7416000151405466
2408.2090010418738,3.7334910309678184
2408.4089998482614,3.7516390068385954
2408.8090002942017,3.6581959997619857
2409.008999100589,3.7361940256920616
2409.209000740142,3.7180460165716633
2409.408999546529,3.7095510042941746
2409.8089999924696,3.6589680227218855
2410.20900043841,3.719590029241844
2410.408999244797,3.7080060273849726
2410.808999690737,3.653948028128541
2411.408998943065,3.696036030672962
2411.8089993890053,3.6531760051686395
2412.2089998349456,3.668235024709655
2412.808999087273,3.6473840208650143
2413.208999533213,3.660512002142445
2413.6089999791534,3.6439090031808705
2414.0090004250937,3.650087015589256
2414.2089992314814,3.6330970242839005
2414.409000871034,3.6531760051686395
2414.8090013169744,3.6338690139941785
2415.0090001233616,3.645067020995911
2415.409000569302,3.621127027571888
2415.8090010152423,3.6377310240221057
2416.008999821629,3.6330970242839005
2416.209001461182,3.619196022557926
2416.40900026757,3.6253740017166898
2416.6089990739574,3.619196022557926
2417.0089995198973,3.6261470221652337
2417.20900115945,3.618423999598024
2417.809000411778,3.6365720087184226
2418.0089992181656,3.631553011613719
2418.209000857718,3.6358000190081423
2418.6090013036583,3.6168800201774647
2418.809000110046,3.6238300222961306
2419.008998916433,3.6446810261407716
2419.4089993623734,3.6230580325858517
2419.8089998083137,3.6249880068615505
2420.2090002542536,3.6481560105752937
2420.4089990606417,3.6203550046119872
2421.0090011461343,3.761678031786265
2421.4090015920747,3.6400470264025664
2421.609000398462,3.6338690139941785
2422.009000844402,3.7485500172592126
2422.4090012903425,3.6593540175770256
2422.8089989031173,3.8029940113707843
2423.2089993490576,3.6292360117446165
2423.608999794998,3.7721040158280945
2423.8090014345507,3.7674700160898897
2424.009000240938,3.8006770115016817
2424.208999047325,3.7937270093830158
2424.4090006868782,3.719204001137083
2424.608999493266,3.7848460022503865
2424.8090011328186,3.7694010211038536
2425.0089999392058,3.7721040158280945
2425.6089991915337,3.6666900145508317
2426.209001277027,3.7956580143969787
2427.2090009752947,3.6906300079748546
2427.809000227622,3.7941130042381546
2428.0089990340093,3.7446890047199286
2428.2090006735625,3.7805990281055832
2428.4089994799497,3.723065013676366
2428.609001119503,3.7628370138403264
2428.80899992589,3.698353030542063
2429.0090015654428,3.7211350061510466
2429.2090003718304,3.738897020416304
2429.408999178217,3.8080140059641296
2429.6090008177707,3.753570011852558
2429.808999624158,3.792183029962456
2430.009001263711,3.7234510085315056
2430.209000070098,3.7670840212347505
2430.4089988764854,3.6759580140272425
2430.6090005160386,3.6821360264356295
2431.009000961979,3.7817570126710036
2431.208999768366,3.761678031786265
2431.6090002143064,3.8095580186343097
2432.009000660247,3.6914030284233976
2432.208999466634,3.6991250202523434
2432.6089999125743,3.7848460022503865
2432.809001552127,3.7350350103883776
2433.208999164902,3.8161230233864796
2433.4090008044545,3.7856180252102876
2433.608999610842,3.6852250160150115
2433.809001250395,3.7346490155332375
2434.2089988631697,3.70337302513541
2434.4090005027224,3.7296300184285354
2434.8090009486627,3.815350002937935
2435.8090006469306,3.685997005725291
2436.209001092871,3.809945010978093
2436.408999899258,3.7902520249484937
2436.609001538811,3.791024014658773
2436.8090003451985,3.7995190269362626
2437.4089995975264,3.6921750181336765
2438.008998849854,3.7937270093830158
2438.4089992957943,3.7964300041072576
2438.6090009353466,3.760906008826364
2438.8089997417346,3.7925690248175967
2439.009001381287,3.6883140055943935
2439.2090001876745,3.7319460208089943
2439.408998994062,3.7369660154023405
2439.8089994400025,3.8076280111089904
2440.0090010795548,3.813806023517375
2440.2089998859424,3.7620640266414047
2440.409001525495,3.7987470039763607
2440.6090003318827,3.6937190308038588
2440.8089991382703,3.7396690101265833
2441.0090007778226,3.7334910309678184
2441.2089995842102,3.7601340191160837
2441.409001223763,3.7423720048508256
2441.6090000301506,3.815350002937935
2441.808998836538,3.7968160322120195
2442.009000476091,3.794499032342916
2442.208999282478,3.6883140055943935
2442.409000922031,3.7404409998368626
2442.6089997284184,3.7446890047199286
2442.809001367971,3.7674700160898897
2443.009000174359,3.7338770258229577
2443.208998980746,3.810717000688373
2443.4090006202987,3.7917970018576943
2443.6089994266863,3.7968160322120195
2443.809001066239,3.6914030284233976
2444.008999872626,3.7346490155332375
2444.2090015121794,3.7172730293727416
2444.4090003185665,3.7670840212347505
2444.608999124954,3.7257680084006086
2445.0089995708945,3.82925100466391
2445.2090012104472,3.7991330320811225
2445.4090000168344,3.7103230272540753
2445.608998823222,3.733105002863058
2446.0089992691624,3.686769028685191
2446.4089997151027,3.8277070252433507
2446.8090001610426,3.7991330320811225
2447.00899896743,3.7068480095699314
2447.209000606983,3.7721040158280945
2447.6090010529238,3.687155023540332
2448.009001498864,3.818826018110722
2448.209000305251,3.7956580143969787
2448.609000751191,3.7929550196727355
2449.2090000035187,3.6802050214216666
2449.808999255846,3.802222021660505
2450.0090008954,3.7917970018576943
2450.2089997017865,3.8045390215296075
2450.8089989541145,3.6825220212907688
2451.409001039608,3.7674700160898897
2451.8090014855475,3.816509018241619
2452.009000291935,3.7964300041072576
2452.2089990983227,3.7991330320811225
2452.4090007378754,3.6956500025681995
2452.6089995442626,3.7373520102574798
2452.809001183816,3.7246100238351896
2453.008999990203,3.747392032693793
2453.2089987965905,3.731174031098716
2453.4090004361437,3.8226870306500045
2453.6089992425304,3.802222021660505
2453.809000882083,3.7863910124092097
2454.008999688471,3.6852250160150115
2454.2090013280235,3.7439160175210064
2454.409000134411,3.7103230272540753
2455.0089993867387,3.8300230276238114
2455.609001472232,3.7161150115577
2455.80900027862,3.7373520102574798
2456.0089990850065,3.720362018952124
2456.2090007245592,3.7404409998368626
2456.408999530947,3.7288570312296136
2456.6090011705,3.8230730255051455
2456.808999976887,3.7964300041072576
2457.0089987832744,3.7979750142660818
2457.209000422827,3.7002840023064056
2457.4089992292147,3.7628370138403264
2457.6090008687675,3.727699013414572
2457.808999675155,3.7443030098647885
2458.009001314708,3.7323320156641353
2458.2090001210954,3.8184390257669394
2458.4089989274826,3.812648005702335
2458.6090005670358,3.7863910124092097
2458.808999373423,3.6825220212907688
2459.009001012976,3.730402008138814
2459.409001458916,3.698353030542063
2459.609000265303,3.723838000875287
2460.0090007112435,3.824231010070564
2461.0090004095114,3.676730003737522
2461.409000855452,3.814192018372517
2461.809001301392,3.794886024686699
2462.0090001077792,3.7898660300933535
2462.608999360107,3.6863830005804306
2463.2090014456,3.8195980078210017
2463.4090002519874,3.7952720195418386
2463.608999058375,3.7848460022503865
2463.809000697928,3.735808030836921
2464.008999504315,3.7902520249484937
2464.209001143868,3.6968090178718835
2464.4089999502557,3.7296300184285354
2464.608998756643,3.749708001824631
2464.809000396196,3.8265480099396676
2465.008999202583,3.7991330320811225
2465.2090008421355,3.7933410145278756
2465.408999648523,3.7261540032557487
2465.609001288076,3.7898660300933535
2465.8090000944635,3.6894720234094347
2466.0089989008507,3.7219070291109473
2466.808999792732,3.7964300041072576
2467.4089990450598,3.6863830005804306
2467.609000684612,3.6906300079748546
2468.009001130552,3.805311011239887
2468.208999936939,3.7346490155332375
2468.4090015764923,3.7856180252102876
2468.6090003828795,3.749322006969492
2468.808999189267,3.7848460022503865
2469.00900082882,3.6786600112628425
2469.208999635207,3.7076200325298316
2469.6090000811478,3.790638019803633
2469.808998887535,3.727699013414572
2470.2089993334757,3.813034000557476
2470.409000973028,3.7898660300933535
2470.608999779415,3.6786600112628425
2470.8090014189684,3.6856110108701516
2471.0090002253555,3.7334910309678184
2471.208999031743,3.704531009700829
2471.809001117236,3.819984002676141
2472.0089999236234,3.7798260076570407
2472.209001563177,3.671710009144177
2472.409000369564,3.6914030284233976
2472.608999175952,3.7327190080079187
2472.809000815504,3.719204001137083
2473.0089996218912,3.719590029241844
2473.409000067832,3.816509018241619
2474.008999320159,3.6821360264356295
2474.2090009597123,3.7284710031248514
2474.4089997660994,3.7284710031248514
2474.609001405652,3.7377380051126208
2474.80900021204,3.717660021716523
2475.008999018427,3.8037670318193273
2475.20900065798,3.7732620003935144
2475.4089994643678,3.775193005407478
2475.60900110392,3.6720960039993167
2476.209000356248,3.7713320261178156
2476.408999162635,3.7288570312296136
2476.609000802188,3.8095580186343097
2476.8089996085755,3.7462330173901095
2477.009001248128,3.7829160279746867
2477.209000054516,3.6771160318422833
2477.408998860903,3.6852250160150115
2477.808999306844,3.747392032693793
2478.009000946396,3.7423720048508256
2478.4090013923364,3.8064690290549272
2478.609000198724,3.779440012801901
2478.808999005111,3.6763440088823827
2479.0090006446644,3.706462014714792
2479.4090010906043,3.75820301410212
2479.608999896992,3.72538201354547
2480.0090003429323,3.8076280111089904
2480.2089991493194,3.7840740125401067
2480.409000788872,3.6690070144199347
2480.60899959526,3.694492018002781
2480.8090012348125,3.723065013676366
2481.0090000412,3.70337302513541
2481.40900048714,3.7991330320811225
2481.608999293528,3.790638019803633
2481.8090009330804,3.7670840212347505
2482.008999739468,3.7721040158280945
2482.2090013790207,3.6705520245787575
2482.409000185408,3.7269270237042917
2482.6089989917955,3.685997005725291
2483.2090010772886,3.7991330320811225
2483.809000329616,3.6782740164077037
2484.008999136004,3.712640027123178
2484.2090007755564,3.6902440131197145
2484.408999581944,3.708392022240112
2484.6090012214963,3.7026000046868663
2484.809000027884,3.7863910124092097
2485.008998834272,3.761678031786265
2485.2090004738243,3.760906008826364
2485.4089992802114,3.6624430071564076
2485.609000919764,3.6995110151074835
2485.808999726152,3.7068480095699314
2486.0090013657045,3.7273130185594328
2486.209000172092,3.7022140098317258
2486.40899897848,3.7848460022503865
2486.609000618032,3.760520013971224
2486.80899942442,3.763609003550606
2487.0090010639724,3.6686210195647946
2487.20899987036,3.7095510042941746
2487.4090015099127,3.6593540175770256
2488.00900076224,3.779054017946761
2488.208999568628,3.7805990281055832
2488.4090012081806,3.760906008826364
2488.609000014568,3.671324014289037
2488.808998820956,3.6724820321040776
2489.009000460508,3.6802050214216666
2489.208999266896,3.652404015458359
2489.608999712836,3.7740350208420583
2489.809001352389,3.7628370138403264
2490.009000158776,3.752797024653635
2490.208998965164,3.655878999892882
2490.4090006047163,3.6856110108701516
2490.608999411104,3.6914030284233976
2490.8090010506567,3.6624430071564076
2491.409000302984,3.7736480284982754
2491.608999109372,3.7477780275489327
2491.8090007489245,3.745847022534969
2492.008999555312,3.6655320299854113
2492.209001194865,3.674413003868419
2492.409000001252,3.6759580140272425
2492.60899880764,3.6910170003186376
2492.8090004471924,3.6852250160150115
2493.00899925358,3.772490010683236
2493.2090008931327,3.7504810222731755
2493.4089996995203,3.7408270279416245
2493.609001339073,3.6462250055613303
2493.80900014546,3.6863830005804306
2494.008998951848,3.6466120311547336
2494.609001037341,3.763609003550606
2495.2090002896684,3.6504730104443968
2495.609000735609,3.6655320299854113
2495.808999541996,3.6805910162768063
2496.0090011815487,3.6794330317113855
2496.408998794324,3.7647670213656466
2496.6090004338766,3.7385110255611638
2496.808999240264,3.627691001585792
2497.009000879817,3.6686210195647946
2497.409001325757,3.719590029241844
2497.6090001321445,3.6659180248405514
2498.009000578085,3.7628370138403264
2498.208999384472,3.7296300184285354
2498.409001024025,3.618810027702785
2498.6089998304124,3.6354140241530026
2499.60899952868,3.752797024653635
2500.208998781008,3.6242160171512703
2500.409000420561,3.684066000711328
2500.608999226948,3.656651022852783
2501.209001312441,3.7551140245227383
2501.8090005647687,3.615335010018642
2502.4089998170966,3.6875410183954713
2502.6090014566494,3.6794330317113855
2502.8090002630365,3.7296300184285354
2503.008999069424,3.7010560252663067
2503.209000708977,3.7026000046868663
2503.4089995153645,3.6114740307289797
2503.609001154917,3.630780024414797
2504.008998767692,3.671324014289037
2504.2090004072447,3.6543340229836803
2504.4089992136323,3.7361940256920616
2504.609000853185,3.7026000046868663
2504.8089996595727,3.713798011688598
2505.009001299125,3.6033650133066297
2505.2090001055126,3.6346420011931015
2505.4089989119,3.6527900103135
2505.609000551453,3.708392022240112
2505.8089993578405,3.6628290020115477
2506.0090009973933,3.7392830152714427
2506.208999803781,3.7377380051126208
2506.409001443333,3.7103230272540753
2506.609000249721,3.6064540028860126
2506.8089990561084,3.6145630203083625
2507.009000695661,3.6686210195647946
2507.2089995020488,3.630008001454896
2507.8089987543763,3.7296300184285354
2508.2089992003166,3.601048013437527
2508.409000839869,3.6149490151635018
2508.6089996462565,3.660512002142445
2508.809001285809,3.6415920033117666
2509.4090005381368,3.7222930239660865
2509.608999344525,3.7026000046868663
2509.809000984077,3.7091650094390345
2510.0089997904647,3.7002840023064056
2510.6089990427927,3.4342400159300257
2511.2090011282853,3.482893023226615
2513.0089988852683,3.3902210083716415
2513.808999777149,3.3616480126980566
2516.409001259178,3.2794020151345347
2517.0090005115053,3.2639570007383796
2517.809001403386,3.2419470148396776
2520.209001245862,3.184028003043962
2521.0089993045767,3.1631769991993215
2522.2090006423978,3.139623000630438
2523.009001534278,3.121475024759662
2523.609000786605,3.1079600178888276
2524.6090004848734,3.0898120087684298
2527.208999133737,3.0407740041053426
2527.40900077329,3.0403880092502034
2528.208998832005,3.024170007655126
2529.209001363438,3.007566011204908
2530.008999422153,2.9932800121124368
2531.609001205914,2.9693400186884147
2532.209000458242,2.9589140013969617
2533.408998962897,2.941924010091605
2546.0090002607703,2.7762750278877864
2547.2089987654253,2.7639180055823704
2548.209001296859,2.75117601916008
2548.4090001032464,2.75117601916008
2549.008999355574,2.741137027462032
2552.009001283543,2.711019021629623
2552.408998896318,2.704068022022314
2553.208999788198,2.697118019903648
2555.2089991847342,2.677811028729188
2556.208998883002,2.666614019216099
2557.4090002208222,2.6565740300294083
2558.00899947315,2.647693022896779
2558.4089999190905,2.6453770205163187
2562.2089999057744,2.6098530252354246
2562.409001545328,2.6117829995111235
2563.208999604042,2.6013580129579355
2564.4090009418637,2.5901600059562035
2565.409000640131,2.5828230114937547
2566.008999892458,2.575873009375089
2566.209001532012,2.576259004230229
2566.80900078434,2.569695030216324
2567.409000036667,2.565061030478118
2568.4089997349347,2.5554080003855884
2569.808999879143,2.543438003673577
2570.609000771023,2.5364880015549107
2571.4089988297383,2.528765012237322
2571.8089992756786,2.5279930225270437
2572.8089989739465,2.5191120153944144
2573.8090015053795,2.5094590185515058
2574.608999564095,2.5009640062740166
2575.809000901915,2.4940140041553507
2577.008999406571,2.4832020252583797
2577.4089998525114,2.479727007574236
2578.808999996719,2.4708460004416075
2593.009000245188,2.3654319991643424
2594.008999943456,2.3584820302952982
2594.608999195784,2.353076007597193
2596.209000979544,2.3430370158991427
2596.609001425484,2.341492005740321
2597.209000677812,2.3357000214366943
2597.80899993014,2.3318390088974112
2598.408999182468,2.3256610297386473
2598.6090008220203,2.327205009159205
2599.209000074348,2.3214130248555804
2599.808999326676,2.3190970224751206
2600.4090014121684,2.3152350124471948
2602.8090012546445,2.2974730314315575
2603.409000506972,2.293612018892275
2603.8090009529124,2.2920680062220935
2604.40900020524,2.2878200013390284
2606.809000047716,2.272375020192494
2607.0089988541035,2.272761015047634
2607.2090004936563,2.268514007653211
2607.408999300044,2.270444015178531
2607.6090009395966,2.2712170023774534
2608.209000191924,2.264652030874906
2610.0090007820727,2.253068029018034
2610.20899958846,2.254227011072097
2611.0090004803405,2.2472770089534313
2611.409000926281,2.2445740142291877
2611.608999732668,2.2445740142291877
2611.809001372221,2.238782029925563
2612.0090001786084,2.2399400144909825
2612.608999430936,2.2356930070965593
2613.0089998768763,2.2322170251733935
2613.209001516429,2.234534025042496
2613.809000768757,2.2283560126341104
2614.008999575144,2.2291280023443907
2614.4090000210845,2.224881028199588
2616.8089998635605,2.2086640240931534
2617.209000309501,2.2055740037755074
2617.408999115888,2.2071190139343297
2618.009001201381,2.200169011815664
2618.808999260096,2.200169011815664
2619.4090013455893,2.193218012208356
2619.808998958364,2.1905150174841137
2633.8090004004453,2.107111002105551
2634.0089992068324,2.1032500228158897
2634.2090008463856,2.1055670226849923
2635.4089993510406,2.0974580052626424
2635.808999796981,2.0959140258420845
2638.4090012790098,2.078538006431965
2638.8089988917845,2.0789240012871057
2639.608999783665,2.070429022259238
2640.2089990359927,2.070429022259238
2641.2089987342606,2.0642510098508513
2641.608999180201,2.0630920277967895
2643.209000963961,2.0515090234285607
2643.609001409902,2.0515090234285607
2644.6090011081697,2.044172028966112
2645.408999166885,2.040311016426828
2646.408998865153,2.034133004018442
2647.0090009506457,2.0318160041493396
2649.409000793122,2.0167570178579455
2649.809001239062,2.0167570178579455
2650.80900093733,2.007876010725316
2651.809000635598,2.0047870211459338
2652.4089998879253,1.999767026552588
2653.408999586193,1.9970639985787244
2654.008998838521,1.992817024433922
2655.2090001763418,1.9835500224461535
2655.4089989827294,1.9877970298405767
2655.609000622282,1.9847080070115735
2656.2089998746096,1.9793020175630875
2657.808998825205,1.9711940308790021
2659.208998969413,1.9619260314025908
2660.008999861294,1.9557480189942043
2660.2090015008466,1.9572930291530275
2660.8090007531746,1.9530450242699624
2661.2090011991145,1.9518870064549212
2663.808999847978,1.9360560304532477
2664.0090014875304,1.9376000098738073
2664.4089991003057,1.9310360026102806
2664.6090007398584,1.9341250254392852
2665.0090011857983,1.9267890284654787
2665.408998798573,1.9264020028720754
2666.009000884066,1.9221550287272735
2666.208999690454,1.9240860004916147
2667.0090005823345,1.9159770163188874
2667.6089998346624,1.9155910214637473
2669.4090004248105,1.9047790093171553
2669.608999231198,1.9051650041722947
2669.8090008707504,1.9013040248826325
2669.8090008707504,1.9013040248826325
